==============================================================================
Re-evaluating saved models on a FIXED trajectory seed
==============================================================================
  root       : /Users/xarisk/Documents/PhD King's College London/v4_gym/saife_gym/SAiFE_gym/notebooks/results_with_seeds
  eval seed  : 1005  (fixed for every run)
  agents     : PPO, PPO_narrow, DeployNarrow, DeployWide, ArrivalRebalance, CDM
  out csv    : reevaluated_paired.csv

Found 180 run(s) with saved models.
Training seeds present: [2, 4, 6, 8, 10, 12, 14, 16, 18, 20]
--cells: 60 run(s) in 6 cell(s).

--baselines-once: 3 distinct baseline configuration(s) across 60 run(s); each baseline is evaluated 3 time(s) and reused elsewhere.

[1/60] GAS_COST=2/SEED=10/36073252_24   seed=10 vol=0.01 gas=2 phi=0 n_eval=1000
   PPO          mean=  +41.94 std=  17.67 [P5  +14.36, P95  +71.25] (45.5s)
   PPO_narrow   mean=  +49.39 std=  20.66 [P5  +14.86, P95  +84.04] (47.4s)
   DeployNarrow mean=  +15.85 std=  16.96 [P5   -8.71, P95  +46.93] (44.7s)
   DeployWide   mean=  +12.78 std=  13.92 [P5   -9.37, P95  +37.77] (43.6s)
   ArrivalRebalance mean=  +30.61 std=  19.34 [P5   +1.27, P95  +66.10] (110.9s)
   CDM          mean=  +24.56 std=  11.80 [P5   +4.11, P95  +42.87] (166.2s)

  ---------------------------------------------------------------------------------------------------------------------------------
  Agent              |      Mean |       Std |    Median |        P5 |       P95 |    Skew |    Kurt |  Profit |   Spread |  Reb/ep
  ---------------------------------------------------------------------------------------------------------------------------------
  PPO                |    +41.94 |     17.67 |    +41.94 |    +14.36 |    +71.25 |   +0.02 |   +0.04 |   98.9% |    5.172 |    6.27
  PPO_narrow         |    +49.39 |     20.66 |    +48.56 |    +14.86 |    +84.04 |   +0.13 |   -0.08 |   99.4% |    2.000 |    7.54
  DeployNarrow       |    +15.85 |     16.96 |    +13.60 |     -8.71 |    +46.93 |   +0.59 |   +0.63 |   85.3% |    2.000 |    0.00
  DeployWide         |    +12.78 |     13.92 |    +11.96 |     -9.37 |    +37.77 |   +0.16 |   +0.04 |   83.8% |   30.000 |    0.00
  ArrivalRebalance   |    +30.61 |     19.34 |    +29.37 |     +1.27 |    +66.10 |   +0.50 |   +0.47 |   95.6% |    2.000 |    4.51
  CDM                |    +24.56 |     11.80 |    +25.23 |     +4.11 |    +42.87 |   -0.39 |   +0.31 |   97.3% |   29.914 |    7.58
  ---------------------------------------------------------------------------------------------------------------------------------

[2/60] GAS_COST=2/SEED=10/36073252_25   seed=10 vol=0.01 gas=2 phi=50 n_eval=1000
   PPO          mean=  +32.10 std=  14.52 [P5   +9.03, P95  +56.73] (45.8s)
   PPO_narrow   mean=  +46.76 std=  19.79 [P5  +15.89, P95  +81.88] (45.0s)
   DeployNarrow reused from 36073252_24
   DeployWide   reused from 36073252_24
   ArrivalRebalance reused from 36073252_24
   CDM          reused from 36073252_24

  ---------------------------------------------------------------------------------------------------------------------------------
  Agent              |      Mean |       Std |    Median |        P5 |       P95 |    Skew |    Kurt |  Profit |   Spread |  Reb/ep
  ---------------------------------------------------------------------------------------------------------------------------------
  PPO                |    +32.10 |     14.52 |    +31.62 |     +9.03 |    +56.73 |   +0.26 |   +0.04 |   99.5% |   10.601 |    5.08
  PPO_narrow         |    +46.76 |     19.79 |    +44.93 |    +15.89 |    +81.88 |   +0.21 |   -0.16 |   99.6% |    2.000 |    6.56
  DeployNarrow       |    +15.85 |     16.96 |    +13.60 |     -8.71 |    +46.93 |   +0.59 |   +0.63 |   85.3% |    2.000 |    0.00
  DeployWide         |    +12.78 |     13.92 |    +11.96 |     -9.37 |    +37.77 |   +0.16 |   +0.04 |   83.8% |   30.000 |    0.00
  ArrivalRebalance   |    +30.61 |     19.34 |    +29.37 |     +1.27 |    +66.10 |   +0.50 |   +0.47 |   95.6% |    2.000 |    4.51
  CDM                |    +24.56 |     11.80 |    +25.23 |     +4.11 |    +42.87 |   -0.39 |   +0.31 |   97.3% |   29.914 |    7.58
  ---------------------------------------------------------------------------------------------------------------------------------

[3/60] GAS_COST=2/SEED=12/36160714_0   seed=12 vol=0.01 gas=2 phi=0 n_eval=1000
   PPO          mean=  +44.09 std=  19.28 [P5  +12.87, P95  +77.33] (45.2s)
   PPO_narrow   mean=  +50.34 std=  21.20 [P5  +17.65, P95  +84.81] (45.0s)
   DeployNarrow reused from 36073252_24
   DeployWide   reused from 36073252_24
   ArrivalRebalance reused from 36073252_24
   CDM          reused from 36073252_24

  ---------------------------------------------------------------------------------------------------------------------------------
  Agent              |      Mean |       Std |    Median |        P5 |       P95 |    Skew |    Kurt |  Profit |   Spread |  Reb/ep
  ---------------------------------------------------------------------------------------------------------------------------------
  PPO                |    +44.09 |     19.28 |    +43.13 |    +12.87 |    +77.33 |   +0.16 |   -0.10 |   99.3% |    3.523 |    6.02
  PPO_narrow         |    +50.34 |     21.20 |    +48.66 |    +17.65 |    +84.81 |   +0.15 |   -0.30 |   99.6% |    2.000 |    7.67
  DeployNarrow       |    +15.85 |     16.96 |    +13.60 |     -8.71 |    +46.93 |   +0.59 |   +0.63 |   85.3% |    2.000 |    0.00
  DeployWide         |    +12.78 |     13.92 |    +11.96 |     -9.37 |    +37.77 |   +0.16 |   +0.04 |   83.8% |   30.000 |    0.00
  ArrivalRebalance   |    +30.61 |     19.34 |    +29.37 |     +1.27 |    +66.10 |   +0.50 |   +0.47 |   95.6% |    2.000 |    4.51
  CDM                |    +24.56 |     11.80 |    +25.23 |     +4.11 |    +42.87 |   -0.39 |   +0.31 |   97.3% |   29.914 |    7.58
  ---------------------------------------------------------------------------------------------------------------------------------

[4/60] GAS_COST=2/SEED=12/36160714_1   seed=12 vol=0.01 gas=2 phi=50 n_eval=1000
   PPO          mean=  +28.14 std=  14.06 [P5   +5.66, P95  +51.56] (44.9s)
   PPO_narrow   mean=  +44.89 std=  19.09 [P5  +16.07, P95  +77.97] (45.2s)
   DeployNarrow reused from 36073252_24
   DeployWide   reused from 36073252_24
   ArrivalRebalance reused from 36073252_24
   CDM          reused from 36073252_24

  ---------------------------------------------------------------------------------------------------------------------------------
  Agent              |      Mean |       Std |    Median |        P5 |       P95 |    Skew |    Kurt |  Profit |   Spread |  Reb/ep
  ---------------------------------------------------------------------------------------------------------------------------------
  PPO                |    +28.14 |     14.06 |    +27.66 |     +5.66 |    +51.56 |   +0.24 |   -0.10 |   99.1% |   13.743 |    4.06
  PPO_narrow         |    +44.89 |     19.09 |    +44.00 |    +16.07 |    +77.97 |   +0.27 |   +0.03 |   99.6% |    2.000 |    6.25
  DeployNarrow       |    +15.85 |     16.96 |    +13.60 |     -8.71 |    +46.93 |   +0.59 |   +0.63 |   85.3% |    2.000 |    0.00
  DeployWide         |    +12.78 |     13.92 |    +11.96 |     -9.37 |    +37.77 |   +0.16 |   +0.04 |   83.8% |   30.000 |    0.00
  ArrivalRebalance   |    +30.61 |     19.34 |    +29.37 |     +1.27 |    +66.10 |   +0.50 |   +0.47 |   95.6% |    2.000 |    4.51
  CDM                |    +24.56 |     11.80 |    +25.23 |     +4.11 |    +42.87 |   -0.39 |   +0.31 |   97.3% |   29.914 |    7.58
  ---------------------------------------------------------------------------------------------------------------------------------

[5/60] GAS_COST=2/SEED=14/36160714_6   seed=14 vol=0.01 gas=2 phi=0 n_eval=1000
   PPO          mean=  +42.45 std=  17.95 [P5  +13.13, P95  +71.93] (44.3s)
   PPO_narrow   mean=  +50.21 std=  20.77 [P5  +17.66, P95  +84.65] (45.0s)
   DeployNarrow reused from 36073252_24
   DeployWide   reused from 36073252_24
   ArrivalRebalance reused from 36073252_24
   CDM          reused from 36073252_24

  ---------------------------------------------------------------------------------------------------------------------------------
  Agent              |      Mean |       Std |    Median |        P5 |       P95 |    Skew |    Kurt |  Profit |   Spread |  Reb/ep
  ---------------------------------------------------------------------------------------------------------------------------------
  PPO                |    +42.45 |     17.95 |    +42.23 |    +13.13 |    +71.93 |   +0.08 |   +0.01 |   99.2% |    4.043 |    5.93
  PPO_narrow         |    +50.21 |     20.77 |    +49.26 |    +17.66 |    +84.65 |   +0.19 |   +0.06 |   99.6% |    1.999 |    7.62
  DeployNarrow       |    +15.85 |     16.96 |    +13.60 |     -8.71 |    +46.93 |   +0.59 |   +0.63 |   85.3% |    2.000 |    0.00
  DeployWide         |    +12.78 |     13.92 |    +11.96 |     -9.37 |    +37.77 |   +0.16 |   +0.04 |   83.8% |   30.000 |    0.00
  ArrivalRebalance   |    +30.61 |     19.34 |    +29.37 |     +1.27 |    +66.10 |   +0.50 |   +0.47 |   95.6% |    2.000 |    4.51
  CDM                |    +24.56 |     11.80 |    +25.23 |     +4.11 |    +42.87 |   -0.39 |   +0.31 |   97.3% |   29.914 |    7.58
  ---------------------------------------------------------------------------------------------------------------------------------

[6/60] GAS_COST=2/SEED=14/36160714_7   seed=14 vol=0.01 gas=2 phi=50 n_eval=1000
   PPO          mean=  +28.70 std=  14.77 [P5   +6.99, P95  +54.54] (45.1s)
   PPO_narrow   mean=  +46.62 std=  19.70 [P5  +16.49, P95  +81.54] (45.4s)
   DeployNarrow reused from 36073252_24
   DeployWide   reused from 36073252_24
   ArrivalRebalance reused from 36073252_24
   CDM          reused from 36073252_24

  ---------------------------------------------------------------------------------------------------------------------------------
  Agent              |      Mean |       Std |    Median |        P5 |       P95 |    Skew |    Kurt |  Profit |   Spread |  Reb/ep
  ---------------------------------------------------------------------------------------------------------------------------------
  PPO                |    +28.70 |     14.77 |    +27.55 |     +6.99 |    +54.54 |   +0.48 |   +0.51 |   98.6% |   13.339 |    4.87
  PPO_narrow         |    +46.62 |     19.70 |    +45.28 |    +16.49 |    +81.54 |   +0.23 |   -0.15 |   99.6% |    1.984 |    6.66
  DeployNarrow       |    +15.85 |     16.96 |    +13.60 |     -8.71 |    +46.93 |   +0.59 |   +0.63 |   85.3% |    2.000 |    0.00
  DeployWide         |    +12.78 |     13.92 |    +11.96 |     -9.37 |    +37.77 |   +0.16 |   +0.04 |   83.8% |   30.000 |    0.00
  ArrivalRebalance   |    +30.61 |     19.34 |    +29.37 |     +1.27 |    +66.10 |   +0.50 |   +0.47 |   95.6% |    2.000 |    4.51
  CDM                |    +24.56 |     11.80 |    +25.23 |     +4.11 |    +42.87 |   -0.39 |   +0.31 |   97.3% |   29.914 |    7.58
  ---------------------------------------------------------------------------------------------------------------------------------

[7/60] GAS_COST=2/SEED=16/36160714_12   seed=16 vol=0.01 gas=2 phi=0 n_eval=1000
   PPO          mean=  +43.15 std=  17.35 [P5  +14.71, P95  +72.27] (45.3s)
   PPO_narrow   mean=  +49.85 std=  20.50 [P5  +18.33, P95  +84.17] (45.7s)
   DeployNarrow reused from 36073252_24
   DeployWide   reused from 36073252_24
   ArrivalRebalance reused from 36073252_24
   CDM          reused from 36073252_24

  ---------------------------------------------------------------------------------------------------------------------------------
  Agent              |      Mean |       Std |    Median |        P5 |       P95 |    Skew |    Kurt |  Profit |   Spread |  Reb/ep
  ---------------------------------------------------------------------------------------------------------------------------------
  PPO                |    +43.15 |     17.35 |    +43.27 |    +14.71 |    +72.27 |   -0.01 |   -0.06 |   99.5% |    4.665 |    6.32
  PPO_narrow         |    +49.85 |     20.50 |    +49.06 |    +18.33 |    +84.17 |   +0.11 |   -0.12 |   99.5% |    2.000 |    7.76
  DeployNarrow       |    +15.85 |     16.96 |    +13.60 |     -8.71 |    +46.93 |   +0.59 |   +0.63 |   85.3% |    2.000 |    0.00
  DeployWide         |    +12.78 |     13.92 |    +11.96 |     -9.37 |    +37.77 |   +0.16 |   +0.04 |   83.8% |   30.000 |    0.00
  ArrivalRebalance   |    +30.61 |     19.34 |    +29.37 |     +1.27 |    +66.10 |   +0.50 |   +0.47 |   95.6% |    2.000 |    4.51
  CDM                |    +24.56 |     11.80 |    +25.23 |     +4.11 |    +42.87 |   -0.39 |   +0.31 |   97.3% |   29.914 |    7.58
  ---------------------------------------------------------------------------------------------------------------------------------

[8/60] GAS_COST=2/SEED=16/36160714_13   seed=16 vol=0.01 gas=2 phi=50 n_eval=1000
   PPO          mean=  +31.71 std=  14.68 [P5   +8.17, P95  +56.05] (49.9s)
   PPO_narrow   mean=  +46.84 std=  19.32 [P5  +16.77, P95  +78.90] (47.3s)
   DeployNarrow reused from 36073252_24
   DeployWide   reused from 36073252_24
   ArrivalRebalance reused from 36073252_24
   CDM          reused from 36073252_24

  ---------------------------------------------------------------------------------------------------------------------------------
  Agent              |      Mean |       Std |    Median |        P5 |       P95 |    Skew |    Kurt |  Profit |   Spread |  Reb/ep
  ---------------------------------------------------------------------------------------------------------------------------------
  PPO                |    +31.71 |     14.68 |    +31.28 |     +8.17 |    +56.05 |   +0.11 |   +0.15 |   98.1% |   11.854 |    5.28
  PPO_narrow         |    +46.84 |     19.32 |    +45.86 |    +16.77 |    +78.90 |   +0.18 |   -0.17 |   99.6% |    2.000 |    6.85
  DeployNarrow       |    +15.85 |     16.96 |    +13.60 |     -8.71 |    +46.93 |   +0.59 |   +0.63 |   85.3% |    2.000 |    0.00
  DeployWide         |    +12.78 |     13.92 |    +11.96 |     -9.37 |    +37.77 |   +0.16 |   +0.04 |   83.8% |   30.000 |    0.00
  ArrivalRebalance   |    +30.61 |     19.34 |    +29.37 |     +1.27 |    +66.10 |   +0.50 |   +0.47 |   95.6% |    2.000 |    4.51
  CDM                |    +24.56 |     11.80 |    +25.23 |     +4.11 |    +42.87 |   -0.39 |   +0.31 |   97.3% |   29.914 |    7.58
  ---------------------------------------------------------------------------------------------------------------------------------

[9/60] GAS_COST=2/SEED=18/36160714_18   seed=18 vol=0.01 gas=2 phi=0 n_eval=1000
   PPO          mean=  +42.51 std=  17.71 [P5  +13.72, P95  +72.04] (45.2s)
   PPO_narrow   mean=  +49.38 std=  20.73 [P5  +16.10, P95  +85.21] (45.9s)
   DeployNarrow reused from 36073252_24
   DeployWide   reused from 36073252_24
   ArrivalRebalance reused from 36073252_24
   CDM          reused from 36073252_24

  ---------------------------------------------------------------------------------------------------------------------------------
  Agent              |      Mean |       Std |    Median |        P5 |       P95 |    Skew |    Kurt |  Profit |   Spread |  Reb/ep
  ---------------------------------------------------------------------------------------------------------------------------------
  PPO                |    +42.51 |     17.71 |    +42.16 |    +13.72 |    +72.04 |   +0.02 |   -0.08 |   99.2% |    4.127 |    6.09
  PPO_narrow         |    +49.38 |     20.73 |    +48.80 |    +16.10 |    +85.21 |   +0.10 |   -0.22 |   99.3% |    1.986 |    7.28
  DeployNarrow       |    +15.85 |     16.96 |    +13.60 |     -8.71 |    +46.93 |   +0.59 |   +0.63 |   85.3% |    2.000 |    0.00
  DeployWide         |    +12.78 |     13.92 |    +11.96 |     -9.37 |    +37.77 |   +0.16 |   +0.04 |   83.8% |   30.000 |    0.00
  ArrivalRebalance   |    +30.61 |     19.34 |    +29.37 |     +1.27 |    +66.10 |   +0.50 |   +0.47 |   95.6% |    2.000 |    4.51
  CDM                |    +24.56 |     11.80 |    +25.23 |     +4.11 |    +42.87 |   -0.39 |   +0.31 |   97.3% |   29.914 |    7.58
  ---------------------------------------------------------------------------------------------------------------------------------

[10/60] GAS_COST=2/SEED=18/36160714_19   seed=18 vol=0.01 gas=2 phi=50 n_eval=1000
   PPO          mean=  +29.75 std=  13.82 [P5   +8.30, P95  +52.68] (45.7s)
   PPO_narrow   mean=  +46.36 std=  19.65 [P5  +16.60, P95  +80.76] (45.3s)
   DeployNarrow reused from 36073252_24
   DeployWide   reused from 36073252_24
   ArrivalRebalance reused from 36073252_24
   CDM          reused from 36073252_24

  ---------------------------------------------------------------------------------------------------------------------------------
  Agent              |      Mean |       Std |    Median |        P5 |       P95 |    Skew |    Kurt |  Profit |   Spread |  Reb/ep
  ---------------------------------------------------------------------------------------------------------------------------------
  PPO                |    +29.75 |     13.82 |    +29.58 |     +8.30 |    +52.68 |   +0.18 |   +0.11 |   98.7% |   14.518 |    4.45
  PPO_narrow         |    +46.36 |     19.65 |    +44.62 |    +16.60 |    +80.76 |   +0.25 |   -0.18 |   99.4% |    2.000 |    6.48
  DeployNarrow       |    +15.85 |     16.96 |    +13.60 |     -8.71 |    +46.93 |   +0.59 |   +0.63 |   85.3% |    2.000 |    0.00
  DeployWide         |    +12.78 |     13.92 |    +11.96 |     -9.37 |    +37.77 |   +0.16 |   +0.04 |   83.8% |   30.000 |    0.00
  ArrivalRebalance   |    +30.61 |     19.34 |    +29.37 |     +1.27 |    +66.10 |   +0.50 |   +0.47 |   95.6% |    2.000 |    4.51
  CDM                |    +24.56 |     11.80 |    +25.23 |     +4.11 |    +42.87 |   -0.39 |   +0.31 |   97.3% |   29.914 |    7.58
  ---------------------------------------------------------------------------------------------------------------------------------

[11/60] GAS_COST=2/SEED=2/36073252_0   seed=2 vol=0.01 gas=2 phi=0 n_eval=1000
   PPO          mean=  +40.44 std=  17.93 [P5  +11.92, P95  +71.07] (46.9s)
   PPO_narrow   mean=  +50.33 std=  21.35 [P5  +17.21, P95  +85.43] (44.1s)
   DeployNarrow reused from 36073252_24
   DeployWide   reused from 36073252_24
   ArrivalRebalance reused from 36073252_24
   CDM          reused from 36073252_24

  ---------------------------------------------------------------------------------------------------------------------------------
  Agent              |      Mean |       Std |    Median |        P5 |       P95 |    Skew |    Kurt |  Profit |   Spread |  Reb/ep
  ---------------------------------------------------------------------------------------------------------------------------------
  PPO                |    +40.44 |     17.93 |    +39.73 |    +11.92 |    +71.07 |   +0.17 |   -0.10 |   98.9% |    6.555 |    6.21
  PPO_narrow         |    +50.33 |     21.35 |    +49.95 |    +17.21 |    +85.43 |   +0.10 |   +0.10 |   99.3% |    1.999 |    7.77
  DeployNarrow       |    +15.85 |     16.96 |    +13.60 |     -8.71 |    +46.93 |   +0.59 |   +0.63 |   85.3% |    2.000 |    0.00
  DeployWide         |    +12.78 |     13.92 |    +11.96 |     -9.37 |    +37.77 |   +0.16 |   +0.04 |   83.8% |   30.000 |    0.00
  ArrivalRebalance   |    +30.61 |     19.34 |    +29.37 |     +1.27 |    +66.10 |   +0.50 |   +0.47 |   95.6% |    2.000 |    4.51
  CDM                |    +24.56 |     11.80 |    +25.23 |     +4.11 |    +42.87 |   -0.39 |   +0.31 |   97.3% |   29.914 |    7.58
  ---------------------------------------------------------------------------------------------------------------------------------

[12/60] GAS_COST=2/SEED=2/36073252_1   seed=2 vol=0.01 gas=2 phi=50 n_eval=1000
   PPO          mean=  +32.78 std=  14.67 [P5   +9.96, P95  +57.73] (44.9s)
   PPO_narrow   mean=  +46.38 std=  20.11 [P5  +15.48, P95  +80.50] (45.2s)
   DeployNarrow reused from 36073252_24
   DeployWide   reused from 36073252_24
   ArrivalRebalance reused from 36073252_24
   CDM          reused from 36073252_24

  ---------------------------------------------------------------------------------------------------------------------------------
  Agent              |      Mean |       Std |    Median |        P5 |       P95 |    Skew |    Kurt |  Profit |   Spread |  Reb/ep
  ---------------------------------------------------------------------------------------------------------------------------------
  PPO                |    +32.78 |     14.67 |    +32.39 |     +9.96 |    +57.73 |   +0.33 |   -0.02 |   99.7% |   12.154 |    5.21
  PPO_narrow         |    +46.38 |     20.11 |    +45.32 |    +15.48 |    +80.50 |   +0.29 |   +0.06 |   99.5% |    2.000 |    7.44
  DeployNarrow       |    +15.85 |     16.96 |    +13.60 |     -8.71 |    +46.93 |   +0.59 |   +0.63 |   85.3% |    2.000 |    0.00
  DeployWide         |    +12.78 |     13.92 |    +11.96 |     -9.37 |    +37.77 |   +0.16 |   +0.04 |   83.8% |   30.000 |    0.00
  ArrivalRebalance   |    +30.61 |     19.34 |    +29.37 |     +1.27 |    +66.10 |   +0.50 |   +0.47 |   95.6% |    2.000 |    4.51
  CDM                |    +24.56 |     11.80 |    +25.23 |     +4.11 |    +42.87 |   -0.39 |   +0.31 |   97.3% |   29.914 |    7.58
  ---------------------------------------------------------------------------------------------------------------------------------

[13/60] GAS_COST=2/SEED=20/36160714_24   seed=20 vol=0.01 gas=2 phi=0 n_eval=1000
   PPO          mean=  +42.31 std=  18.68 [P5  +13.57, P95  +73.42] (45.8s)
   PPO_narrow   mean=  +50.24 std=  20.88 [P5  +18.98, P95  +85.62] (45.3s)
   DeployNarrow reused from 36073252_24
   DeployWide   reused from 36073252_24
   ArrivalRebalance reused from 36073252_24
   CDM          reused from 36073252_24

  ---------------------------------------------------------------------------------------------------------------------------------
  Agent              |      Mean |       Std |    Median |        P5 |       P95 |    Skew |    Kurt |  Profit |   Spread |  Reb/ep
  ---------------------------------------------------------------------------------------------------------------------------------
  PPO                |    +42.31 |     18.68 |    +41.30 |    +13.57 |    +73.42 |   +0.05 |   -0.18 |   98.7% |    4.242 |    6.20
  PPO_narrow         |    +50.24 |     20.88 |    +49.90 |    +18.98 |    +85.62 |   +0.10 |   -0.17 |   99.3% |    1.992 |    7.71
  DeployNarrow       |    +15.85 |     16.96 |    +13.60 |     -8.71 |    +46.93 |   +0.59 |   +0.63 |   85.3% |    2.000 |    0.00
  DeployWide         |    +12.78 |     13.92 |    +11.96 |     -9.37 |    +37.77 |   +0.16 |   +0.04 |   83.8% |   30.000 |    0.00
  ArrivalRebalance   |    +30.61 |     19.34 |    +29.37 |     +1.27 |    +66.10 |   +0.50 |   +0.47 |   95.6% |    2.000 |    4.51
  CDM                |    +24.56 |     11.80 |    +25.23 |     +4.11 |    +42.87 |   -0.39 |   +0.31 |   97.3% |   29.914 |    7.58
  ---------------------------------------------------------------------------------------------------------------------------------

[14/60] GAS_COST=2/SEED=20/36160714_25   seed=20 vol=0.01 gas=2 phi=50 n_eval=1000
   PPO          mean=  +31.24 std=  15.22 [P5   +7.73, P95  +57.28] (47.5s)
   PPO_narrow   mean=  +45.47 std=  18.83 [P5  +16.33, P95  +77.45] (49.7s)
   DeployNarrow reused from 36073252_24
   DeployWide   reused from 36073252_24
   ArrivalRebalance reused from 36073252_24
   CDM          reused from 36073252_24

  ---------------------------------------------------------------------------------------------------------------------------------
  Agent              |      Mean |       Std |    Median |        P5 |       P95 |    Skew |    Kurt |  Profit |   Spread |  Reb/ep
  ---------------------------------------------------------------------------------------------------------------------------------
  PPO                |    +31.24 |     15.22 |    +30.19 |     +7.73 |    +57.28 |   +0.44 |   +0.23 |   99.3% |   10.010 |    4.61
  PPO_narrow         |    +45.47 |     18.83 |    +44.49 |    +16.33 |    +77.45 |   +0.13 |   -0.29 |   99.6% |    2.000 |    6.43
  DeployNarrow       |    +15.85 |     16.96 |    +13.60 |     -8.71 |    +46.93 |   +0.59 |   +0.63 |   85.3% |    2.000 |    0.00
  DeployWide         |    +12.78 |     13.92 |    +11.96 |     -9.37 |    +37.77 |   +0.16 |   +0.04 |   83.8% |   30.000 |    0.00
  ArrivalRebalance   |    +30.61 |     19.34 |    +29.37 |     +1.27 |    +66.10 |   +0.50 |   +0.47 |   95.6% |    2.000 |    4.51
  CDM                |    +24.56 |     11.80 |    +25.23 |     +4.11 |    +42.87 |   -0.39 |   +0.31 |   97.3% |   29.914 |    7.58
  ---------------------------------------------------------------------------------------------------------------------------------

[15/60] GAS_COST=2/SEED=4/36073252_6   seed=4 vol=0.01 gas=2 phi=0 n_eval=1000
   PPO          mean=  +42.68 std=  19.43 [P5  +11.68, P95  +75.49] (47.5s)
   PPO_narrow   mean=  +49.58 std=  20.57 [P5  +17.57, P95  +83.82] (45.6s)
   DeployNarrow reused from 36073252_24
   DeployWide   reused from 36073252_24
   ArrivalRebalance reused from 36073252_24
   CDM          reused from 36073252_24

  ---------------------------------------------------------------------------------------------------------------------------------
  Agent              |      Mean |       Std |    Median |        P5 |       P95 |    Skew |    Kurt |  Profit |   Spread |  Reb/ep
  ---------------------------------------------------------------------------------------------------------------------------------
  PPO                |    +42.68 |     19.43 |    +42.64 |    +11.68 |    +75.49 |   +0.12 |   -0.14 |   98.9% |    3.867 |    6.29
  PPO_narrow         |    +49.58 |     20.57 |    +48.30 |    +17.57 |    +83.82 |   +0.17 |   -0.23 |   99.7% |    1.978 |    7.38
  DeployNarrow       |    +15.85 |     16.96 |    +13.60 |     -8.71 |    +46.93 |   +0.59 |   +0.63 |   85.3% |    2.000 |    0.00
  DeployWide         |    +12.78 |     13.92 |    +11.96 |     -9.37 |    +37.77 |   +0.16 |   +0.04 |   83.8% |   30.000 |    0.00
  ArrivalRebalance   |    +30.61 |     19.34 |    +29.37 |     +1.27 |    +66.10 |   +0.50 |   +0.47 |   95.6% |    2.000 |    4.51
  CDM                |    +24.56 |     11.80 |    +25.23 |     +4.11 |    +42.87 |   -0.39 |   +0.31 |   97.3% |   29.914 |    7.58
  ---------------------------------------------------------------------------------------------------------------------------------

[16/60] GAS_COST=2/SEED=4/36073252_7   seed=4 vol=0.01 gas=2 phi=50 n_eval=1000
   PPO          mean=  +30.33 std=  14.67 [P5   +8.98, P95  +56.89] (45.2s)
   PPO_narrow   mean=  +46.25 std=  19.55 [P5  +16.14, P95  +79.84] (46.6s)
   DeployNarrow reused from 36073252_24
   DeployWide   reused from 36073252_24
   ArrivalRebalance reused from 36073252_24
   CDM          reused from 36073252_24

  ---------------------------------------------------------------------------------------------------------------------------------
  Agent              |      Mean |       Std |    Median |        P5 |       P95 |    Skew |    Kurt |  Profit |   Spread |  Reb/ep
  ---------------------------------------------------------------------------------------------------------------------------------
  PPO                |    +30.33 |     14.67 |    +29.04 |     +8.98 |    +56.89 |   +0.43 |   +0.11 |   99.2% |   12.536 |    5.02
  PPO_narrow         |    +46.25 |     19.55 |    +45.00 |    +16.14 |    +79.84 |   +0.26 |   -0.16 |   99.6% |    2.000 |    7.00
  DeployNarrow       |    +15.85 |     16.96 |    +13.60 |     -8.71 |    +46.93 |   +0.59 |   +0.63 |   85.3% |    2.000 |    0.00
  DeployWide         |    +12.78 |     13.92 |    +11.96 |     -9.37 |    +37.77 |   +0.16 |   +0.04 |   83.8% |   30.000 |    0.00
  ArrivalRebalance   |    +30.61 |     19.34 |    +29.37 |     +1.27 |    +66.10 |   +0.50 |   +0.47 |   95.6% |    2.000 |    4.51
  CDM                |    +24.56 |     11.80 |    +25.23 |     +4.11 |    +42.87 |   -0.39 |   +0.31 |   97.3% |   29.914 |    7.58
  ---------------------------------------------------------------------------------------------------------------------------------

[17/60] GAS_COST=2/SEED=6/36073252_12   seed=6 vol=0.01 gas=2 phi=0 n_eval=1000
   PPO          mean=  +41.91 std=  18.03 [P5  +13.43, P95  +72.58] (47.9s)
   PPO_narrow   mean=  +49.70 std=  20.79 [P5  +17.74, P95  +84.10] (44.8s)
   DeployNarrow reused from 36073252_24
   DeployWide   reused from 36073252_24
   ArrivalRebalance reused from 36073252_24
   CDM          reused from 36073252_24

  ---------------------------------------------------------------------------------------------------------------------------------
  Agent              |      Mean |       Std |    Median |        P5 |       P95 |    Skew |    Kurt |  Profit |   Spread |  Reb/ep
  ---------------------------------------------------------------------------------------------------------------------------------
  PPO                |    +41.91 |     18.03 |    +41.04 |    +13.43 |    +72.58 |   +0.13 |   +0.02 |   99.5% |    4.817 |    6.16
  PPO_narrow         |    +49.70 |     20.79 |    +48.30 |    +17.74 |    +84.10 |   +0.19 |   +0.07 |   99.4% |    1.997 |    7.82
  DeployNarrow       |    +15.85 |     16.96 |    +13.60 |     -8.71 |    +46.93 |   +0.59 |   +0.63 |   85.3% |    2.000 |    0.00
  DeployWide         |    +12.78 |     13.92 |    +11.96 |     -9.37 |    +37.77 |   +0.16 |   +0.04 |   83.8% |   30.000 |    0.00
  ArrivalRebalance   |    +30.61 |     19.34 |    +29.37 |     +1.27 |    +66.10 |   +0.50 |   +0.47 |   95.6% |    2.000 |    4.51
  CDM                |    +24.56 |     11.80 |    +25.23 |     +4.11 |    +42.87 |   -0.39 |   +0.31 |   97.3% |   29.914 |    7.58
  ---------------------------------------------------------------------------------------------------------------------------------

[18/60] GAS_COST=2/SEED=6/36073252_13   seed=6 vol=0.01 gas=2 phi=50 n_eval=1000
   PPO          mean=  +30.34 std=  14.75 [P5   +7.46, P95  +55.66] (44.5s)
   PPO_narrow   mean=  +45.26 std=  19.41 [P5  +15.02, P95  +78.83] (44.4s)
   DeployNarrow reused from 36073252_24
   DeployWide   reused from 36073252_24
   ArrivalRebalance reused from 36073252_24
   CDM          reused from 36073252_24

  ---------------------------------------------------------------------------------------------------------------------------------
  Agent              |      Mean |       Std |    Median |        P5 |       P95 |    Skew |    Kurt |  Profit |   Spread |  Reb/ep
  ---------------------------------------------------------------------------------------------------------------------------------
  PPO                |    +30.34 |     14.75 |    +30.03 |     +7.46 |    +55.66 |   +0.24 |   +0.07 |   98.6% |   12.639 |    4.67
  PPO_narrow         |    +45.26 |     19.41 |    +44.07 |    +15.02 |    +78.83 |   +0.24 |   +0.13 |   99.3% |    1.996 |    7.09
  DeployNarrow       |    +15.85 |     16.96 |    +13.60 |     -8.71 |    +46.93 |   +0.59 |   +0.63 |   85.3% |    2.000 |    0.00
  DeployWide         |    +12.78 |     13.92 |    +11.96 |     -9.37 |    +37.77 |   +0.16 |   +0.04 |   83.8% |   30.000 |    0.00
  ArrivalRebalance   |    +30.61 |     19.34 |    +29.37 |     +1.27 |    +66.10 |   +0.50 |   +0.47 |   95.6% |    2.000 |    4.51
  CDM                |    +24.56 |     11.80 |    +25.23 |     +4.11 |    +42.87 |   -0.39 |   +0.31 |   97.3% |   29.914 |    7.58
  ---------------------------------------------------------------------------------------------------------------------------------

[19/60] GAS_COST=2/SEED=8/36152895_0   seed=8 vol=0.01 gas=2 phi=0 n_eval=1000
   PPO          mean=  +41.56 std=  17.50 [P5  +12.40, P95  +70.78] (44.9s)
   PPO_narrow   mean=  +50.11 std=  21.20 [P5  +15.97, P95  +85.18] (44.8s)
   DeployNarrow reused from 36073252_24
   DeployWide   reused from 36073252_24
   ArrivalRebalance reused from 36073252_24
   CDM          reused from 36073252_24

  ---------------------------------------------------------------------------------------------------------------------------------
  Agent              |      Mean |       Std |    Median |        P5 |       P95 |    Skew |    Kurt |  Profit |   Spread |  Reb/ep
  ---------------------------------------------------------------------------------------------------------------------------------
  PPO                |    +41.56 |     17.50 |    +40.56 |    +12.40 |    +70.78 |   +0.08 |   +0.00 |   99.5% |    5.255 |    6.09
  PPO_narrow         |    +50.11 |     21.20 |    +49.53 |    +15.97 |    +85.18 |   +0.14 |   -0.13 |   99.5% |    1.999 |    7.29
  DeployNarrow       |    +15.85 |     16.96 |    +13.60 |     -8.71 |    +46.93 |   +0.59 |   +0.63 |   85.3% |    2.000 |    0.00
  DeployWide         |    +12.78 |     13.92 |    +11.96 |     -9.37 |    +37.77 |   +0.16 |   +0.04 |   83.8% |   30.000 |    0.00
  ArrivalRebalance   |    +30.61 |     19.34 |    +29.37 |     +1.27 |    +66.10 |   +0.50 |   +0.47 |   95.6% |    2.000 |    4.51
  CDM                |    +24.56 |     11.80 |    +25.23 |     +4.11 |    +42.87 |   -0.39 |   +0.31 |   97.3% |   29.914 |    7.58
  ---------------------------------------------------------------------------------------------------------------------------------

[20/60] GAS_COST=2/SEED=8/36152895_1   seed=8 vol=0.01 gas=2 phi=50 n_eval=1000
   PPO          mean=  +28.52 std=  13.80 [P5   +7.34, P95  +51.89] (46.1s)
   PPO_narrow   mean=  +46.25 std=  19.50 [P5  +16.17, P95  +79.10] (44.8s)
   DeployNarrow reused from 36073252_24
   DeployWide   reused from 36073252_24
   ArrivalRebalance reused from 36073252_24
   CDM          reused from 36073252_24

  ---------------------------------------------------------------------------------------------------------------------------------
  Agent              |      Mean |       Std |    Median |        P5 |       P95 |    Skew |    Kurt |  Profit |   Spread |  Reb/ep
  ---------------------------------------------------------------------------------------------------------------------------------
  PPO                |    +28.52 |     13.80 |    +28.09 |     +7.34 |    +51.89 |   +0.30 |   +0.14 |   98.8% |   14.615 |    4.61
  PPO_narrow         |    +46.25 |     19.50 |    +45.39 |    +16.17 |    +79.10 |   +0.21 |   -0.12 |   99.5% |    2.000 |    6.45
  DeployNarrow       |    +15.85 |     16.96 |    +13.60 |     -8.71 |    +46.93 |   +0.59 |   +0.63 |   85.3% |    2.000 |    0.00
  DeployWide         |    +12.78 |     13.92 |    +11.96 |     -9.37 |    +37.77 |   +0.16 |   +0.04 |   83.8% |   30.000 |    0.00
  ArrivalRebalance   |    +30.61 |     19.34 |    +29.37 |     +1.27 |    +66.10 |   +0.50 |   +0.47 |   95.6% |    2.000 |    4.51
  CDM                |    +24.56 |     11.80 |    +25.23 |     +4.11 |    +42.87 |   -0.39 |   +0.31 |   97.3% |   29.914 |    7.58
  ---------------------------------------------------------------------------------------------------------------------------------

[21/60] GAS_COST=4/SEED=10/36073407_26   seed=10 vol=0.02 gas=4 phi=0 n_eval=1000
   PPO          mean=   +5.32 std=  17.58 [P5  -25.19, P95  +32.23] (44.6s)
   PPO_narrow   mean=   +6.61 std=  18.56 [P5  -24.17, P95  +37.78] (47.0s)
   DeployNarrow mean=   +6.48 std=  17.95 [P5  -23.97, P95  +34.81] (43.4s)
   DeployWide   mean=   +4.09 std=  16.27 [P5  -24.96, P95  +27.80] (44.8s)
   ArrivalRebalance mean=   -3.75 std=  20.55 [P5  -37.77, P95  +29.97] (102.5s)
   CDM          mean=  -89.78 std=  77.85 [P5 -243.68, P95  -10.65] (171.7s)

  ---------------------------------------------------------------------------------------------------------------------------------
  Agent              |      Mean |       Std |    Median |        P5 |       P95 |    Skew |    Kurt |  Profit |   Spread |  Reb/ep
  ---------------------------------------------------------------------------------------------------------------------------------
  PPO                |     +5.32 |     17.58 |     +6.60 |    -25.19 |    +32.23 |   -0.53 |   +1.23 |   71.4% |    8.031 |    0.03
  PPO_narrow         |     +6.61 |     18.56 |     +7.59 |    -24.17 |    +37.78 |   -0.24 |   +0.64 |   70.6% |    2.000 |    0.18
  DeployNarrow       |     +6.48 |     17.95 |     +7.58 |    -23.97 |    +34.81 |   -0.30 |   +0.96 |   73.0% |    2.000 |    0.00
  DeployWide         |     +4.09 |     16.27 |     +6.27 |    -24.96 |    +27.80 |   -0.74 |   +0.98 |   68.9% |   30.000 |    0.00
  ArrivalRebalance   |     -3.75 |     20.55 |     -3.65 |    -37.77 |    +29.97 |   -0.27 |   +0.74 |   42.6% |    2.000 |    5.81
  CDM                |    -89.78 |     77.85 |    -65.13 |   -243.68 |    -10.65 |   -1.88 |   +5.00 |    1.8% |   29.559 |   26.76
  ---------------------------------------------------------------------------------------------------------------------------------

[22/60] GAS_COST=4/SEED=10/36073407_27   seed=10 vol=0.02 gas=4 phi=50 n_eval=1000
   PPO          mean=   +1.55 std=   4.43 [P5   -4.60, P95   +9.08] (44.3s)
   PPO_narrow   mean=   +2.27 std=   5.59 [P5   -4.47, P95  +13.22] (44.7s)
   DeployNarrow reused from 36073407_26
   DeployWide   reused from 36073407_26
   ArrivalRebalance reused from 36073407_26
   CDM          reused from 36073407_26

  ---------------------------------------------------------------------------------------------------------------------------------
  Agent              |      Mean |       Std |    Median |        P5 |       P95 |    Skew |    Kurt |  Profit |   Spread |  Reb/ep
  ---------------------------------------------------------------------------------------------------------------------------------
  PPO                |     +1.55 |      4.43 |     +0.00 |     -4.60 |     +9.08 |   +0.12 |   +3.83 |   47.0% |   18.955 |    0.01
  PPO_narrow         |     +2.27 |      5.59 |     +0.00 |     -4.47 |    +13.22 |   +1.29 |   +5.11 |   47.7% |    1.998 |    0.01
  DeployNarrow       |     +6.48 |     17.95 |     +7.58 |    -23.97 |    +34.81 |   -0.30 |   +0.96 |   73.0% |    2.000 |    0.00
  DeployWide         |     +4.09 |     16.27 |     +6.27 |    -24.96 |    +27.80 |   -0.74 |   +0.98 |   68.9% |   30.000 |    0.00
  ArrivalRebalance   |     -3.75 |     20.55 |     -3.65 |    -37.77 |    +29.97 |   -0.27 |   +0.74 |   42.6% |    2.000 |    5.81
  CDM                |    -89.78 |     77.85 |    -65.13 |   -243.68 |    -10.65 |   -1.88 |   +5.00 |    1.8% |   29.559 |   26.76
  ---------------------------------------------------------------------------------------------------------------------------------

[23/60] GAS_COST=4/SEED=12/36160744_2   seed=12 vol=0.02 gas=4 phi=0 n_eval=1000
   PPO          mean=   +6.00 std=  18.09 [P5  -25.70, P95  +35.06] (44.7s)
   PPO_narrow   mean=   +6.53 std=  17.98 [P5  -23.97, P95  +34.81] (44.2s)
   DeployNarrow reused from 36073407_26
   DeployWide   reused from 36073407_26
   ArrivalRebalance reused from 36073407_26
   CDM          reused from 36073407_26

  ---------------------------------------------------------------------------------------------------------------------------------
  Agent              |      Mean |       Std |    Median |        P5 |       P95 |    Skew |    Kurt |  Profit |   Spread |  Reb/ep
  ---------------------------------------------------------------------------------------------------------------------------------
  PPO                |     +6.00 |     18.09 |     +6.11 |    -25.70 |    +35.06 |   -0.21 |   +1.07 |   67.6% |    2.490 |    0.04
  PPO_narrow         |     +6.53 |     17.98 |     +7.59 |    -23.97 |    +34.81 |   -0.30 |   +0.95 |   73.0% |    2.000 |    0.01
  DeployNarrow       |     +6.48 |     17.95 |     +7.58 |    -23.97 |    +34.81 |   -0.30 |   +0.96 |   73.0% |    2.000 |    0.00
  DeployWide         |     +4.09 |     16.27 |     +6.27 |    -24.96 |    +27.80 |   -0.74 |   +0.98 |   68.9% |   30.000 |    0.00
  ArrivalRebalance   |     -3.75 |     20.55 |     -3.65 |    -37.77 |    +29.97 |   -0.27 |   +0.74 |   42.6% |    2.000 |    5.81
  CDM                |    -89.78 |     77.85 |    -65.13 |   -243.68 |    -10.65 |   -1.88 |   +5.00 |    1.8% |   29.559 |   26.76
  ---------------------------------------------------------------------------------------------------------------------------------

[24/60] GAS_COST=4/SEED=12/36160744_3   seed=12 vol=0.02 gas=4 phi=50 n_eval=1000
   PPO          mean=   +1.27 std=   3.95 [P5   -5.12, P95   +8.24] (43.4s)
   PPO_narrow   mean=   +2.39 std=   5.78 [P5   -5.53, P95  +13.27] (43.2s)
   DeployNarrow reused from 36073407_26
   DeployWide   reused from 36073407_26
   ArrivalRebalance reused from 36073407_26
   CDM          reused from 36073407_26

  ---------------------------------------------------------------------------------------------------------------------------------
  Agent              |      Mean |       Std |    Median |        P5 |       P95 |    Skew |    Kurt |  Profit |   Spread |  Reb/ep
  ---------------------------------------------------------------------------------------------------------------------------------
  PPO                |     +1.27 |      3.95 |     +0.00 |     -5.12 |     +8.24 |   -0.46 |   +3.39 |   46.5% |   21.237 |    0.03
  PPO_narrow         |     +2.39 |      5.78 |     +0.36 |     -5.53 |    +13.27 |   +0.85 |   +3.29 |   52.8% |    2.000 |    0.04
  DeployNarrow       |     +6.48 |     17.95 |     +7.58 |    -23.97 |    +34.81 |   -0.30 |   +0.96 |   73.0% |    2.000 |    0.00
  DeployWide         |     +4.09 |     16.27 |     +6.27 |    -24.96 |    +27.80 |   -0.74 |   +0.98 |   68.9% |   30.000 |    0.00
  ArrivalRebalance   |     -3.75 |     20.55 |     -3.65 |    -37.77 |    +29.97 |   -0.27 |   +0.74 |   42.6% |    2.000 |    5.81
  CDM                |    -89.78 |     77.85 |    -65.13 |   -243.68 |    -10.65 |   -1.88 |   +5.00 |    1.8% |   29.559 |   26.76
  ---------------------------------------------------------------------------------------------------------------------------------

[25/60] GAS_COST=4/SEED=14/36160744_8   seed=14 vol=0.02 gas=4 phi=0 n_eval=1000
   PPO          mean=   +5.68 std=  17.96 [P5  -25.58, P95  +34.24] (44.2s)
   PPO_narrow   mean=   +6.55 std=  18.10 [P5  -24.17, P95  +34.99] (43.5s)
   DeployNarrow reused from 36073407_26
   DeployWide   reused from 36073407_26
   ArrivalRebalance reused from 36073407_26
   CDM          reused from 36073407_26

  ---------------------------------------------------------------------------------------------------------------------------------
  Agent              |      Mean |       Std |    Median |        P5 |       P95 |    Skew |    Kurt |  Profit |   Spread |  Reb/ep
  ---------------------------------------------------------------------------------------------------------------------------------
  PPO                |     +5.68 |     17.96 |     +7.07 |    -25.58 |    +34.24 |   -0.34 |   +0.80 |   69.9% |    4.797 |    0.09
  PPO_narrow         |     +6.55 |     18.10 |     +7.58 |    -24.17 |    +34.99 |   -0.31 |   +0.90 |   72.5% |    2.000 |    0.03
  DeployNarrow       |     +6.48 |     17.95 |     +7.58 |    -23.97 |    +34.81 |   -0.30 |   +0.96 |   73.0% |    2.000 |    0.00
  DeployWide         |     +4.09 |     16.27 |     +6.27 |    -24.96 |    +27.80 |   -0.74 |   +0.98 |   68.9% |   30.000 |    0.00
  ArrivalRebalance   |     -3.75 |     20.55 |     -3.65 |    -37.77 |    +29.97 |   -0.27 |   +0.74 |   42.6% |    2.000 |    5.81
  CDM                |    -89.78 |     77.85 |    -65.13 |   -243.68 |    -10.65 |   -1.88 |   +5.00 |    1.8% |   29.559 |   26.76
  ---------------------------------------------------------------------------------------------------------------------------------

[26/60] GAS_COST=4/SEED=14/36160744_9   seed=14 vol=0.02 gas=4 phi=50 n_eval=1000
   PPO          mean=   +1.50 std=   4.46 [P5   -5.78, P95   +9.28] (44.8s)
   PPO_narrow   mean=   +2.29 std=   5.31 [P5   -4.38, P95  +13.09] (43.4s)
   DeployNarrow reused from 36073407_26
   DeployWide   reused from 36073407_26
   ArrivalRebalance reused from 36073407_26
   CDM          reused from 36073407_26

  ---------------------------------------------------------------------------------------------------------------------------------
  Agent              |      Mean |       Std |    Median |        P5 |       P95 |    Skew |    Kurt |  Profit |   Spread |  Reb/ep
  ---------------------------------------------------------------------------------------------------------------------------------
  PPO                |     +1.50 |      4.46 |     +0.00 |     -5.78 |     +9.28 |   -0.06 |   +2.89 |   48.5% |   15.350 |    0.00
  PPO_narrow         |     +2.29 |      5.31 |     +0.00 |     -4.38 |    +13.09 |   +1.00 |   +3.50 |   48.7% |    2.000 |    0.00
  DeployNarrow       |     +6.48 |     17.95 |     +7.58 |    -23.97 |    +34.81 |   -0.30 |   +0.96 |   73.0% |    2.000 |    0.00
  DeployWide         |     +4.09 |     16.27 |     +6.27 |    -24.96 |    +27.80 |   -0.74 |   +0.98 |   68.9% |   30.000 |    0.00
  ArrivalRebalance   |     -3.75 |     20.55 |     -3.65 |    -37.77 |    +29.97 |   -0.27 |   +0.74 |   42.6% |    2.000 |    5.81
  CDM                |    -89.78 |     77.85 |    -65.13 |   -243.68 |    -10.65 |   -1.88 |   +5.00 |    1.8% |   29.559 |   26.76
  ---------------------------------------------------------------------------------------------------------------------------------

[27/60] GAS_COST=4/SEED=16/36160744_14   seed=16 vol=0.02 gas=4 phi=0 n_eval=1000
   PPO          mean=   +4.64 std=  18.07 [P5  -27.74, P95  +30.95] (44.9s)
   PPO_narrow   mean=   +6.48 std=  17.95 [P5  -23.97, P95  +34.81] (43.9s)
   DeployNarrow reused from 36073407_26
   DeployWide   reused from 36073407_26
   ArrivalRebalance reused from 36073407_26
   CDM          reused from 36073407_26

  ---------------------------------------------------------------------------------------------------------------------------------
  Agent              |      Mean |       Std |    Median |        P5 |       P95 |    Skew |    Kurt |  Profit |   Spread |  Reb/ep
  ---------------------------------------------------------------------------------------------------------------------------------
  PPO                |     +4.64 |     18.07 |     +6.99 |    -27.74 |    +30.95 |   -0.50 |   +0.37 |   65.4% |   16.551 |    0.31
  PPO_narrow         |     +6.48 |     17.95 |     +7.58 |    -23.97 |    +34.81 |   -0.30 |   +0.96 |   73.0% |    2.000 |    0.00
  DeployNarrow       |     +6.48 |     17.95 |     +7.58 |    -23.97 |    +34.81 |   -0.30 |   +0.96 |   73.0% |    2.000 |    0.00
  DeployWide         |     +4.09 |     16.27 |     +6.27 |    -24.96 |    +27.80 |   -0.74 |   +0.98 |   68.9% |   30.000 |    0.00
  ArrivalRebalance   |     -3.75 |     20.55 |     -3.65 |    -37.77 |    +29.97 |   -0.27 |   +0.74 |   42.6% |    2.000 |    5.81
  CDM                |    -89.78 |     77.85 |    -65.13 |   -243.68 |    -10.65 |   -1.88 |   +5.00 |    1.8% |   29.559 |   26.76
  ---------------------------------------------------------------------------------------------------------------------------------

[28/60] GAS_COST=4/SEED=16/36160744_15   seed=16 vol=0.02 gas=4 phi=50 n_eval=1000
   PPO          mean=   +1.58 std=   4.25 [P5   -5.40, P95   +9.02] (44.3s)
   PPO_narrow   mean=   +2.28 std=   5.45 [P5   -3.85, P95  +13.31] (44.2s)
   DeployNarrow reused from 36073407_26
   DeployWide   reused from 36073407_26
   ArrivalRebalance reused from 36073407_26
   CDM          reused from 36073407_26

  ---------------------------------------------------------------------------------------------------------------------------------
  Agent              |      Mean |       Std |    Median |        P5 |       P95 |    Skew |    Kurt |  Profit |   Spread |  Reb/ep
  ---------------------------------------------------------------------------------------------------------------------------------
  PPO                |     +1.58 |      4.25 |     +0.37 |     -5.40 |     +9.02 |   +0.05 |   +2.57 |   53.6% |   18.132 |    0.00
  PPO_narrow         |     +2.28 |      5.45 |     +0.00 |     -3.85 |    +13.31 |   +1.20 |   +4.15 |   46.8% |    2.000 |    0.05
  DeployNarrow       |     +6.48 |     17.95 |     +7.58 |    -23.97 |    +34.81 |   -0.30 |   +0.96 |   73.0% |    2.000 |    0.00
  DeployWide         |     +4.09 |     16.27 |     +6.27 |    -24.96 |    +27.80 |   -0.74 |   +0.98 |   68.9% |   30.000 |    0.00
  ArrivalRebalance   |     -3.75 |     20.55 |     -3.65 |    -37.77 |    +29.97 |   -0.27 |   +0.74 |   42.6% |    2.000 |    5.81
  CDM                |    -89.78 |     77.85 |    -65.13 |   -243.68 |    -10.65 |   -1.88 |   +5.00 |    1.8% |   29.559 |   26.76
  ---------------------------------------------------------------------------------------------------------------------------------

[29/60] GAS_COST=4/SEED=18/36160744_20   seed=18 vol=0.02 gas=4 phi=0 n_eval=1000
   PPO          mean=   +5.31 std=  17.74 [P5  -24.82, P95  +33.39] (44.3s)
   PPO_narrow   mean=   +6.42 std=  18.06 [P5  -24.35, P95  +34.79] (43.9s)
   DeployNarrow reused from 36073407_26
   DeployWide   reused from 36073407_26
   ArrivalRebalance reused from 36073407_26
   CDM          reused from 36073407_26

  ---------------------------------------------------------------------------------------------------------------------------------
  Agent              |      Mean |       Std |    Median |        P5 |       P95 |    Skew |    Kurt |  Profit |   Spread |  Reb/ep
  ---------------------------------------------------------------------------------------------------------------------------------
  PPO                |     +5.31 |     17.74 |     +6.23 |    -24.82 |    +33.39 |   -0.30 |   +1.12 |   70.4% |    3.020 |    0.14
  PPO_narrow         |     +6.42 |     18.06 |     +7.59 |    -24.35 |    +34.79 |   -0.31 |   +0.90 |   72.3% |    2.000 |    0.02
  DeployNarrow       |     +6.48 |     17.95 |     +7.58 |    -23.97 |    +34.81 |   -0.30 |   +0.96 |   73.0% |    2.000 |    0.00
  DeployWide         |     +4.09 |     16.27 |     +6.27 |    -24.96 |    +27.80 |   -0.74 |   +0.98 |   68.9% |   30.000 |    0.00
  ArrivalRebalance   |     -3.75 |     20.55 |     -3.65 |    -37.77 |    +29.97 |   -0.27 |   +0.74 |   42.6% |    2.000 |    5.81
  CDM                |    -89.78 |     77.85 |    -65.13 |   -243.68 |    -10.65 |   -1.88 |   +5.00 |    1.8% |   29.559 |   26.76
  ---------------------------------------------------------------------------------------------------------------------------------

[30/60] GAS_COST=4/SEED=18/36160744_21   seed=18 vol=0.02 gas=4 phi=50 n_eval=1000
   PPO          mean=   +1.76 std=   4.71 [P5   -5.52, P95   +9.19] (43.4s)
   PPO_narrow   mean=   +2.58 std=   6.23 [P5   -6.09, P95  +14.05] (44.6s)
   DeployNarrow reused from 36073407_26
   DeployWide   reused from 36073407_26
   ArrivalRebalance reused from 36073407_26
   CDM          reused from 36073407_26

  ---------------------------------------------------------------------------------------------------------------------------------
  Agent              |      Mean |       Std |    Median |        P5 |       P95 |    Skew |    Kurt |  Profit |   Spread |  Reb/ep
  ---------------------------------------------------------------------------------------------------------------------------------
  PPO                |     +1.76 |      4.71 |     +0.59 |     -5.52 |     +9.19 |   +0.19 |   +3.71 |   53.7% |   17.951 |    0.01
  PPO_narrow         |     +2.58 |      6.23 |     +0.65 |     -6.09 |    +14.05 |   +1.08 |   +4.91 |   54.1% |    2.000 |    0.00
  DeployNarrow       |     +6.48 |     17.95 |     +7.58 |    -23.97 |    +34.81 |   -0.30 |   +0.96 |   73.0% |    2.000 |    0.00
  DeployWide         |     +4.09 |     16.27 |     +6.27 |    -24.96 |    +27.80 |   -0.74 |   +0.98 |   68.9% |   30.000 |    0.00
  ArrivalRebalance   |     -3.75 |     20.55 |     -3.65 |    -37.77 |    +29.97 |   -0.27 |   +0.74 |   42.6% |    2.000 |    5.81
  CDM                |    -89.78 |     77.85 |    -65.13 |   -243.68 |    -10.65 |   -1.88 |   +5.00 |    1.8% |   29.559 |   26.76
  ---------------------------------------------------------------------------------------------------------------------------------

[31/60] GAS_COST=4/SEED=2/36073407_2   seed=2 vol=0.02 gas=4 phi=0 n_eval=1000
   PPO          mean=   +5.40 std=  18.09 [P5  -25.41, P95  +32.83] (174.1s)
   PPO_narrow   mean=   +6.61 std=  18.24 [P5  -24.27, P95  +34.81] (126.0s)
   DeployNarrow reused from 36073407_26
   DeployWide   reused from 36073407_26
   ArrivalRebalance reused from 36073407_26
   CDM          reused from 36073407_26

  ---------------------------------------------------------------------------------------------------------------------------------
  Agent              |      Mean |       Std |    Median |        P5 |       P95 |    Skew |    Kurt |  Profit |   Spread |  Reb/ep
  ---------------------------------------------------------------------------------------------------------------------------------
  PPO                |     +5.40 |     18.09 |     +7.99 |    -25.41 |    +32.83 |   -0.41 |   +0.52 |   66.3% |    8.987 |    0.27
  PPO_narrow         |     +6.61 |     18.24 |     +7.60 |    -24.27 |    +34.81 |   -0.33 |   +0.83 |   72.1% |    2.000 |    0.05
  DeployNarrow       |     +6.48 |     17.95 |     +7.58 |    -23.97 |    +34.81 |   -0.30 |   +0.96 |   73.0% |    2.000 |    0.00
  DeployWide         |     +4.09 |     16.27 |     +6.27 |    -24.96 |    +27.80 |   -0.74 |   +0.98 |   68.9% |   30.000 |    0.00
  ArrivalRebalance   |     -3.75 |     20.55 |     -3.65 |    -37.77 |    +29.97 |   -0.27 |   +0.74 |   42.6% |    2.000 |    5.81
  CDM                |    -89.78 |     77.85 |    -65.13 |   -243.68 |    -10.65 |   -1.88 |   +5.00 |    1.8% |   29.559 |   26.76
  ---------------------------------------------------------------------------------------------------------------------------------

[32/60] GAS_COST=4/SEED=2/36073407_3   seed=2 vol=0.02 gas=4 phi=50 n_eval=1000
   PPO          mean=   +1.22 std=   3.65 [P5   -4.13, P95   +7.82] (1146.9s)
   PPO_narrow   mean=   +1.33 std=   4.45 [P5   -2.64, P95  +10.60] (44.6s)
   DeployNarrow reused from 36073407_26
   DeployWide   reused from 36073407_26
   ArrivalRebalance reused from 36073407_26
   CDM          reused from 36073407_26

  ---------------------------------------------------------------------------------------------------------------------------------
  Agent              |      Mean |       Std |    Median |        P5 |       P95 |    Skew |    Kurt |  Profit |   Spread |  Reb/ep
  ---------------------------------------------------------------------------------------------------------------------------------
  PPO                |     +1.22 |      3.65 |     +0.00 |     -4.13 |     +7.82 |   -0.52 |   +3.43 |   45.8% |   25.117 |    0.00
  PPO_narrow         |     +1.33 |      4.45 |     +0.00 |     -2.64 |    +10.60 |   +1.46 |   +5.85 |   28.7% |    2.000 |    0.00
  DeployNarrow       |     +6.48 |     17.95 |     +7.58 |    -23.97 |    +34.81 |   -0.30 |   +0.96 |   73.0% |    2.000 |    0.00
  DeployWide         |     +4.09 |     16.27 |     +6.27 |    -24.96 |    +27.80 |   -0.74 |   +0.98 |   68.9% |   30.000 |    0.00
  ArrivalRebalance   |     -3.75 |     20.55 |     -3.65 |    -37.77 |    +29.97 |   -0.27 |   +0.74 |   42.6% |    2.000 |    5.81
  CDM                |    -89.78 |     77.85 |    -65.13 |   -243.68 |    -10.65 |   -1.88 |   +5.00 |    1.8% |   29.559 |   26.76
  ---------------------------------------------------------------------------------------------------------------------------------

[33/60] GAS_COST=4/SEED=20/36160744_26   seed=20 vol=0.02 gas=4 phi=0 n_eval=1000
   PPO          mean=   +5.22 std=  17.84 [P5  -25.62, P95  +32.62] (44.0s)
   PPO_narrow   mean=   +6.48 std=  17.95 [P5  -23.97, P95  +34.81] (43.8s)
   DeployNarrow reused from 36073407_26
   DeployWide   reused from 36073407_26
   ArrivalRebalance reused from 36073407_26
   CDM          reused from 36073407_26

  ---------------------------------------------------------------------------------------------------------------------------------
  Agent              |      Mean |       Std |    Median |        P5 |       P95 |    Skew |    Kurt |  Profit |   Spread |  Reb/ep
  ---------------------------------------------------------------------------------------------------------------------------------
  PPO                |     +5.22 |     17.84 |     +7.11 |    -25.62 |    +32.62 |   -0.44 |   +0.65 |   67.9% |    9.445 |    0.14
  PPO_narrow         |     +6.48 |     17.95 |     +7.58 |    -23.97 |    +34.81 |   -0.30 |   +0.96 |   73.0% |    2.000 |    0.00
  DeployNarrow       |     +6.48 |     17.95 |     +7.58 |    -23.97 |    +34.81 |   -0.30 |   +0.96 |   73.0% |    2.000 |    0.00
  DeployWide         |     +4.09 |     16.27 |     +6.27 |    -24.96 |    +27.80 |   -0.74 |   +0.98 |   68.9% |   30.000 |    0.00
  ArrivalRebalance   |     -3.75 |     20.55 |     -3.65 |    -37.77 |    +29.97 |   -0.27 |   +0.74 |   42.6% |    2.000 |    5.81
  CDM                |    -89.78 |     77.85 |    -65.13 |   -243.68 |    -10.65 |   -1.88 |   +5.00 |    1.8% |   29.559 |   26.76
  ---------------------------------------------------------------------------------------------------------------------------------

[34/60] GAS_COST=4/SEED=20/36160744_27   seed=20 vol=0.02 gas=4 phi=50 n_eval=1000
   PPO          mean=   +1.36 std=   3.85 [P5   -4.54, P95   +8.27] (43.2s)
   PPO_narrow   mean=   +2.91 std=   6.33 [P5   -5.37, P95  +14.33] (43.2s)
   DeployNarrow reused from 36073407_26
   DeployWide   reused from 36073407_26
   ArrivalRebalance reused from 36073407_26
   CDM          reused from 36073407_26

  ---------------------------------------------------------------------------------------------------------------------------------
  Agent              |      Mean |       Std |    Median |        P5 |       P95 |    Skew |    Kurt |  Profit |   Spread |  Reb/ep
  ---------------------------------------------------------------------------------------------------------------------------------
  PPO                |     +1.36 |      3.85 |     +0.12 |     -4.54 |     +8.27 |   -0.15 |   +3.06 |   51.9% |   18.193 |    0.01
  PPO_narrow         |     +2.91 |      6.33 |     +1.17 |     -5.37 |    +14.33 |   +1.06 |   +4.08 |   55.5% |    2.000 |    0.02
  DeployNarrow       |     +6.48 |     17.95 |     +7.58 |    -23.97 |    +34.81 |   -0.30 |   +0.96 |   73.0% |    2.000 |    0.00
  DeployWide         |     +4.09 |     16.27 |     +6.27 |    -24.96 |    +27.80 |   -0.74 |   +0.98 |   68.9% |   30.000 |    0.00
  ArrivalRebalance   |     -3.75 |     20.55 |     -3.65 |    -37.77 |    +29.97 |   -0.27 |   +0.74 |   42.6% |    2.000 |    5.81
  CDM                |    -89.78 |     77.85 |    -65.13 |   -243.68 |    -10.65 |   -1.88 |   +5.00 |    1.8% |   29.559 |   26.76
  ---------------------------------------------------------------------------------------------------------------------------------

[35/60] GAS_COST=4/SEED=4/36073407_8   seed=4 vol=0.02 gas=4 phi=0 n_eval=1000
   PPO          mean=   +6.48 std=  18.03 [P5  -23.97, P95  +34.90] (43.9s)
   PPO_narrow   mean=   +6.03 std=  18.04 [P5  -25.09, P95  +34.07] (43.9s)
   DeployNarrow reused from 36073407_26
   DeployWide   reused from 36073407_26
   ArrivalRebalance reused from 36073407_26
   CDM          reused from 36073407_26

  ---------------------------------------------------------------------------------------------------------------------------------
  Agent              |      Mean |       Std |    Median |        P5 |       P95 |    Skew |    Kurt |  Profit |   Spread |  Reb/ep
  ---------------------------------------------------------------------------------------------------------------------------------
  PPO                |     +6.48 |     18.03 |     +7.58 |    -23.97 |    +34.90 |   -0.29 |   +0.92 |   72.7% |    2.204 |    0.02
  PPO_narrow         |     +6.03 |     18.04 |     +7.75 |    -25.09 |    +34.07 |   -0.37 |   +0.97 |   72.3% |    1.999 |    0.01
  DeployNarrow       |     +6.48 |     17.95 |     +7.58 |    -23.97 |    +34.81 |   -0.30 |   +0.96 |   73.0% |    2.000 |    0.00
  DeployWide         |     +4.09 |     16.27 |     +6.27 |    -24.96 |    +27.80 |   -0.74 |   +0.98 |   68.9% |   30.000 |    0.00
  ArrivalRebalance   |     -3.75 |     20.55 |     -3.65 |    -37.77 |    +29.97 |   -0.27 |   +0.74 |   42.6% |    2.000 |    5.81
  CDM                |    -89.78 |     77.85 |    -65.13 |   -243.68 |    -10.65 |   -1.88 |   +5.00 |    1.8% |   29.559 |   26.76
  ---------------------------------------------------------------------------------------------------------------------------------

[36/60] GAS_COST=4/SEED=4/36073407_9   seed=4 vol=0.02 gas=4 phi=50 n_eval=1000
   PPO          mean=   +1.55 std=   4.19 [P5   -4.71, P95   +8.85] (43.2s)
   PPO_narrow   mean=   +2.03 std=   5.23 [P5   -3.84, P95  +13.22] (43.2s)
   DeployNarrow reused from 36073407_26
   DeployWide   reused from 36073407_26
   ArrivalRebalance reused from 36073407_26
   CDM          reused from 36073407_26

  ---------------------------------------------------------------------------------------------------------------------------------
  Agent              |      Mean |       Std |    Median |        P5 |       P95 |    Skew |    Kurt |  Profit |   Spread |  Reb/ep
  ---------------------------------------------------------------------------------------------------------------------------------
  PPO                |     +1.55 |      4.19 |     +0.01 |     -4.71 |     +8.85 |   -0.15 |   +3.00 |   50.4% |   20.973 |    0.00
  PPO_narrow         |     +2.03 |      5.23 |     +0.00 |     -3.84 |    +13.22 |   +1.30 |   +4.44 |   42.9% |    2.000 |    0.01
  DeployNarrow       |     +6.48 |     17.95 |     +7.58 |    -23.97 |    +34.81 |   -0.30 |   +0.96 |   73.0% |    2.000 |    0.00
  DeployWide         |     +4.09 |     16.27 |     +6.27 |    -24.96 |    +27.80 |   -0.74 |   +0.98 |   68.9% |   30.000 |    0.00
  ArrivalRebalance   |     -3.75 |     20.55 |     -3.65 |    -37.77 |    +29.97 |   -0.27 |   +0.74 |   42.6% |    2.000 |    5.81
  CDM                |    -89.78 |     77.85 |    -65.13 |   -243.68 |    -10.65 |   -1.88 |   +5.00 |    1.8% |   29.559 |   26.76
  ---------------------------------------------------------------------------------------------------------------------------------

[37/60] GAS_COST=4/SEED=6/36073407_14   seed=6 vol=0.02 gas=4 phi=0 n_eval=1000
   PPO          mean=   +5.09 std=  17.68 [P5  -24.83, P95  +32.84] (49.5s)
   PPO_narrow   mean=   +6.60 std=  18.46 [P5  -24.71, P95  +37.42] (48.6s)
   DeployNarrow reused from 36073407_26
   DeployWide   reused from 36073407_26
   ArrivalRebalance reused from 36073407_26
   CDM          reused from 36073407_26

  ---------------------------------------------------------------------------------------------------------------------------------
  Agent              |      Mean |       Std |    Median |        P5 |       P95 |    Skew |    Kurt |  Profit |   Spread |  Reb/ep
  ---------------------------------------------------------------------------------------------------------------------------------
  PPO                |     +5.09 |     17.68 |     +6.50 |    -24.83 |    +32.84 |   -0.45 |   +0.74 |   68.5% |   10.537 |    0.13
  PPO_narrow         |     +6.60 |     18.46 |     +7.59 |    -24.71 |    +37.42 |   -0.30 |   +0.70 |   71.1% |    2.000 |    0.14
  DeployNarrow       |     +6.48 |     17.95 |     +7.58 |    -23.97 |    +34.81 |   -0.30 |   +0.96 |   73.0% |    2.000 |    0.00
  DeployWide         |     +4.09 |     16.27 |     +6.27 |    -24.96 |    +27.80 |   -0.74 |   +0.98 |   68.9% |   30.000 |    0.00
  ArrivalRebalance   |     -3.75 |     20.55 |     -3.65 |    -37.77 |    +29.97 |   -0.27 |   +0.74 |   42.6% |    2.000 |    5.81
  CDM                |    -89.78 |     77.85 |    -65.13 |   -243.68 |    -10.65 |   -1.88 |   +5.00 |    1.8% |   29.559 |   26.76
  ---------------------------------------------------------------------------------------------------------------------------------

[38/60] GAS_COST=4/SEED=6/36073407_15   seed=6 vol=0.02 gas=4 phi=50 n_eval=1000
   PPO          mean=   +1.52 std=   4.12 [P5   -4.80, P95   +8.92] (47.9s)
   PPO_narrow   mean=   +2.35 std=   5.47 [P5   -4.61, P95  +13.00] (46.5s)
   DeployNarrow reused from 36073407_26
   DeployWide   reused from 36073407_26
   ArrivalRebalance reused from 36073407_26
   CDM          reused from 36073407_26

  ---------------------------------------------------------------------------------------------------------------------------------
  Agent              |      Mean |       Std |    Median |        P5 |       P95 |    Skew |    Kurt |  Profit |   Spread |  Reb/ep
  ---------------------------------------------------------------------------------------------------------------------------------
  PPO                |     +1.52 |      4.12 |     +0.20 |     -4.80 |     +8.92 |   -0.24 |   +2.16 |   51.4% |   20.826 |    0.00
  PPO_narrow         |     +2.35 |      5.47 |     +0.33 |     -4.61 |    +13.00 |   +0.90 |   +3.14 |   52.0% |    2.000 |    0.01
  DeployNarrow       |     +6.48 |     17.95 |     +7.58 |    -23.97 |    +34.81 |   -0.30 |   +0.96 |   73.0% |    2.000 |    0.00
  DeployWide         |     +4.09 |     16.27 |     +6.27 |    -24.96 |    +27.80 |   -0.74 |   +0.98 |   68.9% |   30.000 |    0.00
  ArrivalRebalance   |     -3.75 |     20.55 |     -3.65 |    -37.77 |    +29.97 |   -0.27 |   +0.74 |   42.6% |    2.000 |    5.81
  CDM                |    -89.78 |     77.85 |    -65.13 |   -243.68 |    -10.65 |   -1.88 |   +5.00 |    1.8% |   29.559 |   26.76
  ---------------------------------------------------------------------------------------------------------------------------------

[39/60] GAS_COST=4/SEED=8/36073407_21   seed=8 vol=0.02 gas=4 phi=50 n_eval=1000
   PPO          mean=   +1.58 std=   4.46 [P5   -5.40, P95   +8.84] (46.2s)
   PPO_narrow   mean=   +2.25 std=   5.63 [P5   -5.05, P95  +13.28] (46.4s)
   DeployNarrow reused from 36073407_26
   DeployWide   reused from 36073407_26
   ArrivalRebalance reused from 36073407_26
   CDM          reused from 36073407_26

  ---------------------------------------------------------------------------------------------------------------------------------
  Agent              |      Mean |       Std |    Median |        P5 |       P95 |    Skew |    Kurt |  Profit |   Spread |  Reb/ep
  ---------------------------------------------------------------------------------------------------------------------------------
  PPO                |     +1.58 |      4.46 |     +0.33 |     -5.40 |     +8.84 |   -0.04 |   +2.75 |   52.8% |   20.758 |    0.00
  PPO_narrow         |     +2.25 |      5.63 |     +0.00 |     -5.05 |    +13.28 |   +0.99 |   +3.54 |   48.9% |    2.000 |    0.02
  DeployNarrow       |     +6.48 |     17.95 |     +7.58 |    -23.97 |    +34.81 |   -0.30 |   +0.96 |   73.0% |    2.000 |    0.00
  DeployWide         |     +4.09 |     16.27 |     +6.27 |    -24.96 |    +27.80 |   -0.74 |   +0.98 |   68.9% |   30.000 |    0.00
  ArrivalRebalance   |     -3.75 |     20.55 |     -3.65 |    -37.77 |    +29.97 |   -0.27 |   +0.74 |   42.6% |    2.000 |    5.81
  CDM                |    -89.78 |     77.85 |    -65.13 |   -243.68 |    -10.65 |   -1.88 |   +5.00 |    1.8% |   29.559 |   26.76
  ---------------------------------------------------------------------------------------------------------------------------------

[40/60] GAS_COST=4/SEED=8/36152975_0   seed=8 vol=0.02 gas=4 phi=0 n_eval=1000
   PPO          mean=   +4.15 std=  17.67 [P5  -26.13, P95  +29.75] (47.4s)
   PPO_narrow   mean=   +6.82 std=  19.22 [P5  -25.34, P95  +37.78] (47.5s)
   DeployNarrow reused from 36073407_26
   DeployWide   reused from 36073407_26
   ArrivalRebalance reused from 36073407_26
   CDM          reused from 36073407_26

  ---------------------------------------------------------------------------------------------------------------------------------
  Agent              |      Mean |       Std |    Median |        P5 |       P95 |    Skew |    Kurt |  Profit |   Spread |  Reb/ep
  ---------------------------------------------------------------------------------------------------------------------------------
  PPO                |     +4.15 |     17.67 |     +7.44 |    -26.13 |    +29.75 |   -0.58 |   +0.35 |   64.0% |   24.725 |    0.38
  PPO_narrow         |     +6.82 |     19.22 |     +7.99 |    -25.34 |    +37.78 |   -0.28 |   +0.32 |   68.7% |    2.000 |    0.32
  DeployNarrow       |     +6.48 |     17.95 |     +7.58 |    -23.97 |    +34.81 |   -0.30 |   +0.96 |   73.0% |    2.000 |    0.00
  DeployWide         |     +4.09 |     16.27 |     +6.27 |    -24.96 |    +27.80 |   -0.74 |   +0.98 |   68.9% |   30.000 |    0.00
  ArrivalRebalance   |     -3.75 |     20.55 |     -3.65 |    -37.77 |    +29.97 |   -0.27 |   +0.74 |   42.6% |    2.000 |    5.81
  CDM                |    -89.78 |     77.85 |    -65.13 |   -243.68 |    -10.65 |   -1.88 |   +5.00 |    1.8% |   29.559 |   26.76
  ---------------------------------------------------------------------------------------------------------------------------------

[41/60] GAS_COST=6/SEED=10/36074271_28   seed=10 vol=0.03 gas=6 phi=0 n_eval=1000
   PPO          mean=   -1.99 std=  20.92 [P5  -40.57, P95  +23.53] (46.0s)
   PPO_narrow   mean=   -1.32 std=  21.32 [P5  -40.49, P95  +27.18] (46.0s)
   DeployNarrow mean=   +0.10 std=  21.61 [P5  -39.48, P95  +30.52] (46.1s)
   DeployWide   mean=   -2.12 std=  20.71 [P5  -40.70, P95  +23.25] (47.0s)
   ArrivalRebalance mean=  -34.61 std=  25.82 [P5  -78.28, P95   +2.41] (96.8s)
   CDM          mean=   -3.53 std=  20.22 [P5  -42.56, P95  +21.31] (51.7s)

  ---------------------------------------------------------------------------------------------------------------------------------
  Agent              |      Mean |       Std |    Median |        P5 |       P95 |    Skew |    Kurt |  Profit |   Spread |  Reb/ep
  ---------------------------------------------------------------------------------------------------------------------------------
  PPO                |     -1.99 |     20.92 |     +4.05 |    -40.57 |    +23.53 |   -1.19 |   +1.54 |   62.0% |   26.000 |    0.00
  PPO_narrow         |     -1.32 |     21.32 |     +4.38 |    -40.49 |    +27.18 |   -0.95 |   +1.44 |   54.3% |    2.000 |    0.00
  DeployNarrow       |     +0.10 |     21.61 |     +4.59 |    -39.48 |    +30.52 |   -0.99 |   +1.41 |   63.9% |    2.000 |    0.00
  DeployWide         |     -2.12 |     20.71 |     +3.51 |    -40.70 |    +23.25 |   -1.21 |   +1.60 |   62.2% |   30.000 |    0.00
  ArrivalRebalance   |    -34.61 |     25.82 |    -31.00 |    -78.28 |     +2.41 |   -0.82 |   +1.67 |    6.4% |    2.000 |    6.00
  CDM                |     -3.53 |     20.22 |     +0.00 |    -42.56 |    +21.31 |   -1.05 |   +1.70 |   46.0% |    1.001 |    0.05
  ---------------------------------------------------------------------------------------------------------------------------------

[42/60] GAS_COST=6/SEED=10/36074271_29   seed=10 vol=0.03 gas=6 phi=50 n_eval=1000
   PPO          mean=   +0.00 std=   0.00 [P5   +0.00, P95   +0.00] (43.6s)
   PPO_narrow   mean=   +0.00 std=   0.00 [P5   +0.00, P95   +0.00] (46.4s)
   DeployNarrow reused from 36074271_28
   DeployWide   reused from 36074271_28
   ArrivalRebalance reused from 36074271_28
   CDM          reused from 36074271_28

  ---------------------------------------------------------------------------------------------------------------------------------
  Agent              |      Mean |       Std |    Median |        P5 |       P95 |    Skew |    Kurt |  Profit |   Spread |  Reb/ep
  ---------------------------------------------------------------------------------------------------------------------------------
  PPO                |     +0.00 |      0.00 |     +0.00 |     +0.00 |     +0.00 |    +nan |    +nan |    0.0% |      nan |    0.00
  PPO_narrow         |     +0.00 |      0.00 |     +0.00 |     +0.00 |     +0.00 |    +nan |    +nan |    0.0% |      nan |    0.00
  DeployNarrow       |     +0.10 |     21.61 |     +4.59 |    -39.48 |    +30.52 |   -0.99 |   +1.41 |   63.9% |    2.000 |    0.00
  DeployWide         |     -2.12 |     20.71 |     +3.51 |    -40.70 |    +23.25 |   -1.21 |   +1.60 |   62.2% |   30.000 |    0.00
  ArrivalRebalance   |    -34.61 |     25.82 |    -31.00 |    -78.28 |     +2.41 |   -0.82 |   +1.67 |    6.4% |    2.000 |    6.00
  CDM                |     -3.53 |     20.22 |     +0.00 |    -42.56 |    +21.31 |   -1.05 |   +1.70 |   46.0% |    1.001 |    0.05
  ---------------------------------------------------------------------------------------------------------------------------------

[43/60] GAS_COST=6/SEED=12/36160813_4   seed=12 vol=0.03 gas=6 phi=0 n_eval=1000
   PPO          mean=   -1.89 std=  20.57 [P5  -40.56, P95  +23.89] (46.5s)
   PPO_narrow   mean=   +0.62 std=  15.43 [P5  -29.18, P95  +21.71] (47.7s)
   DeployNarrow reused from 36074271_28
   DeployWide   reused from 36074271_28
   ArrivalRebalance reused from 36074271_28
   CDM          reused from 36074271_28

  ---------------------------------------------------------------------------------------------------------------------------------
  Agent              |      Mean |       Std |    Median |        P5 |       P95 |    Skew |    Kurt |  Profit |   Spread |  Reb/ep
  ---------------------------------------------------------------------------------------------------------------------------------
  PPO                |     -1.89 |     20.57 |     +2.95 |    -40.56 |    +23.89 |   -1.14 |   +1.61 |   62.5% |   20.000 |    0.00
  PPO_narrow         |     +0.62 |     15.43 |     +3.40 |    -29.18 |    +21.71 |   -0.80 |   +1.69 |   62.7% |    2.000 |    0.00
  DeployNarrow       |     +0.10 |     21.61 |     +4.59 |    -39.48 |    +30.52 |   -0.99 |   +1.41 |   63.9% |    2.000 |    0.00
  DeployWide         |     -2.12 |     20.71 |     +3.51 |    -40.70 |    +23.25 |   -1.21 |   +1.60 |   62.2% |   30.000 |    0.00
  ArrivalRebalance   |    -34.61 |     25.82 |    -31.00 |    -78.28 |     +2.41 |   -0.82 |   +1.67 |    6.4% |    2.000 |    6.00
  CDM                |     -3.53 |     20.22 |     +0.00 |    -42.56 |    +21.31 |   -1.05 |   +1.70 |   46.0% |    1.001 |    0.05
  ---------------------------------------------------------------------------------------------------------------------------------

[44/60] GAS_COST=6/SEED=12/36160813_5   seed=12 vol=0.03 gas=6 phi=50 n_eval=1000
   PPO          mean=   +0.00 std=   0.00 [P5   +0.00, P95   +0.00] (46.3s)
   PPO_narrow   mean=   -0.08 std=   0.56 [P5   +0.00, P95   +0.00] (45.9s)
   DeployNarrow reused from 36074271_28
   DeployWide   reused from 36074271_28
   ArrivalRebalance reused from 36074271_28
   CDM          reused from 36074271_28

  ---------------------------------------------------------------------------------------------------------------------------------
  Agent              |      Mean |       Std |    Median |        P5 |       P95 |    Skew |    Kurt |  Profit |   Spread |  Reb/ep
  ---------------------------------------------------------------------------------------------------------------------------------
  PPO                |     +0.00 |      0.00 |     +0.00 |     +0.00 |     +0.00 |    +nan |    +nan |    0.0% |      nan |    0.00
  PPO_narrow         |     -0.08 |      0.56 |     +0.00 |     +0.00 |     +0.00 |   -7.26 |  +53.96 |    0.4% |    2.000 |    0.00
  DeployNarrow       |     +0.10 |     21.61 |     +4.59 |    -39.48 |    +30.52 |   -0.99 |   +1.41 |   63.9% |    2.000 |    0.00
  DeployWide         |     -2.12 |     20.71 |     +3.51 |    -40.70 |    +23.25 |   -1.21 |   +1.60 |   62.2% |   30.000 |    0.00
  ArrivalRebalance   |    -34.61 |     25.82 |    -31.00 |    -78.28 |     +2.41 |   -0.82 |   +1.67 |    6.4% |    2.000 |    6.00
  CDM                |     -3.53 |     20.22 |     +0.00 |    -42.56 |    +21.31 |   -1.05 |   +1.70 |   46.0% |    1.001 |    0.05
  ---------------------------------------------------------------------------------------------------------------------------------

[45/60] GAS_COST=6/SEED=14/36160813_10   seed=14 vol=0.03 gas=6 phi=0 n_eval=1000
   PPO          mean=   +0.10 std=  21.61 [P5  -39.48, P95  +30.52] (46.4s)
   PPO_narrow   mean=   +0.10 std=  21.61 [P5  -39.48, P95  +30.52] (47.7s)
   DeployNarrow reused from 36074271_28
   DeployWide   reused from 36074271_28
   ArrivalRebalance reused from 36074271_28
   CDM          reused from 36074271_28

  ---------------------------------------------------------------------------------------------------------------------------------
  Agent              |      Mean |       Std |    Median |        P5 |       P95 |    Skew |    Kurt |  Profit |   Spread |  Reb/ep
  ---------------------------------------------------------------------------------------------------------------------------------
  PPO                |     +0.10 |     21.61 |     +4.59 |    -39.48 |    +30.52 |   -0.99 |   +1.41 |   63.9% |    2.000 |    0.00
  PPO_narrow         |     +0.10 |     21.61 |     +4.59 |    -39.48 |    +30.52 |   -0.99 |   +1.41 |   63.9% |    2.000 |    0.00
  DeployNarrow       |     +0.10 |     21.61 |     +4.59 |    -39.48 |    +30.52 |   -0.99 |   +1.41 |   63.9% |    2.000 |    0.00
  DeployWide         |     -2.12 |     20.71 |     +3.51 |    -40.70 |    +23.25 |   -1.21 |   +1.60 |   62.2% |   30.000 |    0.00
  ArrivalRebalance   |    -34.61 |     25.82 |    -31.00 |    -78.28 |     +2.41 |   -0.82 |   +1.67 |    6.4% |    2.000 |    6.00
  CDM                |     -3.53 |     20.22 |     +0.00 |    -42.56 |    +21.31 |   -1.05 |   +1.70 |   46.0% |    1.001 |    0.05
  ---------------------------------------------------------------------------------------------------------------------------------

[46/60] GAS_COST=6/SEED=14/36160813_11   seed=14 vol=0.03 gas=6 phi=50 n_eval=1000
   PPO          mean=   +0.00 std=   0.00 [P5   +0.00, P95   +0.00] (47.2s)
   PPO_narrow   mean=   +0.00 std=   0.00 [P5   +0.00, P95   +0.00] (50.2s)
   DeployNarrow reused from 36074271_28
   DeployWide   reused from 36074271_28
   ArrivalRebalance reused from 36074271_28
   CDM          reused from 36074271_28

  ---------------------------------------------------------------------------------------------------------------------------------
  Agent              |      Mean |       Std |    Median |        P5 |       P95 |    Skew |    Kurt |  Profit |   Spread |  Reb/ep
  ---------------------------------------------------------------------------------------------------------------------------------
  PPO                |     +0.00 |      0.00 |     +0.00 |     +0.00 |     +0.00 |    +nan |    +nan |    0.0% |      nan |    0.00
  PPO_narrow         |     +0.00 |      0.00 |     +0.00 |     +0.00 |     +0.00 |    +nan |    +nan |    0.0% |      nan |    0.00
  DeployNarrow       |     +0.10 |     21.61 |     +4.59 |    -39.48 |    +30.52 |   -0.99 |   +1.41 |   63.9% |    2.000 |    0.00
  DeployWide         |     -2.12 |     20.71 |     +3.51 |    -40.70 |    +23.25 |   -1.21 |   +1.60 |   62.2% |   30.000 |    0.00
  ArrivalRebalance   |    -34.61 |     25.82 |    -31.00 |    -78.28 |     +2.41 |   -0.82 |   +1.67 |    6.4% |    2.000 |    6.00
  CDM                |     -3.53 |     20.22 |     +0.00 |    -42.56 |    +21.31 |   -1.05 |   +1.70 |   46.0% |    1.001 |    0.05
  ---------------------------------------------------------------------------------------------------------------------------------

[47/60] GAS_COST=6/SEED=16/36178713_4   seed=16 vol=0.03 gas=6 phi=0 n_eval=1000
   PPO          mean=   -1.56 std=  20.98 [P5  -40.74, P95  +25.11] (45.9s)
   PPO_narrow   mean=   +0.10 std=  21.61 [P5  -39.48, P95  +30.52] (45.5s)
   DeployNarrow reused from 36074271_28
   DeployWide   reused from 36074271_28
   ArrivalRebalance reused from 36074271_28
   CDM          reused from 36074271_28

  ---------------------------------------------------------------------------------------------------------------------------------
  Agent              |      Mean |       Std |    Median |        P5 |       P95 |    Skew |    Kurt |  Profit |   Spread |  Reb/ep
  ---------------------------------------------------------------------------------------------------------------------------------
  PPO                |     -1.56 |     20.98 |     +4.17 |    -40.74 |    +25.11 |   -1.14 |   +1.55 |   62.7% |   16.000 |    0.00
  PPO_narrow         |     +0.10 |     21.61 |     +4.59 |    -39.48 |    +30.52 |   -0.99 |   +1.41 |   63.9% |    2.000 |    0.00
  DeployNarrow       |     +0.10 |     21.61 |     +4.59 |    -39.48 |    +30.52 |   -0.99 |   +1.41 |   63.9% |    2.000 |    0.00
  DeployWide         |     -2.12 |     20.71 |     +3.51 |    -40.70 |    +23.25 |   -1.21 |   +1.60 |   62.2% |   30.000 |    0.00
  ArrivalRebalance   |    -34.61 |     25.82 |    -31.00 |    -78.28 |     +2.41 |   -0.82 |   +1.67 |    6.4% |    2.000 |    6.00
  CDM                |     -3.53 |     20.22 |     +0.00 |    -42.56 |    +21.31 |   -1.05 |   +1.70 |   46.0% |    1.001 |    0.05
  ---------------------------------------------------------------------------------------------------------------------------------

[48/60] GAS_COST=6/SEED=16/36178713_5   seed=16 vol=0.03 gas=6 phi=50 n_eval=1000
   PPO          mean=   +0.07 std=   2.25 [P5   +0.00, P95   +0.90] (45.4s)
   PPO_narrow   mean=   +0.00 std=   0.00 [P5   +0.00, P95   +0.00] (45.3s)
   DeployNarrow reused from 36074271_28
   DeployWide   reused from 36074271_28
   ArrivalRebalance reused from 36074271_28
   CDM          reused from 36074271_28

  ---------------------------------------------------------------------------------------------------------------------------------
  Agent              |      Mean |       Std |    Median |        P5 |       P95 |    Skew |    Kurt |  Profit |   Spread |  Reb/ep
  ---------------------------------------------------------------------------------------------------------------------------------
  PPO                |     +0.07 |      2.25 |     +0.00 |     +0.00 |     +0.90 |   -1.89 |  +42.10 |    6.2% |    6.913 |    0.00
  PPO_narrow         |     +0.00 |      0.00 |     +0.00 |     +0.00 |     +0.00 |    +nan |    +nan |    0.0% |      nan |    0.00
  DeployNarrow       |     +0.10 |     21.61 |     +4.59 |    -39.48 |    +30.52 |   -0.99 |   +1.41 |   63.9% |    2.000 |    0.00
  DeployWide         |     -2.12 |     20.71 |     +3.51 |    -40.70 |    +23.25 |   -1.21 |   +1.60 |   62.2% |   30.000 |    0.00
  ArrivalRebalance   |    -34.61 |     25.82 |    -31.00 |    -78.28 |     +2.41 |   -0.82 |   +1.67 |    6.4% |    2.000 |    6.00
  CDM                |     -3.53 |     20.22 |     +0.00 |    -42.56 |    +21.31 |   -1.05 |   +1.70 |   46.0% |    1.001 |    0.05
  ---------------------------------------------------------------------------------------------------------------------------------

[49/60] GAS_COST=6/SEED=18/36178713_10   seed=18 vol=0.03 gas=6 phi=0 n_eval=1000
   PPO          mean=   -1.73 std=  20.91 [P5  -40.73, P95  +24.42] (45.3s)
   PPO_narrow   mean=   +0.51 std=  13.52 [P5  -26.50, P95  +19.26] (46.5s)
   DeployNarrow reused from 36074271_28
   DeployWide   reused from 36074271_28
   ArrivalRebalance reused from 36074271_28
   CDM          reused from 36074271_28

  ---------------------------------------------------------------------------------------------------------------------------------
  Agent              |      Mean |       Std |    Median |        P5 |       P95 |    Skew |    Kurt |  Profit |   Spread |  Reb/ep
  ---------------------------------------------------------------------------------------------------------------------------------
  PPO                |     -1.73 |     20.91 |     +3.89 |    -40.73 |    +24.42 |   -1.16 |   +1.56 |   62.4% |   20.000 |    0.00
  PPO_narrow         |     +0.51 |     13.52 |     +1.66 |    -26.50 |    +19.26 |   -0.96 |   +2.62 |   53.9% |    2.000 |    0.00
  DeployNarrow       |     +0.10 |     21.61 |     +4.59 |    -39.48 |    +30.52 |   -0.99 |   +1.41 |   63.9% |    2.000 |    0.00
  DeployWide         |     -2.12 |     20.71 |     +3.51 |    -40.70 |    +23.25 |   -1.21 |   +1.60 |   62.2% |   30.000 |    0.00
  ArrivalRebalance   |    -34.61 |     25.82 |    -31.00 |    -78.28 |     +2.41 |   -0.82 |   +1.67 |    6.4% |    2.000 |    6.00
  CDM                |     -3.53 |     20.22 |     +0.00 |    -42.56 |    +21.31 |   -1.05 |   +1.70 |   46.0% |    1.001 |    0.05
  ---------------------------------------------------------------------------------------------------------------------------------

[50/60] GAS_COST=6/SEED=18/36178713_11   seed=18 vol=0.03 gas=6 phi=50 n_eval=1000
   PPO          mean=   +0.00 std=   0.00 [P5   +0.00, P95   +0.00] (45.2s)
   PPO_narrow   mean=   +0.00 std=   0.20 [P5   +0.00, P95   +0.00] (46.3s)
   DeployNarrow reused from 36074271_28
   DeployWide   reused from 36074271_28
   ArrivalRebalance reused from 36074271_28
   CDM          reused from 36074271_28

  ---------------------------------------------------------------------------------------------------------------------------------
  Agent              |      Mean |       Std |    Median |        P5 |       P95 |    Skew |    Kurt |  Profit |   Spread |  Reb/ep
  ---------------------------------------------------------------------------------------------------------------------------------
  PPO                |     +0.00 |      0.00 |     +0.00 |     +0.00 |     +0.00 |    +nan |    +nan |    0.0% |      nan |    0.00
  PPO_narrow         |     +0.00 |      0.20 |     +0.00 |     +0.00 |     +0.00 |  +28.11 | +876.63 |    1.1% |    2.000 |    0.00
  DeployNarrow       |     +0.10 |     21.61 |     +4.59 |    -39.48 |    +30.52 |   -0.99 |   +1.41 |   63.9% |    2.000 |    0.00
  DeployWide         |     -2.12 |     20.71 |     +3.51 |    -40.70 |    +23.25 |   -1.21 |   +1.60 |   62.2% |   30.000 |    0.00
  ArrivalRebalance   |    -34.61 |     25.82 |    -31.00 |    -78.28 |     +2.41 |   -0.82 |   +1.67 |    6.4% |    2.000 |    6.00
  CDM                |     -3.53 |     20.22 |     +0.00 |    -42.56 |    +21.31 |   -1.05 |   +1.70 |   46.0% |    1.001 |    0.05
  ---------------------------------------------------------------------------------------------------------------------------------

[51/60] GAS_COST=6/SEED=2/36074271_4   seed=2 vol=0.03 gas=6 phi=0 n_eval=1000
   PPO          mean=   +0.02 std=  12.80 [P5  -24.67, P95  +15.96] (46.4s)
   PPO_narrow   mean=   +0.10 std=  21.61 [P5  -39.48, P95  +30.52] (45.8s)
   DeployNarrow reused from 36074271_28
   DeployWide   reused from 36074271_28
   ArrivalRebalance reused from 36074271_28
   CDM          reused from 36074271_28

  ---------------------------------------------------------------------------------------------------------------------------------
  Agent              |      Mean |       Std |    Median |        P5 |       P95 |    Skew |    Kurt |  Profit |   Spread |  Reb/ep
  ---------------------------------------------------------------------------------------------------------------------------------
  PPO                |     +0.02 |     12.80 |     +1.37 |    -24.67 |    +15.96 |   -1.27 |   +2.77 |   54.8% |   21.075 |    0.00
  PPO_narrow         |     +0.10 |     21.61 |     +4.59 |    -39.48 |    +30.52 |   -0.99 |   +1.41 |   63.9% |    2.000 |    0.00
  DeployNarrow       |     +0.10 |     21.61 |     +4.59 |    -39.48 |    +30.52 |   -0.99 |   +1.41 |   63.9% |    2.000 |    0.00
  DeployWide         |     -2.12 |     20.71 |     +3.51 |    -40.70 |    +23.25 |   -1.21 |   +1.60 |   62.2% |   30.000 |    0.00
  ArrivalRebalance   |    -34.61 |     25.82 |    -31.00 |    -78.28 |     +2.41 |   -0.82 |   +1.67 |    6.4% |    2.000 |    6.00
  CDM                |     -3.53 |     20.22 |     +0.00 |    -42.56 |    +21.31 |   -1.05 |   +1.70 |   46.0% |    1.001 |    0.05
  ---------------------------------------------------------------------------------------------------------------------------------

[52/60] GAS_COST=6/SEED=2/36074271_5   seed=2 vol=0.03 gas=6 phi=50 n_eval=1000
   PPO          mean=   +0.00 std=   0.00 [P5   +0.00, P95   +0.00] (45.3s)
   PPO_narrow   mean=   +0.00 std=   0.00 [P5   +0.00, P95   +0.00] (45.3s)
   DeployNarrow reused from 36074271_28
   DeployWide   reused from 36074271_28
   ArrivalRebalance reused from 36074271_28
   CDM          reused from 36074271_28

  ---------------------------------------------------------------------------------------------------------------------------------
  Agent              |      Mean |       Std |    Median |        P5 |       P95 |    Skew |    Kurt |  Profit |   Spread |  Reb/ep
  ---------------------------------------------------------------------------------------------------------------------------------
  PPO                |     +0.00 |      0.00 |     +0.00 |     +0.00 |     +0.00 |    +nan |    +nan |    0.0% |      nan |    0.00
  PPO_narrow         |     +0.00 |      0.00 |     +0.00 |     +0.00 |     +0.00 |    +nan |    +nan |    0.0% |      nan |    0.00
  DeployNarrow       |     +0.10 |     21.61 |     +4.59 |    -39.48 |    +30.52 |   -0.99 |   +1.41 |   63.9% |    2.000 |    0.00
  DeployWide         |     -2.12 |     20.71 |     +3.51 |    -40.70 |    +23.25 |   -1.21 |   +1.60 |   62.2% |   30.000 |    0.00
  ArrivalRebalance   |    -34.61 |     25.82 |    -31.00 |    -78.28 |     +2.41 |   -0.82 |   +1.67 |    6.4% |    2.000 |    6.00
  CDM                |     -3.53 |     20.22 |     +0.00 |    -42.56 |    +21.31 |   -1.05 |   +1.70 |   46.0% |    1.001 |    0.05
  ---------------------------------------------------------------------------------------------------------------------------------

[53/60] GAS_COST=6/SEED=20/36178713_16   seed=20 vol=0.03 gas=6 phi=0 n_eval=1000
   PPO          mean=   -1.37 std=  21.08 [P5  -40.45, P95  +25.57] (45.9s)
   PPO_narrow   mean=   +0.10 std=  21.61 [P5  -39.48, P95  +30.52] (45.7s)
   DeployNarrow reused from 36074271_28
   DeployWide   reused from 36074271_28
   ArrivalRebalance reused from 36074271_28
   CDM          reused from 36074271_28

  ---------------------------------------------------------------------------------------------------------------------------------
  Agent              |      Mean |       Std |    Median |        P5 |       P95 |    Skew |    Kurt |  Profit |   Spread |  Reb/ep
  ---------------------------------------------------------------------------------------------------------------------------------
  PPO                |     -1.37 |     21.08 |     +4.49 |    -40.45 |    +25.57 |   -1.14 |   +1.55 |   62.7% |   12.000 |    0.00
  PPO_narrow         |     +0.10 |     21.61 |     +4.59 |    -39.48 |    +30.52 |   -0.99 |   +1.41 |   63.9% |    2.000 |    0.00
  DeployNarrow       |     +0.10 |     21.61 |     +4.59 |    -39.48 |    +30.52 |   -0.99 |   +1.41 |   63.9% |    2.000 |    0.00
  DeployWide         |     -2.12 |     20.71 |     +3.51 |    -40.70 |    +23.25 |   -1.21 |   +1.60 |   62.2% |   30.000 |    0.00
  ArrivalRebalance   |    -34.61 |     25.82 |    -31.00 |    -78.28 |     +2.41 |   -0.82 |   +1.67 |    6.4% |    2.000 |    6.00
  CDM                |     -3.53 |     20.22 |     +0.00 |    -42.56 |    +21.31 |   -1.05 |   +1.70 |   46.0% |    1.001 |    0.05
  ---------------------------------------------------------------------------------------------------------------------------------

[54/60] GAS_COST=6/SEED=20/36178713_17   seed=20 vol=0.03 gas=6 phi=50 n_eval=1000
   PPO          mean=   +0.00 std=   0.00 [P5   +0.00, P95   +0.00] (44.0s)
   PPO_narrow   mean=   +0.00 std=   0.00 [P5   +0.00, P95   +0.00] (42.8s)
   DeployNarrow reused from 36074271_28
   DeployWide   reused from 36074271_28
   ArrivalRebalance reused from 36074271_28
   CDM          reused from 36074271_28

  ---------------------------------------------------------------------------------------------------------------------------------
  Agent              |      Mean |       Std |    Median |        P5 |       P95 |    Skew |    Kurt |  Profit |   Spread |  Reb/ep
  ---------------------------------------------------------------------------------------------------------------------------------
  PPO                |     +0.00 |      0.00 |     +0.00 |     +0.00 |     +0.00 |    +nan |    +nan |    0.0% |      nan |    0.00
  PPO_narrow         |     +0.00 |      0.00 |     +0.00 |     +0.00 |     +0.00 |    +nan |    +nan |    0.0% |      nan |    0.00
  DeployNarrow       |     +0.10 |     21.61 |     +4.59 |    -39.48 |    +30.52 |   -0.99 |   +1.41 |   63.9% |    2.000 |    0.00
  DeployWide         |     -2.12 |     20.71 |     +3.51 |    -40.70 |    +23.25 |   -1.21 |   +1.60 |   62.2% |   30.000 |    0.00
  ArrivalRebalance   |    -34.61 |     25.82 |    -31.00 |    -78.28 |     +2.41 |   -0.82 |   +1.67 |    6.4% |    2.000 |    6.00
  CDM                |     -3.53 |     20.22 |     +0.00 |    -42.56 |    +21.31 |   -1.05 |   +1.70 |   46.0% |    1.001 |    0.05
  ---------------------------------------------------------------------------------------------------------------------------------

[55/60] GAS_COST=6/SEED=4/36074271_10   seed=4 vol=0.03 gas=6 phi=0 n_eval=1000
   PPO          mean=   -2.09 std=  20.76 [P5  -40.71, P95  +23.34] (43.0s)
   PPO_narrow   mean=   -0.47 std=  21.55 [P5  -40.12, P95  +28.04] (42.8s)
   DeployNarrow reused from 36074271_28
   DeployWide   reused from 36074271_28
   ArrivalRebalance reused from 36074271_28
   CDM          reused from 36074271_28

  ---------------------------------------------------------------------------------------------------------------------------------
  Agent              |      Mean |       Std |    Median |        P5 |       P95 |    Skew |    Kurt |  Profit |   Spread |  Reb/ep
  ---------------------------------------------------------------------------------------------------------------------------------
  PPO                |     -2.09 |     20.76 |     +3.66 |    -40.71 |    +23.34 |   -1.20 |   +1.58 |   62.3% |   29.000 |    0.00
  PPO_narrow         |     -0.47 |     21.55 |     +6.03 |    -40.12 |    +28.04 |   -0.98 |   +1.41 |   56.9% |    2.000 |    0.00
  DeployNarrow       |     +0.10 |     21.61 |     +4.59 |    -39.48 |    +30.52 |   -0.99 |   +1.41 |   63.9% |    2.000 |    0.00
  DeployWide         |     -2.12 |     20.71 |     +3.51 |    -40.70 |    +23.25 |   -1.21 |   +1.60 |   62.2% |   30.000 |    0.00
  ArrivalRebalance   |    -34.61 |     25.82 |    -31.00 |    -78.28 |     +2.41 |   -0.82 |   +1.67 |    6.4% |    2.000 |    6.00
  CDM                |     -3.53 |     20.22 |     +0.00 |    -42.56 |    +21.31 |   -1.05 |   +1.70 |   46.0% |    1.001 |    0.05
  ---------------------------------------------------------------------------------------------------------------------------------

[56/60] GAS_COST=6/SEED=4/36074271_11   seed=4 vol=0.03 gas=6 phi=50 n_eval=1000
   PPO          mean=   -0.10 std=   2.24 [P5   +0.00, P95   +0.00] (44.7s)
   PPO_narrow   mean=   +0.00 std=   0.00 [P5   +0.00, P95   +0.00] (45.3s)
   DeployNarrow reused from 36074271_28
   DeployWide   reused from 36074271_28
   ArrivalRebalance reused from 36074271_28
   CDM          reused from 36074271_28

  ---------------------------------------------------------------------------------------------------------------------------------
  Agent              |      Mean |       Std |    Median |        P5 |       P95 |    Skew |    Kurt |  Profit |   Spread |  Reb/ep
  ---------------------------------------------------------------------------------------------------------------------------------
  PPO                |     -0.10 |      2.24 |     +0.00 |     +0.00 |     +0.00 |  -13.57 | +295.83 |    0.1% |   12.392 |    0.02
  PPO_narrow         |     +0.00 |      0.00 |     +0.00 |     +0.00 |     +0.00 |    +nan |    +nan |    0.0% |      nan |    0.00
  DeployNarrow       |     +0.10 |     21.61 |     +4.59 |    -39.48 |    +30.52 |   -0.99 |   +1.41 |   63.9% |    2.000 |    0.00
  DeployWide         |     -2.12 |     20.71 |     +3.51 |    -40.70 |    +23.25 |   -1.21 |   +1.60 |   62.2% |   30.000 |    0.00
  ArrivalRebalance   |    -34.61 |     25.82 |    -31.00 |    -78.28 |     +2.41 |   -0.82 |   +1.67 |    6.4% |    2.000 |    6.00
  CDM                |     -3.53 |     20.22 |     +0.00 |    -42.56 |    +21.31 |   -1.05 |   +1.70 |   46.0% |    1.001 |    0.05
  ---------------------------------------------------------------------------------------------------------------------------------

[57/60] GAS_COST=6/SEED=6/36074271_16   seed=6 vol=0.03 gas=6 phi=0 n_eval=1000
   PPO          mean=   -1.89 std=  20.57 [P5  -40.56, P95  +23.89] (45.6s)
   PPO_narrow   mean=   +0.10 std=  21.61 [P5  -39.48, P95  +30.52] (45.6s)
   DeployNarrow reused from 36074271_28
   DeployWide   reused from 36074271_28
   ArrivalRebalance reused from 36074271_28
   CDM          reused from 36074271_28

  ---------------------------------------------------------------------------------------------------------------------------------
  Agent              |      Mean |       Std |    Median |        P5 |       P95 |    Skew |    Kurt |  Profit |   Spread |  Reb/ep
  ---------------------------------------------------------------------------------------------------------------------------------
  PPO                |     -1.89 |     20.57 |     +2.95 |    -40.56 |    +23.89 |   -1.14 |   +1.61 |   62.5% |   20.000 |    0.00
  PPO_narrow         |     +0.10 |     21.61 |     +4.59 |    -39.48 |    +30.52 |   -0.99 |   +1.41 |   63.9% |    2.000 |    0.00
  DeployNarrow       |     +0.10 |     21.61 |     +4.59 |    -39.48 |    +30.52 |   -0.99 |   +1.41 |   63.9% |    2.000 |    0.00
  DeployWide         |     -2.12 |     20.71 |     +3.51 |    -40.70 |    +23.25 |   -1.21 |   +1.60 |   62.2% |   30.000 |    0.00
  ArrivalRebalance   |    -34.61 |     25.82 |    -31.00 |    -78.28 |     +2.41 |   -0.82 |   +1.67 |    6.4% |    2.000 |    6.00
  CDM                |     -3.53 |     20.22 |     +0.00 |    -42.56 |    +21.31 |   -1.05 |   +1.70 |   46.0% |    1.001 |    0.05
  ---------------------------------------------------------------------------------------------------------------------------------

[58/60] GAS_COST=6/SEED=6/36074271_17   seed=6 vol=0.03 gas=6 phi=50 n_eval=1000
   PPO          mean=   +0.00 std=   0.00 [P5   +0.00, P95   +0.00] (45.5s)
   PPO_narrow   mean=   +0.00 std=   0.00 [P5   +0.00, P95   +0.00] (45.4s)
   DeployNarrow reused from 36074271_28
   DeployWide   reused from 36074271_28
   ArrivalRebalance reused from 36074271_28
   CDM          reused from 36074271_28

  ---------------------------------------------------------------------------------------------------------------------------------
  Agent              |      Mean |       Std |    Median |        P5 |       P95 |    Skew |    Kurt |  Profit |   Spread |  Reb/ep
  ---------------------------------------------------------------------------------------------------------------------------------
  PPO                |     +0.00 |      0.00 |     +0.00 |     +0.00 |     +0.00 |    +nan |    +nan |    0.0% |      nan |    0.00
  PPO_narrow         |     +0.00 |      0.00 |     +0.00 |     +0.00 |     +0.00 |    +nan |    +nan |    0.0% |      nan |    0.00
  DeployNarrow       |     +0.10 |     21.61 |     +4.59 |    -39.48 |    +30.52 |   -0.99 |   +1.41 |   63.9% |    2.000 |    0.00
  DeployWide         |     -2.12 |     20.71 |     +3.51 |    -40.70 |    +23.25 |   -1.21 |   +1.60 |   62.2% |   30.000 |    0.00
  ArrivalRebalance   |    -34.61 |     25.82 |    -31.00 |    -78.28 |     +2.41 |   -0.82 |   +1.67 |    6.4% |    2.000 |    6.00
  CDM                |     -3.53 |     20.22 |     +0.00 |    -42.56 |    +21.31 |   -1.05 |   +1.70 |   46.0% |    1.001 |    0.05
  ---------------------------------------------------------------------------------------------------------------------------------

[59/60] GAS_COST=6/SEED=8/36074271_22   seed=8 vol=0.03 gas=6 phi=0 n_eval=1000
   PPO          mean=   -1.75 std=  20.69 [P5  -40.67, P95  +24.85] (45.6s)
   PPO_narrow   mean=   -0.47 std=  21.55 [P5  -40.12, P95  +28.04] (45.6s)
   DeployNarrow reused from 36074271_28
   DeployWide   reused from 36074271_28
   ArrivalRebalance reused from 36074271_28
   CDM          reused from 36074271_28

  ---------------------------------------------------------------------------------------------------------------------------------
  Agent              |      Mean |       Std |    Median |        P5 |       P95 |    Skew |    Kurt |  Profit |   Spread |  Reb/ep
  ---------------------------------------------------------------------------------------------------------------------------------
  PPO                |     -1.75 |     20.69 |     +2.92 |    -40.67 |    +24.85 |   -1.09 |   +1.56 |   63.0% |   16.000 |    0.00
  PPO_narrow         |     -0.47 |     21.55 |     +6.03 |    -40.12 |    +28.04 |   -0.98 |   +1.41 |   56.9% |    2.000 |    0.00
  DeployNarrow       |     +0.10 |     21.61 |     +4.59 |    -39.48 |    +30.52 |   -0.99 |   +1.41 |   63.9% |    2.000 |    0.00
  DeployWide         |     -2.12 |     20.71 |     +3.51 |    -40.70 |    +23.25 |   -1.21 |   +1.60 |   62.2% |   30.000 |    0.00
  ArrivalRebalance   |    -34.61 |     25.82 |    -31.00 |    -78.28 |     +2.41 |   -0.82 |   +1.67 |    6.4% |    2.000 |    6.00
  CDM                |     -3.53 |     20.22 |     +0.00 |    -42.56 |    +21.31 |   -1.05 |   +1.70 |   46.0% |    1.001 |    0.05
  ---------------------------------------------------------------------------------------------------------------------------------

[60/60] GAS_COST=6/SEED=8/36074271_23   seed=8 vol=0.03 gas=6 phi=50 n_eval=1000
   PPO          mean=   +0.01 std=   0.26 [P5   +0.00, P95   +0.00] (47.3s)
   PPO_narrow   mean=   +0.00 std=   0.00 [P5   +0.00, P95   +0.00] (45.4s)
   DeployNarrow reused from 36074271_28
   DeployWide   reused from 36074271_28
   ArrivalRebalance reused from 36074271_28
   CDM          reused from 36074271_28

  ---------------------------------------------------------------------------------------------------------------------------------
  Agent              |      Mean |       Std |    Median |        P5 |       P95 |    Skew |    Kurt |  Profit |   Spread |  Reb/ep
  ---------------------------------------------------------------------------------------------------------------------------------
  PPO                |     +0.01 |      0.26 |     +0.00 |     +0.00 |     +0.00 |   -0.29 | +309.10 |    0.3% |    8.000 |    0.00
  PPO_narrow         |     +0.00 |      0.00 |     +0.00 |     +0.00 |     +0.00 |    +nan |    +nan |    0.0% |      nan |    0.00
  DeployNarrow       |     +0.10 |     21.61 |     +4.59 |    -39.48 |    +30.52 |   -0.99 |   +1.41 |   63.9% |    2.000 |    0.00
  DeployWide         |     -2.12 |     20.71 |     +3.51 |    -40.70 |    +23.25 |   -1.21 |   +1.60 |   62.2% |   30.000 |    0.00
  ArrivalRebalance   |    -34.61 |     25.82 |    -31.00 |    -78.28 |     +2.41 |   -0.82 |   +1.67 |    6.4% |    2.000 |    6.00
  CDM                |     -3.53 |     20.22 |     +0.00 |    -42.56 |    +21.31 |   -1.05 |   +1.70 |   46.0% |    1.001 |    0.05
  ---------------------------------------------------------------------------------------------------------------------------------


Wrote 360 rows to reevaluated_paired.csv  (total 7735s)

============================================================================================
TRAINING VARIABILITY  (same market paths, different training seeds)
============================================================================================
  Dispersion is pure training variance: every row shares one
  evaluation seed (1005), so market paths are identical.
  mean / P5 / P95 are averaged across seeds; +/- is the std of the
  per-seed means. Table-ready form:  mean [P5, P95] +/- std

   gas    vol   phi agent          n      mean        P5       P95     CVaR5     CVaR1     +/-   p5 sd  p95 sd     cv%
  --------------------------------------------------------------------------------------------------------------------
     2   0.01     0 ArrivalRebalance  10    +30.61     +1.27    +66.10     -4.68    -13.46    0.00    0.00    0.00     0.0
     2   0.01    50 ArrivalRebalance  10    +30.61     +1.27    +66.10     -4.68    -13.46    0.00    0.00    0.00     0.0
     4   0.02     0 ArrivalRebalance  10     -3.75    -37.77    +29.97    -50.86    -70.99    0.00    0.00    0.00     0.0
     4   0.02    50 ArrivalRebalance  10     -3.75    -37.77    +29.97    -50.86    -70.99    0.00    0.00    0.00     0.0
     6   0.03     0 ArrivalRebalance  10    -34.61    -78.28     +2.41   -100.07   -132.35    0.00    0.00    0.00     0.0
     6   0.03    50 ArrivalRebalance  10    -34.61    -78.28     +2.41   -100.07   -132.35    0.00    0.00    0.00     0.0
     2   0.01     0 CDM           10    +24.56     +4.11    +42.87     -2.43    -12.35    0.00    0.00    0.00     0.0
     2   0.01    50 CDM           10    +24.56     +4.11    +42.87     -2.43    -12.35    0.00    0.00    0.00     0.0
     4   0.02     0 CDM           10    -89.78   -243.68    -10.65   -321.97   -444.13    0.00    0.00    0.00     0.0
     4   0.02    50 CDM           10    -89.78   -243.68    -10.65   -321.97   -444.13    0.00    0.00    0.00     0.0
     6   0.03     0 CDM           10     -3.53    -42.56    +21.31    -57.33    -78.00    0.00    0.00    0.00     0.0
     6   0.03    50 CDM           10     -3.53    -42.56    +21.31    -57.33    -78.00    0.00    0.00    0.00     0.0
     2   0.01     0 DeployNarrow  10    +15.85     -8.71    +46.93    -14.52    -24.15    0.00    0.00    0.00     0.0
     2   0.01    50 DeployNarrow  10    +15.85     -8.71    +46.93    -14.52    -24.15    0.00    0.00    0.00     0.0
     4   0.02     0 DeployNarrow  10     +6.48    -23.97    +34.81    -35.37    -50.71    0.00    0.00    0.00     0.0
     4   0.02    50 DeployNarrow  10     +6.48    -23.97    +34.81    -35.37    -50.71    0.00    0.00    0.00     0.0
     6   0.03     0 DeployNarrow  10     +0.10    -39.48    +30.52    -56.17    -77.52    0.00    0.00    0.00     0.0
     6   0.03    50 DeployNarrow  10     +0.10    -39.48    +30.52    -56.17    -77.52    0.00    0.00    0.00     0.0
     2   0.01     0 DeployWide    10    +12.78     -9.37    +37.77    -15.11    -23.35    0.00    0.00    0.00     0.0
     2   0.01    50 DeployWide    10    +12.78     -9.37    +37.77    -15.11    -23.35    0.00    0.00    0.00     0.0
     4   0.02     0 DeployWide    10     +4.09    -24.96    +27.80    -36.48    -51.60    0.00    0.00    0.00     0.0
     4   0.02    50 DeployWide    10     +4.09    -24.96    +27.80    -36.48    -51.60    0.00    0.00    0.00     0.0
     6   0.03     0 DeployWide    10     -2.12    -40.70    +23.25    -57.33    -78.77    0.00    0.00    0.00     0.0
     6   0.03    50 DeployWide    10     -2.12    -40.70    +23.25    -57.33    -78.77    0.00    0.00    0.00     0.0
     2   0.01     0 PPO           10    +42.31    +13.18    +72.82     +6.08     -4.69    0.97    0.99    2.09     2.3
     2   0.01    50 PPO           10    +30.36     +7.96    +55.10     +3.07     -3.33    1.60    1.21    2.30     5.3
     4   0.02     0 PPO           10     +5.33    -25.50    +32.88    -36.51    -51.51    0.65    0.99    1.67    12.2
     4   0.02    50 PPO           10     +1.49     -5.00     +8.75     -9.14    -14.31    0.16    0.52    0.48    10.8
     6   0.03     0 PPO           10     -1.42    -38.91    +24.11    -54.78    -75.62    0.80    5.02    3.53    56.8
     6   0.03    50 PPO           10     -0.00     +0.00     +0.09     -0.68     -2.80    0.04    0.00    0.28  1558.5
     2   0.01     0 PPO_narrow    10    +49.91    +17.21    +84.70     +9.15     -2.97    0.38    1.23    0.65     0.8
     2   0.01    50 PPO_narrow    10    +46.11    +16.10    +79.68     +9.32     -1.38    0.67    0.53    1.48     1.4
     4   0.02     0 PPO_narrow    10     +6.51    -24.40    +35.61    -35.69    -50.86    0.20    0.49    1.44     3.1
     4   0.02    50 PPO_narrow    10     +2.27     -4.58    +13.14     -8.86    -14.49    0.40    1.00    0.99    17.9
     6   0.03     0 PPO_narrow    10     -0.06    -37.38    +27.68    -52.68    -72.14    0.56    5.08    4.05   888.5
     6   0.03    50 PPO_narrow    10     -0.01     +0.00     +0.00     -0.16     -0.49    0.03    0.00    0.00   338.0
  --------------------------------------------------------------------------------------------------------------------

Wrote across-seed summary to reevaluated_paired_variability.csv
/Users/xarisk/Documents/PhD King's College London/v4_gym/saife_gym/SAiFE_gym/notebooks/../SAiFE_gym/agents/BaselineAgents.py:408: RuntimeWarning: divide by zero encountered in log
  tick_lower = np.log(price_lower) / np.log(exponential_value)
/Users/xarisk/Documents/PhD King's College London/v4_gym/saife_gym/SAiFE_gym/notebooks/../SAiFE_gym/gym/ModelDynamics.py:441: RuntimeWarning: invalid value encountered in divide
  alpha_current = np.where(wealth_with_pos > 0, token0_value / wealth_with_pos, 0.0)
/Users/xarisk/miniconda3/envs/SAiFE_eval/lib/python3.12/site-packages/scipy/stats/_wilcoxon.py:192: RuntimeWarning: invalid value encountered in scalar divide
  z = (r_plus - mn) / se


