run_id,run_dir,gas_cost,train_seed,volatility,reward_kind,inventory_phi,tau,decision_stride,eval_seed,n_eval,agent,mean_pnl,std_pnl,median_pnl,p5_pnl,p95_pnl,cvar5_pnl,cvar1_pnl,skew_pnl,kurt_pnl,profitable_frac,p_ttest,p_wilcoxon,mean_utility,mean_spread,spread_std_within,spread_std_between,mean_center,center_std_within,center_std_between,deploy_mean_center,deploy_center_std_within,deploy_center_std_between,deploys_per_ep,rebalances_per_ep,rebalance_rate_pct,decisions_per_ep,attrib_fees,attrib_il,attrib_gas,attrib_hodl,baseline_source_run
36073252_24,GAS_COST=2/SEED=10/36073252_24,2.0,10,0.01,inventory,0,15,100,1005,1000,PPO,41.943833881852264,17.673052466640982,41.93800670169935,14.3632928915219,71.25447258274627,5.978117931638176,-5.797958507649594,0.018311084804012934,0.03644494341389137,0.989,0.0,6.043515231770347e-165,41.943833881852264,5.172,2.482195662605522,1.1590582383987442,0.5457000000000001,26.567821286395628,9.74438974538683,-0.10866547619047617,3.3000331524379836,1.5285947423972366,7.272,6.272,62.720000000000006,10,67.18219563694697,12.501299475380234,12.544,-0.19306227971446974,
36073252_24,GAS_COST=2/SEED=10/36073252_24,2.0,10,0.01,inventory,0,15,100,1005,1000,PPO_narrow,49.39308311171882,20.65546061660114,48.556312575256584,14.858831879072358,84.03603766998428,8.85894258182753,-3.0129920940070294,0.12623888242724804,-0.07962294125178282,0.994,0.0,4.641001901494176e-165,49.39308311171882,2.0,0.0,0.0,0.733,26.649209491031435,9.820970980509005,-0.01962261904761905,2.3413459321099244,1.013118813368453,8.543,7.543,75.43,10,78.61141262836331,13.660554274505227,15.086,-0.47177524213926697,
36073252_24,GAS_COST=2/SEED=10/36073252_24,2.0,10,0.01,inventory,0,15,100,1005,1000,DeployNarrow,15.853083515013815,16.956191085381878,13.602949112645433,-8.712122030260673,46.928570278263656,-14.51668028381976,-24.147723319955094,0.5902063636490774,0.6281835443937513,0.853,2.0179327643643057e-138,1.312957613589948e-118,15.853083515013815,2.0,0.0,0.0,2.1089620000000004,36.82742706653936,56.63103662111931,0.0,0.0,0.0,1.0,0.0,0.0,1000,20.097888987877507,4.040975917870004,0.0,-0.2038295549936895,
36073252_24,GAS_COST=2/SEED=10/36073252_24,2.0,10,0.01,inventory,0,15,100,1005,1000,DeployWide,12.778933753980283,13.919367309882404,11.961434284768302,-9.371417503759556,37.770858544332846,-15.105149504433719,-23.347849320742046,0.1579411047030017,0.039718924975780556,0.838,9.102629756367264e-135,4.893484319113367e-110,12.778933753980283,30.0,0.0,0.0,2.1089620000000004,36.82742706653936,56.63103662111931,0.0,0.0,0.0,1.0,0.0,0.0,1000,16.685245762715283,3.6849859328057866,0.0,-0.22132607592921472,
36073252_24,GAS_COST=2/SEED=10/36073252_24,2.0,10,0.01,inventory,0,15,100,1005,1000,ArrivalRebalance,30.609372960446052,19.342621726104387,29.37027858997544,1.2689570261408507,66.0968112349984,-4.679519311254573,-13.464000839451945,0.500384365938578,0.4679963186620779,0.956,2.8145562623109036e-274,3.3007513620210018e-161,30.609372960446052,2.0,0.0,0.0,0.21988900000000006,25.84853499101164,10.696880282992748,0.0,0.0,0.0,5.51,4.51,0.451,1000,48.96146689415994,8.918276222902811,9.02,-0.4138177108110725,
36073252_24,GAS_COST=2/SEED=10/36073252_24,2.0,10,0.01,inventory,0,15,100,1005,1000,CDM,24.5565655138763,11.799920771427688,25.234650818770774,4.106808310302426,42.86796881336147,-2.427336274027143,-12.350241369351636,-0.3892137752724571,0.30982541411917364,0.973,0.0,1.3482951593962087e-162,24.5565655138763,29.914421,1.530331100545373,0.046296563144578966,0.10117349999999999,13.44940963671174,4.306702486490998,-1.9906157346738227,4.910211059961963,0.644396240959442,8.577,7.577,0.7577,1000,50.60152991375624,10.665572111111327,15.154,-0.22539228876861264,
36073252_25,GAS_COST=2/SEED=10/36073252_25,2.0,10,0.01,inventory,50,15,100,1005,1000,PPO,32.10062919464462,14.515905543213767,31.618371992810467,9.027435012670201,56.725773218737984,4.5498734855768,-1.0735826880693367,0.26203563709216726,0.04486634299900771,0.995,0.0,4.1907678880314294e-165,14.32178834945734,10.6015,4.630708290694991,3.313183929394805,-5.20905,27.325967483096072,10.336535473624613,-2.668295833333333,4.2598517685010755,2.2026333045086566,6.08,5.08,50.8,10,52.81957845875595,10.501373916929612,10.16,-0.057575347181706774,
36073252_25,GAS_COST=2/SEED=10/36073252_25,2.0,10,0.01,inventory,50,15,100,1005,1000,PPO_narrow,46.762859115470576,19.791377066562283,44.93392323454634,15.89316149977588,81.87687078816367,9.46102317081221,0.04512417900525634,0.20886310142120437,-0.16247633716715448,0.996,0.0,4.0425041743249477e-165,24.2482359737816,2.0,0.0,0.0,-2.5334000000000008,27.02532407223006,10.206064101307614,-0.4763253968253969,2.1538104107963765,1.0111912308779107,7.563,6.563,65.63,10,73.12794758210353,12.853008149338415,13.126,-0.38608031729453535,
36073252_25,GAS_COST=2/SEED=10/36073252_25,2.0,10,0.01,inventory,50,15,100,1005,1000,DeployNarrow,15.853083515013815,16.956191085381878,13.602949112645433,-8.712122030260673,46.928570278263656,-14.51668028381976,-24.147723319955094,0.5902063636490774,0.6281835443937513,0.853,2.0179327643643057e-138,1.312957613589948e-118,15.853083515013815,2.0,0.0,0.0,2.1089620000000004,36.82742706653936,56.63103662111931,0.0,0.0,0.0,1.0,0.0,0.0,1000,20.097888987877507,4.040975917870004,0.0,-0.2038295549936895,36073252_24
36073252_25,GAS_COST=2/SEED=10/36073252_25,2.0,10,0.01,inventory,50,15,100,1005,1000,DeployWide,12.778933753980283,13.919367309882404,11.961434284768302,-9.371417503759556,37.770858544332846,-15.105149504433719,-23.347849320742046,0.1579411047030017,0.039718924975780556,0.838,9.102629756367264e-135,4.893484319113367e-110,12.778933753980283,30.0,0.0,0.0,2.1089620000000004,36.82742706653936,56.63103662111931,0.0,0.0,0.0,1.0,0.0,0.0,1000,16.685245762715283,3.6849859328057866,0.0,-0.22132607592921472,36073252_24
36073252_25,GAS_COST=2/SEED=10/36073252_25,2.0,10,0.01,inventory,50,15,100,1005,1000,ArrivalRebalance,30.609372960446052,19.342621726104387,29.37027858997544,1.2689570261408507,66.0968112349984,-4.679519311254573,-13.464000839451945,0.500384365938578,0.4679963186620779,0.956,2.8145562623109036e-274,3.3007513620210018e-161,30.609372960446052,2.0,0.0,0.0,0.21988900000000006,25.84853499101164,10.696880282992748,0.0,0.0,0.0,5.51,4.51,0.451,1000,48.96146689415994,8.918276222902811,9.02,-0.4138177108110725,36073252_24
36073252_25,GAS_COST=2/SEED=10/36073252_25,2.0,10,0.01,inventory,50,15,100,1005,1000,CDM,24.5565655138763,11.799920771427688,25.234650818770774,4.106808310302426,42.86796881336147,-2.427336274027143,-12.350241369351636,-0.3892137752724571,0.30982541411917364,0.973,0.0,1.3482951593962087e-162,24.5565655138763,29.914421,1.530331100545373,0.046296563144578966,0.10117349999999999,13.44940963671174,4.306702486490998,-1.9906157346738227,4.910211059961963,0.644396240959442,8.577,7.577,0.7577,1000,50.60152991375624,10.665572111111327,15.154,-0.22539228876861264,36073252_24
36160714_0,GAS_COST=2/SEED=12/36160714_0,2.0,12,0.01,inventory,0,15,100,1005,1000,PPO,44.08527093711946,19.282534285091582,43.1259478876359,12.865264193563924,77.32967091795058,6.582069921344887,-3.580912445730553,0.1592517493327919,-0.09598172986593445,0.993,0.0,5.691542740679955e-165,44.08527093711946,3.5231000000000003,2.167009556966707,1.345346197080885,0.65565,26.644037219254532,9.871782036567662,0.1195563492063492,2.9113877625744586,1.379865036677071,7.022,6.022,60.220000000000006,10,68.94399850564304,12.451178116740895,12.044,-0.36354945178266873,
36160714_0,GAS_COST=2/SEED=12/36160714_0,2.0,12,0.01,inventory,0,15,100,1005,1000,PPO_narrow,50.344052900272075,21.203002320202067,48.65849513549017,17.647847707864685,84.81317546854653,9.477705994473038,-1.4532216895758097,0.15220345277290517,-0.2971180053234517,0.996,0.0,4.030387925371733e-165,50.344052900272075,2.0,0.0,0.0,0.5955,26.570730395382938,9.753047203310357,0.02875515873015874,2.241526064490621,0.9256025614837284,8.671,7.671,76.71000000000001,10,79.89386309484203,13.736311191822988,15.342,-0.4714990027469609,
36160714_0,GAS_COST=2/SEED=12/36160714_0,2.0,12,0.01,inventory,0,15,100,1005,1000,DeployNarrow,15.853083515013815,16.956191085381878,13.602949112645433,-8.712122030260673,46.928570278263656,-14.51668028381976,-24.147723319955094,0.5902063636490774,0.6281835443937513,0.853,2.0179327643643057e-138,1.312957613589948e-118,15.853083515013815,2.0,0.0,0.0,2.1089620000000004,36.82742706653936,56.63103662111931,0.0,0.0,0.0,1.0,0.0,0.0,1000,20.097888987877507,4.040975917870004,0.0,-0.2038295549936895,36073252_24
36160714_0,GAS_COST=2/SEED=12/36160714_0,2.0,12,0.01,inventory,0,15,100,1005,1000,DeployWide,12.778933753980283,13.919367309882404,11.961434284768302,-9.371417503759556,37.770858544332846,-15.105149504433719,-23.347849320742046,0.1579411047030017,0.039718924975780556,0.838,9.102629756367264e-135,4.893484319113367e-110,12.778933753980283,30.0,0.0,0.0,2.1089620000000004,36.82742706653936,56.63103662111931,0.0,0.0,0.0,1.0,0.0,0.0,1000,16.685245762715283,3.6849859328057866,0.0,-0.22132607592921472,36073252_24
36160714_0,GAS_COST=2/SEED=12/36160714_0,2.0,12,0.01,inventory,0,15,100,1005,1000,ArrivalRebalance,30.609372960446052,19.342621726104387,29.37027858997544,1.2689570261408507,66.0968112349984,-4.679519311254573,-13.464000839451945,0.500384365938578,0.4679963186620779,0.956,2.8145562623109036e-274,3.3007513620210018e-161,30.609372960446052,2.0,0.0,0.0,0.21988900000000006,25.84853499101164,10.696880282992748,0.0,0.0,0.0,5.51,4.51,0.451,1000,48.96146689415994,8.918276222902811,9.02,-0.4138177108110725,36073252_24
36160714_0,GAS_COST=2/SEED=12/36160714_0,2.0,12,0.01,inventory,0,15,100,1005,1000,CDM,24.5565655138763,11.799920771427688,25.234650818770774,4.106808310302426,42.86796881336147,-2.427336274027143,-12.350241369351636,-0.3892137752724571,0.30982541411917364,0.973,0.0,1.3482951593962087e-162,24.5565655138763,29.914421,1.530331100545373,0.046296563144578966,0.10117349999999999,13.44940963671174,4.306702486490998,-1.9906157346738227,4.910211059961963,0.644396240959442,8.577,7.577,0.7577,1000,50.60152991375624,10.665572111111327,15.154,-0.22539228876861264,36073252_24
36160714_1,GAS_COST=2/SEED=12/36160714_1,2.0,12,0.01,inventory,50,15,100,1005,1000,PPO,28.139869298560505,14.056509727982068,27.657015358023273,5.663263382936168,51.55979652898875,1.559332755399346,-2.8426002983994634,0.2421568802618165,-0.09920957963625598,0.991,0.0,7.300688778501109e-165,12.881414686709261,13.743400000000001,3.0789777798665,2.415635825202135,-8.781,28.272466188188115,11.71287983375566,-3.0608069444444443,3.869075930628368,2.263613108897465,5.062,4.062,40.620000000000005,10,45.54431484761969,9.073571495381008,8.124,-0.20687405367816916,
36160714_1,GAS_COST=2/SEED=12/36160714_1,2.0,12,0.01,inventory,50,15,100,1005,1000,PPO_narrow,44.8917229243929,19.09030419213341,43.99995565603467,16.06638704303819,77.97141288722172,9.252666828327929,-2.0316754443473544,0.2669814426664795,0.028809729431106046,0.996,0.0,4.3314418293435134e-165,23.30188948304998,2.0,0.0,0.0,-3.4701999999999997,27.07308093324484,10.856014552311544,-0.6806960317460319,2.4019400078060236,1.1568494620564476,7.251,6.251,62.510000000000005,10,70.1479644426133,12.460069719167095,12.502,-0.29417179905331425,
36160714_1,GAS_COST=2/SEED=12/36160714_1,2.0,12,0.01,inventory,50,15,100,1005,1000,DeployNarrow,15.853083515013815,16.956191085381878,13.602949112645433,-8.712122030260673,46.928570278263656,-14.51668028381976,-24.147723319955094,0.5902063636490774,0.6281835443937513,0.853,2.0179327643643057e-138,1.312957613589948e-118,15.853083515013815,2.0,0.0,0.0,2.1089620000000004,36.82742706653936,56.63103662111931,0.0,0.0,0.0,1.0,0.0,0.0,1000,20.097888987877507,4.040975917870004,0.0,-0.2038295549936895,36073252_24
36160714_1,GAS_COST=2/SEED=12/36160714_1,2.0,12,0.01,inventory,50,15,100,1005,1000,DeployWide,12.778933753980283,13.919367309882404,11.961434284768302,-9.371417503759556,37.770858544332846,-15.105149504433719,-23.347849320742046,0.1579411047030017,0.039718924975780556,0.838,9.102629756367264e-135,4.893484319113367e-110,12.778933753980283,30.0,0.0,0.0,2.1089620000000004,36.82742706653936,56.63103662111931,0.0,0.0,0.0,1.0,0.0,0.0,1000,16.685245762715283,3.6849859328057866,0.0,-0.22132607592921472,36073252_24
36160714_1,GAS_COST=2/SEED=12/36160714_1,2.0,12,0.01,inventory,50,15,100,1005,1000,ArrivalRebalance,30.609372960446052,19.342621726104387,29.37027858997544,1.2689570261408507,66.0968112349984,-4.679519311254573,-13.464000839451945,0.500384365938578,0.4679963186620779,0.956,2.8145562623109036e-274,3.3007513620210018e-161,30.609372960446052,2.0,0.0,0.0,0.21988900000000006,25.84853499101164,10.696880282992748,0.0,0.0,0.0,5.51,4.51,0.451,1000,48.96146689415994,8.918276222902811,9.02,-0.4138177108110725,36073252_24
36160714_1,GAS_COST=2/SEED=12/36160714_1,2.0,12,0.01,inventory,50,15,100,1005,1000,CDM,24.5565655138763,11.799920771427688,25.234650818770774,4.106808310302426,42.86796881336147,-2.427336274027143,-12.350241369351636,-0.3892137752724571,0.30982541411917364,0.973,0.0,1.3482951593962087e-162,24.5565655138763,29.914421,1.530331100545373,0.046296563144578966,0.10117349999999999,13.44940963671174,4.306702486490998,-1.9906157346738227,4.910211059961963,0.644396240959442,8.577,7.577,0.7577,1000,50.60152991375624,10.665572111111327,15.154,-0.22539228876861264,36073252_24
36160714_6,GAS_COST=2/SEED=14/36160714_6,2.0,14,0.01,inventory,0,15,100,1005,1000,PPO,42.45041255141046,17.947876161555325,42.23481326777198,13.126887806618681,71.92612989899786,6.198006655398472,-5.1278634368366856,0.07681867604066954,0.009427059391941661,0.992,0.0,5.490264050555738e-165,42.45041255141046,4.043100000000001,2.348630331007763,1.4041482792070072,-0.023550000000000067,26.818573355632836,9.669839083330187,-0.06584087301587302,2.739841534451049,1.263969222418881,6.935,5.935,59.35,10,66.89599487365767,12.307778519805936,11.87,-0.267803802441287,
36160714_6,GAS_COST=2/SEED=14/36160714_6,2.0,14,0.01,inventory,0,15,100,1005,1000,PPO_narrow,50.20758331068539,20.768469525232423,49.260028224540065,17.664060703378414,84.6504346136926,9.840357513822601,-2.993686315565719,0.18535139315191765,0.056757698061868034,0.996,0.0,4.613228467302368e-165,50.20758331068539,1.999,0.003000000000000005,0.009949874371066208,0.6720999999999999,26.636872753288248,9.758943415657251,0.03414841269841269,1.8521427674886737,0.7925521871583527,8.624,7.624,76.24,10,79.71812043930755,13.887861481722215,15.248,-0.3746756468999461,
36160714_6,GAS_COST=2/SEED=14/36160714_6,2.0,14,0.01,inventory,0,15,100,1005,1000,DeployNarrow,15.853083515013815,16.956191085381878,13.602949112645433,-8.712122030260673,46.928570278263656,-14.51668028381976,-24.147723319955094,0.5902063636490774,0.6281835443937513,0.853,2.0179327643643057e-138,1.312957613589948e-118,15.853083515013815,2.0,0.0,0.0,2.1089620000000004,36.82742706653936,56.63103662111931,0.0,0.0,0.0,1.0,0.0,0.0,1000,20.097888987877507,4.040975917870004,0.0,-0.2038295549936895,36073252_24
36160714_6,GAS_COST=2/SEED=14/36160714_6,2.0,14,0.01,inventory,0,15,100,1005,1000,DeployWide,12.778933753980283,13.919367309882404,11.961434284768302,-9.371417503759556,37.770858544332846,-15.105149504433719,-23.347849320742046,0.1579411047030017,0.039718924975780556,0.838,9.102629756367264e-135,4.893484319113367e-110,12.778933753980283,30.0,0.0,0.0,2.1089620000000004,36.82742706653936,56.63103662111931,0.0,0.0,0.0,1.0,0.0,0.0,1000,16.685245762715283,3.6849859328057866,0.0,-0.22132607592921472,36073252_24
36160714_6,GAS_COST=2/SEED=14/36160714_6,2.0,14,0.01,inventory,0,15,100,1005,1000,ArrivalRebalance,30.609372960446052,19.342621726104387,29.37027858997544,1.2689570261408507,66.0968112349984,-4.679519311254573,-13.464000839451945,0.500384365938578,0.4679963186620779,0.956,2.8145562623109036e-274,3.3007513620210018e-161,30.609372960446052,2.0,0.0,0.0,0.21988900000000006,25.84853499101164,10.696880282992748,0.0,0.0,0.0,5.51,4.51,0.451,1000,48.96146689415994,8.918276222902811,9.02,-0.4138177108110725,36073252_24
36160714_6,GAS_COST=2/SEED=14/36160714_6,2.0,14,0.01,inventory,0,15,100,1005,1000,CDM,24.5565655138763,11.799920771427688,25.234650818770774,4.106808310302426,42.86796881336147,-2.427336274027143,-12.350241369351636,-0.3892137752724571,0.30982541411917364,0.973,0.0,1.3482951593962087e-162,24.5565655138763,29.914421,1.530331100545373,0.046296563144578966,0.10117349999999999,13.44940963671174,4.306702486490998,-1.9906157346738227,4.910211059961963,0.644396240959442,8.577,7.577,0.7577,1000,50.60152991375624,10.665572111111327,15.154,-0.22539228876861264,36073252_24
36160714_7,GAS_COST=2/SEED=14/36160714_7,2.0,14,0.01,inventory,50,15,100,1005,1000,PPO,28.70387621603129,14.766398552256266,27.54590322030424,6.990007118904913,54.542276679309396,1.7594136865219208,-6.145055225034457,0.47956139722544977,0.5115615598341745,0.986,0.0,1.2905188056712823e-164,12.116419555813279,13.3391,6.4900356778948405,3.3053685407228044,-6.031350000000001,27.345997197356468,10.39590687133643,-3.331426190476191,4.229483803250756,1.7440307420298675,5.872,4.872,48.72,10,48.30060377847993,9.681820893207558,9.744,-0.17090666924108514,
36160714_7,GAS_COST=2/SEED=14/36160714_7,2.0,14,0.01,inventory,50,15,100,1005,1000,PPO_narrow,46.62110647383453,19.69873345909244,45.282098404807584,16.490830929839063,81.54387550540478,9.456189675121037,-1.351528927346601,0.22957789181546315,-0.15163177234372638,0.996,0.0,4.2160011735663175e-165,23.935805093301493,1.9841000000000002,0.03402062916156472,0.05636656810557123,-2.31155,27.027443012874276,10.030064511133515,-0.7231392857142858,2.3569039646232244,1.0617807689564467,7.656,6.656,66.56,10,73.29556617890927,13.046854491908597,13.312,-0.3156052131661586,
36160714_7,GAS_COST=2/SEED=14/36160714_7,2.0,14,0.01,inventory,50,15,100,1005,1000,DeployNarrow,15.853083515013815,16.956191085381878,13.602949112645433,-8.712122030260673,46.928570278263656,-14.51668028381976,-24.147723319955094,0.5902063636490774,0.6281835443937513,0.853,2.0179327643643057e-138,1.312957613589948e-118,15.853083515013815,2.0,0.0,0.0,2.1089620000000004,36.82742706653936,56.63103662111931,0.0,0.0,0.0,1.0,0.0,0.0,1000,20.097888987877507,4.040975917870004,0.0,-0.2038295549936895,36073252_24
36160714_7,GAS_COST=2/SEED=14/36160714_7,2.0,14,0.01,inventory,50,15,100,1005,1000,DeployWide,12.778933753980283,13.919367309882404,11.961434284768302,-9.371417503759556,37.770858544332846,-15.105149504433719,-23.347849320742046,0.1579411047030017,0.039718924975780556,0.838,9.102629756367264e-135,4.893484319113367e-110,12.778933753980283,30.0,0.0,0.0,2.1089620000000004,36.82742706653936,56.63103662111931,0.0,0.0,0.0,1.0,0.0,0.0,1000,16.685245762715283,3.6849859328057866,0.0,-0.22132607592921472,36073252_24
36160714_7,GAS_COST=2/SEED=14/36160714_7,2.0,14,0.01,inventory,50,15,100,1005,1000,ArrivalRebalance,30.609372960446052,19.342621726104387,29.37027858997544,1.2689570261408507,66.0968112349984,-4.679519311254573,-13.464000839451945,0.500384365938578,0.4679963186620779,0.956,2.8145562623109036e-274,3.3007513620210018e-161,30.609372960446052,2.0,0.0,0.0,0.21988900000000006,25.84853499101164,10.696880282992748,0.0,0.0,0.0,5.51,4.51,0.451,1000,48.96146689415994,8.918276222902811,9.02,-0.4138177108110725,36073252_24
36160714_7,GAS_COST=2/SEED=14/36160714_7,2.0,14,0.01,inventory,50,15,100,1005,1000,CDM,24.5565655138763,11.799920771427688,25.234650818770774,4.106808310302426,42.86796881336147,-2.427336274027143,-12.350241369351636,-0.3892137752724571,0.30982541411917364,0.973,0.0,1.3482951593962087e-162,24.5565655138763,29.914421,1.530331100545373,0.046296563144578966,0.10117349999999999,13.44940963671174,4.306702486490998,-1.9906157346738227,4.910211059961963,0.644396240959442,8.577,7.577,0.7577,1000,50.60152991375624,10.665572111111327,15.154,-0.22539228876861264,36073252_24
36160714_12,GAS_COST=2/SEED=16/36160714_12,2.0,16,0.01,inventory,0,15,100,1005,1000,PPO,43.15397126838901,17.345353382138992,43.265213742534115,14.705669244864868,72.27426686665189,7.990626901767773,-3.299798683315976,-0.00682936082382888,-0.06008695136145725,0.995,0.0,4.725328121097022e-165,43.15397126838901,4.665,2.7368795411956737,1.5312070402137001,0.3051,26.639753581014542,9.856659119093042,-0.1771660714285714,2.6285070283171965,1.2093655905678897,7.316,6.316,63.160000000000004,10,68.7673095185791,12.660032895519242,12.632,-0.3213053546708533,
36160714_12,GAS_COST=2/SEED=16/36160714_12,2.0,16,0.01,inventory,0,15,100,1005,1000,PPO_narrow,49.85162356111717,20.49925373334218,49.05741374336753,18.332777660225116,84.17178747525273,9.632688764050744,-2.7640265196284077,0.11157394266654788,-0.12373416311578289,0.995,0.0,4.517322106650724e-165,49.85162356111717,2.0,0.0,0.0,0.1919,26.532363960967114,9.718897282613908,-0.1952575396825397,2.0705780148475585,0.9092476294547206,8.761,7.761,77.61,10,79.78099435316558,14.068379072349876,15.522,-0.33899171969854724,
36160714_12,GAS_COST=2/SEED=16/36160714_12,2.0,16,0.01,inventory,0,15,100,1005,1000,DeployNarrow,15.853083515013815,16.956191085381878,13.602949112645433,-8.712122030260673,46.928570278263656,-14.51668028381976,-24.147723319955094,0.5902063636490774,0.6281835443937513,0.853,2.0179327643643057e-138,1.312957613589948e-118,15.853083515013815,2.0,0.0,0.0,2.1089620000000004,36.82742706653936,56.63103662111931,0.0,0.0,0.0,1.0,0.0,0.0,1000,20.097888987877507,4.040975917870004,0.0,-0.2038295549936895,36073252_24
36160714_12,GAS_COST=2/SEED=16/36160714_12,2.0,16,0.01,inventory,0,15,100,1005,1000,DeployWide,12.778933753980283,13.919367309882404,11.961434284768302,-9.371417503759556,37.770858544332846,-15.105149504433719,-23.347849320742046,0.1579411047030017,0.039718924975780556,0.838,9.102629756367264e-135,4.893484319113367e-110,12.778933753980283,30.0,0.0,0.0,2.1089620000000004,36.82742706653936,56.63103662111931,0.0,0.0,0.0,1.0,0.0,0.0,1000,16.685245762715283,3.6849859328057866,0.0,-0.22132607592921472,36073252_24
36160714_12,GAS_COST=2/SEED=16/36160714_12,2.0,16,0.01,inventory,0,15,100,1005,1000,ArrivalRebalance,30.609372960446052,19.342621726104387,29.37027858997544,1.2689570261408507,66.0968112349984,-4.679519311254573,-13.464000839451945,0.500384365938578,0.4679963186620779,0.956,2.8145562623109036e-274,3.3007513620210018e-161,30.609372960446052,2.0,0.0,0.0,0.21988900000000006,25.84853499101164,10.696880282992748,0.0,0.0,0.0,5.51,4.51,0.451,1000,48.96146689415994,8.918276222902811,9.02,-0.4138177108110725,36073252_24
36160714_12,GAS_COST=2/SEED=16/36160714_12,2.0,16,0.01,inventory,0,15,100,1005,1000,CDM,24.5565655138763,11.799920771427688,25.234650818770774,4.106808310302426,42.86796881336147,-2.427336274027143,-12.350241369351636,-0.3892137752724571,0.30982541411917364,0.973,0.0,1.3482951593962087e-162,24.5565655138763,29.914421,1.530331100545373,0.046296563144578966,0.10117349999999999,13.44940963671174,4.306702486490998,-1.9906157346738227,4.910211059961963,0.644396240959442,8.577,7.577,0.7577,1000,50.60152991375624,10.665572111111327,15.154,-0.22539228876861264,36073252_24
36160714_13,GAS_COST=2/SEED=16/36160714_13,2.0,16,0.01,inventory,50,15,100,1005,1000,PPO,31.705372963141954,14.677823250913946,31.279796249847664,8.16625539779198,56.05380006164075,1.4272358662568216,-5.192691730796582,0.10743122586756072,0.15017482473331922,0.981,0.0,1.1724923615747042e-164,13.793206115452314,11.8536,4.875206779665123,3.36454261973303,-4.7676,27.21768234910516,10.123428531875948,-2.119618650793651,3.91077057510528,1.821509242268906,6.282,5.282,52.82000000000001,10,52.82915951949836,10.393934752356554,10.564,-0.16585180399984892,
36160714_13,GAS_COST=2/SEED=16/36160714_13,2.0,16,0.01,inventory,50,15,100,1005,1000,PPO_narrow,46.83785764098819,19.316060446846542,45.861113261043215,16.766401576109526,78.90259113483464,9.746822556913164,0.11154511685067518,0.18154774251371247,-0.16677297475526576,0.996,0.0,3.841387285589504e-165,23.86339086231262,2.0,0.0,0.0,-2.024,26.804534449234346,10.197283167589296,-0.4581611111111111,2.3214510736326854,1.0775391593365078,7.85,6.85,68.5,10,74.01677289058466,13.17731061564033,13.7,-0.30160463395612924,
36160714_13,GAS_COST=2/SEED=16/36160714_13,2.0,16,0.01,inventory,50,15,100,1005,1000,DeployNarrow,15.853083515013815,16.956191085381878,13.602949112645433,-8.712122030260673,46.928570278263656,-14.51668028381976,-24.147723319955094,0.5902063636490774,0.6281835443937513,0.853,2.0179327643643057e-138,1.312957613589948e-118,15.853083515013815,2.0,0.0,0.0,2.1089620000000004,36.82742706653936,56.63103662111931,0.0,0.0,0.0,1.0,0.0,0.0,1000,20.097888987877507,4.040975917870004,0.0,-0.2038295549936895,36073252_24
36160714_13,GAS_COST=2/SEED=16/36160714_13,2.0,16,0.01,inventory,50,15,100,1005,1000,DeployWide,12.778933753980283,13.919367309882404,11.961434284768302,-9.371417503759556,37.770858544332846,-15.105149504433719,-23.347849320742046,0.1579411047030017,0.039718924975780556,0.838,9.102629756367264e-135,4.893484319113367e-110,12.778933753980283,30.0,0.0,0.0,2.1089620000000004,36.82742706653936,56.63103662111931,0.0,0.0,0.0,1.0,0.0,0.0,1000,16.685245762715283,3.6849859328057866,0.0,-0.22132607592921472,36073252_24
36160714_13,GAS_COST=2/SEED=16/36160714_13,2.0,16,0.01,inventory,50,15,100,1005,1000,ArrivalRebalance,30.609372960446052,19.342621726104387,29.37027858997544,1.2689570261408507,66.0968112349984,-4.679519311254573,-13.464000839451945,0.500384365938578,0.4679963186620779,0.956,2.8145562623109036e-274,3.3007513620210018e-161,30.609372960446052,2.0,0.0,0.0,0.21988900000000006,25.84853499101164,10.696880282992748,0.0,0.0,0.0,5.51,4.51,0.451,1000,48.96146689415994,8.918276222902811,9.02,-0.4138177108110725,36073252_24
36160714_13,GAS_COST=2/SEED=16/36160714_13,2.0,16,0.01,inventory,50,15,100,1005,1000,CDM,24.5565655138763,11.799920771427688,25.234650818770774,4.106808310302426,42.86796881336147,-2.427336274027143,-12.350241369351636,-0.3892137752724571,0.30982541411917364,0.973,0.0,1.3482951593962087e-162,24.5565655138763,29.914421,1.530331100545373,0.046296563144578966,0.10117349999999999,13.44940963671174,4.306702486490998,-1.9906157346738227,4.910211059961963,0.644396240959442,8.577,7.577,0.7577,1000,50.60152991375624,10.665572111111327,15.154,-0.22539228876861264,36073252_24
36160714_18,GAS_COST=2/SEED=18/36160714_18,2.0,18,0.01,inventory,0,15,100,1005,1000,PPO,42.51386800343147,17.712376617602548,42.16285026310754,13.721590447369646,72.04205964504321,6.62964554549706,-4.329846057619932,0.017603264687106296,-0.08027847015805101,0.992,0.0,5.312009820967889e-165,42.51386800343147,4.1265,2.554078767204971,1.7672656138792493,0.5086499999999999,26.635300816576127,9.781927349837556,-0.13738492063492064,3.450509607876414,1.541000905863257,7.089,6.089,60.89000000000001,10,67.36162282542767,12.4073404616439,12.178,-0.26241436035232035,
36160714_18,GAS_COST=2/SEED=18/36160714_18,2.0,18,0.01,inventory,0,15,100,1005,1000,PPO_narrow,49.376020874754246,20.726855173334208,48.795624305300635,16.09708617744958,85.2103287415132,8.925382143244105,-3.9529176574730287,0.1007016683583417,-0.21780324535577789,0.993,0.0,4.682975459789221e-165,49.376020874754246,1.9858000000000002,0.03643303027798238,0.043570173284025404,0.8613,26.48020976222669,9.759990128581073,0.1321470238095238,2.5624697572279267,1.1593703262362849,8.283,7.283,72.83000000000001,10,77.88719101763337,13.520011078815418,14.566,-0.4251590640637196,
36160714_18,GAS_COST=2/SEED=18/36160714_18,2.0,18,0.01,inventory,0,15,100,1005,1000,DeployNarrow,15.853083515013815,16.956191085381878,13.602949112645433,-8.712122030260673,46.928570278263656,-14.51668028381976,-24.147723319955094,0.5902063636490774,0.6281835443937513,0.853,2.0179327643643057e-138,1.312957613589948e-118,15.853083515013815,2.0,0.0,0.0,2.1089620000000004,36.82742706653936,56.63103662111931,0.0,0.0,0.0,1.0,0.0,0.0,1000,20.097888987877507,4.040975917870004,0.0,-0.2038295549936895,36073252_24
36160714_18,GAS_COST=2/SEED=18/36160714_18,2.0,18,0.01,inventory,0,15,100,1005,1000,DeployWide,12.778933753980283,13.919367309882404,11.961434284768302,-9.371417503759556,37.770858544332846,-15.105149504433719,-23.347849320742046,0.1579411047030017,0.039718924975780556,0.838,9.102629756367264e-135,4.893484319113367e-110,12.778933753980283,30.0,0.0,0.0,2.1089620000000004,36.82742706653936,56.63103662111931,0.0,0.0,0.0,1.0,0.0,0.0,1000,16.685245762715283,3.6849859328057866,0.0,-0.22132607592921472,36073252_24
36160714_18,GAS_COST=2/SEED=18/36160714_18,2.0,18,0.01,inventory,0,15,100,1005,1000,ArrivalRebalance,30.609372960446052,19.342621726104387,29.37027858997544,1.2689570261408507,66.0968112349984,-4.679519311254573,-13.464000839451945,0.500384365938578,0.4679963186620779,0.956,2.8145562623109036e-274,3.3007513620210018e-161,30.609372960446052,2.0,0.0,0.0,0.21988900000000006,25.84853499101164,10.696880282992748,0.0,0.0,0.0,5.51,4.51,0.451,1000,48.96146689415994,8.918276222902811,9.02,-0.4138177108110725,36073252_24
36160714_18,GAS_COST=2/SEED=18/36160714_18,2.0,18,0.01,inventory,0,15,100,1005,1000,CDM,24.5565655138763,11.799920771427688,25.234650818770774,4.106808310302426,42.86796881336147,-2.427336274027143,-12.350241369351636,-0.3892137752724571,0.30982541411917364,0.973,0.0,1.3482951593962087e-162,24.5565655138763,29.914421,1.530331100545373,0.046296563144578966,0.10117349999999999,13.44940963671174,4.306702486490998,-1.9906157346738227,4.910211059961963,0.644396240959442,8.577,7.577,0.7577,1000,50.60152991375624,10.665572111111327,15.154,-0.22539228876861264,36073252_24
36160714_19,GAS_COST=2/SEED=18/36160714_19,2.0,18,0.01,inventory,50,15,100,1005,1000,PPO,29.753183113856906,13.8211504790194,29.582127315147318,8.297048765815441,52.67830474142433,2.59109867986979,-5.084023476090147,0.182763212368234,0.11270636224135488,0.987,0.0,8.405825514655476e-165,12.588118896511707,14.518,5.268478981979328,3.1660789630077137,-5.6564,27.322318900205808,11.427204559296207,-2.75635376984127,4.201065468994686,2.0909761545918766,5.452,4.452,44.519999999999996,10,48.407961539679306,9.638234236630982,8.904,-0.11254418919141773,
36160714_19,GAS_COST=2/SEED=18/36160714_19,2.0,18,0.01,inventory,50,15,100,1005,1000,PPO_narrow,46.35663011798492,19.65357946882812,44.61625849251277,16.60126720196945,80.76033642414822,10.204739778740768,-2.2193260272493944,0.24796156606476455,-0.17834070331933738,0.994,0.0,3.899479111462461e-165,23.59469305417916,2.0,0.0,0.0,-2.537,27.210754792211322,10.618691586066525,-0.5125551587301589,2.2153032641162627,1.0292924963608965,7.478,6.478,64.78,10,72.37860041150503,12.712286516878864,12.956,-0.3536837766412612,
36160714_19,GAS_COST=2/SEED=18/36160714_19,2.0,18,0.01,inventory,50,15,100,1005,1000,DeployNarrow,15.853083515013815,16.956191085381878,13.602949112645433,-8.712122030260673,46.928570278263656,-14.51668028381976,-24.147723319955094,0.5902063636490774,0.6281835443937513,0.853,2.0179327643643057e-138,1.312957613589948e-118,15.853083515013815,2.0,0.0,0.0,2.1089620000000004,36.82742706653936,56.63103662111931,0.0,0.0,0.0,1.0,0.0,0.0,1000,20.097888987877507,4.040975917870004,0.0,-0.2038295549936895,36073252_24
36160714_19,GAS_COST=2/SEED=18/36160714_19,2.0,18,0.01,inventory,50,15,100,1005,1000,DeployWide,12.778933753980283,13.919367309882404,11.961434284768302,-9.371417503759556,37.770858544332846,-15.105149504433719,-23.347849320742046,0.1579411047030017,0.039718924975780556,0.838,9.102629756367264e-135,4.893484319113367e-110,12.778933753980283,30.0,0.0,0.0,2.1089620000000004,36.82742706653936,56.63103662111931,0.0,0.0,0.0,1.0,0.0,0.0,1000,16.685245762715283,3.6849859328057866,0.0,-0.22132607592921472,36073252_24
36160714_19,GAS_COST=2/SEED=18/36160714_19,2.0,18,0.01,inventory,50,15,100,1005,1000,ArrivalRebalance,30.609372960446052,19.342621726104387,29.37027858997544,1.2689570261408507,66.0968112349984,-4.679519311254573,-13.464000839451945,0.500384365938578,0.4679963186620779,0.956,2.8145562623109036e-274,3.3007513620210018e-161,30.609372960446052,2.0,0.0,0.0,0.21988900000000006,25.84853499101164,10.696880282992748,0.0,0.0,0.0,5.51,4.51,0.451,1000,48.96146689415994,8.918276222902811,9.02,-0.4138177108110725,36073252_24
36160714_19,GAS_COST=2/SEED=18/36160714_19,2.0,18,0.01,inventory,50,15,100,1005,1000,CDM,24.5565655138763,11.799920771427688,25.234650818770774,4.106808310302426,42.86796881336147,-2.427336274027143,-12.350241369351636,-0.3892137752724571,0.30982541411917364,0.973,0.0,1.3482951593962087e-162,24.5565655138763,29.914421,1.530331100545373,0.046296563144578966,0.10117349999999999,13.44940963671174,4.306702486490998,-1.9906157346738227,4.910211059961963,0.644396240959442,8.577,7.577,0.7577,1000,50.60152991375624,10.665572111111327,15.154,-0.22539228876861264,36073252_24
36073252_0,GAS_COST=2/SEED=2/36073252_0,2.0,2,0.01,inventory,0,15,100,1005,1000,PPO,40.44392803361032,17.930700808899914,39.7320458907501,11.92226999263183,71.06842380515971,5.136346575271159,-4.275334261932381,0.16913106348821544,-0.10392324147475263,0.989,0.0,5.232907307531381e-165,40.44392803361032,6.5554,3.3642960837777665,1.421601505345292,0.147,26.668817175384984,9.608268626552862,-0.11900873015873016,3.220800705034262,1.3562423740223304,7.208,6.208,62.080000000000005,10,65.35932749605615,12.145397441253925,12.416,-0.3540020211919109,
36073252_0,GAS_COST=2/SEED=2/36073252_0,2.0,2,0.01,inventory,0,15,100,1005,1000,PPO_narrow,50.33499031964307,21.347091879487703,49.94966492926949,17.205741961025154,85.432358414809,7.805991185075436,-6.7064134219984455,0.09738813068861739,0.0997939396412586,0.993,0.0,6.814007759452127e-165,50.33499031964307,1.9994,0.0016000000000000016,0.008924124606929245,0.6587000000000001,26.552249421646025,9.72066943733815,-0.12034781746031746,1.7449356140795598,0.7105088425778767,8.767,7.767,77.67,10,80.24360052409054,13.886518592584926,15.534,-0.48809161186253947,
36073252_0,GAS_COST=2/SEED=2/36073252_0,2.0,2,0.01,inventory,0,15,100,1005,1000,DeployNarrow,15.853083515013815,16.956191085381878,13.602949112645433,-8.712122030260673,46.928570278263656,-14.51668028381976,-24.147723319955094,0.5902063636490774,0.6281835443937513,0.853,2.0179327643643057e-138,1.312957613589948e-118,15.853083515013815,2.0,0.0,0.0,2.1089620000000004,36.82742706653936,56.63103662111931,0.0,0.0,0.0,1.0,0.0,0.0,1000,20.097888987877507,4.040975917870004,0.0,-0.2038295549936895,36073252_24
36073252_0,GAS_COST=2/SEED=2/36073252_0,2.0,2,0.01,inventory,0,15,100,1005,1000,DeployWide,12.778933753980283,13.919367309882404,11.961434284768302,-9.371417503759556,37.770858544332846,-15.105149504433719,-23.347849320742046,0.1579411047030017,0.039718924975780556,0.838,9.102629756367264e-135,4.893484319113367e-110,12.778933753980283,30.0,0.0,0.0,2.1089620000000004,36.82742706653936,56.63103662111931,0.0,0.0,0.0,1.0,0.0,0.0,1000,16.685245762715283,3.6849859328057866,0.0,-0.22132607592921472,36073252_24
36073252_0,GAS_COST=2/SEED=2/36073252_0,2.0,2,0.01,inventory,0,15,100,1005,1000,ArrivalRebalance,30.609372960446052,19.342621726104387,29.37027858997544,1.2689570261408507,66.0968112349984,-4.679519311254573,-13.464000839451945,0.500384365938578,0.4679963186620779,0.956,2.8145562623109036e-274,3.3007513620210018e-161,30.609372960446052,2.0,0.0,0.0,0.21988900000000006,25.84853499101164,10.696880282992748,0.0,0.0,0.0,5.51,4.51,0.451,1000,48.96146689415994,8.918276222902811,9.02,-0.4138177108110725,36073252_24
36073252_0,GAS_COST=2/SEED=2/36073252_0,2.0,2,0.01,inventory,0,15,100,1005,1000,CDM,24.5565655138763,11.799920771427688,25.234650818770774,4.106808310302426,42.86796881336147,-2.427336274027143,-12.350241369351636,-0.3892137752724571,0.30982541411917364,0.973,0.0,1.3482951593962087e-162,24.5565655138763,29.914421,1.530331100545373,0.046296563144578966,0.10117349999999999,13.44940963671174,4.306702486490998,-1.9906157346738227,4.910211059961963,0.644396240959442,8.577,7.577,0.7577,1000,50.60152991375624,10.665572111111327,15.154,-0.22539228876861264,36073252_24
36073252_1,GAS_COST=2/SEED=2/36073252_1,2.0,2,0.01,inventory,50,15,100,1005,1000,PPO,32.78232666225576,14.673631239256657,32.394890925154186,9.959720458979712,57.726009749553754,6.057731053410084,0.4287454397419651,0.33126819141914415,-0.022340286486373095,0.997,0.0,3.5105433812339783e-165,14.906436036995704,12.154,5.259895404574635,2.9176538519845017,-4.7707999999999995,27.12098523914982,10.144771183225375,-2.245505952380953,3.770095882756504,1.821201606116006,6.215,5.215,52.15,10,53.791350512391375,10.43517702648293,10.43,-0.14384682365269025,
36073252_1,GAS_COST=2/SEED=2/36073252_1,2.0,2,0.01,inventory,50,15,100,1005,1000,PPO_narrow,46.38141578074188,20.11197130238675,45.322818624927095,15.47576238188911,80.5031213786651,8.527971632520178,-1.4033550750658719,0.286951804954538,0.06412850163316808,0.995,0.0,4.517322106650724e-165,23.73462677853557,2.0,0.0,0.0,-2.2312,26.76620855852247,10.113042398803637,-0.40944682539682536,2.733917627930998,1.2468270885965,8.436,7.436,74.36,10,74.77023449413633,13.20291653338257,14.872,-0.31390218001187564,
36073252_1,GAS_COST=2/SEED=2/36073252_1,2.0,2,0.01,inventory,50,15,100,1005,1000,DeployNarrow,15.853083515013815,16.956191085381878,13.602949112645433,-8.712122030260673,46.928570278263656,-14.51668028381976,-24.147723319955094,0.5902063636490774,0.6281835443937513,0.853,2.0179327643643057e-138,1.312957613589948e-118,15.853083515013815,2.0,0.0,0.0,2.1089620000000004,36.82742706653936,56.63103662111931,0.0,0.0,0.0,1.0,0.0,0.0,1000,20.097888987877507,4.040975917870004,0.0,-0.2038295549936895,36073252_24
36073252_1,GAS_COST=2/SEED=2/36073252_1,2.0,2,0.01,inventory,50,15,100,1005,1000,DeployWide,12.778933753980283,13.919367309882404,11.961434284768302,-9.371417503759556,37.770858544332846,-15.105149504433719,-23.347849320742046,0.1579411047030017,0.039718924975780556,0.838,9.102629756367264e-135,4.893484319113367e-110,12.778933753980283,30.0,0.0,0.0,2.1089620000000004,36.82742706653936,56.63103662111931,0.0,0.0,0.0,1.0,0.0,0.0,1000,16.685245762715283,3.6849859328057866,0.0,-0.22132607592921472,36073252_24
36073252_1,GAS_COST=2/SEED=2/36073252_1,2.0,2,0.01,inventory,50,15,100,1005,1000,ArrivalRebalance,30.609372960446052,19.342621726104387,29.37027858997544,1.2689570261408507,66.0968112349984,-4.679519311254573,-13.464000839451945,0.500384365938578,0.4679963186620779,0.956,2.8145562623109036e-274,3.3007513620210018e-161,30.609372960446052,2.0,0.0,0.0,0.21988900000000006,25.84853499101164,10.696880282992748,0.0,0.0,0.0,5.51,4.51,0.451,1000,48.96146689415994,8.918276222902811,9.02,-0.4138177108110725,36073252_24
36073252_1,GAS_COST=2/SEED=2/36073252_1,2.0,2,0.01,inventory,50,15,100,1005,1000,CDM,24.5565655138763,11.799920771427688,25.234650818770774,4.106808310302426,42.86796881336147,-2.427336274027143,-12.350241369351636,-0.3892137752724571,0.30982541411917364,0.973,0.0,1.3482951593962087e-162,24.5565655138763,29.914421,1.530331100545373,0.046296563144578966,0.10117349999999999,13.44940963671174,4.306702486490998,-1.9906157346738227,4.910211059961963,0.644396240959442,8.577,7.577,0.7577,1000,50.60152991375624,10.665572111111327,15.154,-0.22539228876861264,36073252_24
36160714_24,GAS_COST=2/SEED=20/36160714_24,2.0,20,0.01,inventory,0,15,100,1005,1000,PPO,42.314903732620536,18.677042150561988,41.30182685035527,13.569664666493106,73.4244176574493,4.678169193635174,-5.770968714669652,0.04557770643656833,-0.17880508837693698,0.987,0.0,6.692466461468e-165,42.314903732620536,4.241899999999999,2.8431457554330017,1.8166877524770182,0.13374999999999995,26.61522771535191,9.947318655672994,-0.38486944444444443,2.8007695380775193,1.1481523396714677,7.199,6.199,61.989999999999995,10,67.46869875753562,12.440958827801103,12.398,-0.3148361971139766,
36160714_24,GAS_COST=2/SEED=20/36160714_24,2.0,20,0.01,inventory,0,15,100,1005,1000,PPO_narrow,50.24201938929123,20.879521259940788,49.89602116839194,18.9812050039786,85.61869084582737,8.818698004757527,-3.0417276517801723,0.10258406064493975,-0.1687435033471716,0.993,0.0,4.292615064113592e-165,50.24201938929123,1.9918999999999998,0.02310000000000003,0.029400510199654718,0.45155,26.54459154701157,9.631218256144962,-0.3483684523809524,2.2204837051391837,1.0015830121862588,8.71,7.71,77.1,10,79.91296948279717,13.772434977337111,15.42,-0.478515116168836,
36160714_24,GAS_COST=2/SEED=20/36160714_24,2.0,20,0.01,inventory,0,15,100,1005,1000,DeployNarrow,15.853083515013815,16.956191085381878,13.602949112645433,-8.712122030260673,46.928570278263656,-14.51668028381976,-24.147723319955094,0.5902063636490774,0.6281835443937513,0.853,2.0179327643643057e-138,1.312957613589948e-118,15.853083515013815,2.0,0.0,0.0,2.1089620000000004,36.82742706653936,56.63103662111931,0.0,0.0,0.0,1.0,0.0,0.0,1000,20.097888987877507,4.040975917870004,0.0,-0.2038295549936895,36073252_24
36160714_24,GAS_COST=2/SEED=20/36160714_24,2.0,20,0.01,inventory,0,15,100,1005,1000,DeployWide,12.778933753980283,13.919367309882404,11.961434284768302,-9.371417503759556,37.770858544332846,-15.105149504433719,-23.347849320742046,0.1579411047030017,0.039718924975780556,0.838,9.102629756367264e-135,4.893484319113367e-110,12.778933753980283,30.0,0.0,0.0,2.1089620000000004,36.82742706653936,56.63103662111931,0.0,0.0,0.0,1.0,0.0,0.0,1000,16.685245762715283,3.6849859328057866,0.0,-0.22132607592921472,36073252_24
36160714_24,GAS_COST=2/SEED=20/36160714_24,2.0,20,0.01,inventory,0,15,100,1005,1000,ArrivalRebalance,30.609372960446052,19.342621726104387,29.37027858997544,1.2689570261408507,66.0968112349984,-4.679519311254573,-13.464000839451945,0.500384365938578,0.4679963186620779,0.956,2.8145562623109036e-274,3.3007513620210018e-161,30.609372960446052,2.0,0.0,0.0,0.21988900000000006,25.84853499101164,10.696880282992748,0.0,0.0,0.0,5.51,4.51,0.451,1000,48.96146689415994,8.918276222902811,9.02,-0.4138177108110725,36073252_24
36160714_24,GAS_COST=2/SEED=20/36160714_24,2.0,20,0.01,inventory,0,15,100,1005,1000,CDM,24.5565655138763,11.799920771427688,25.234650818770774,4.106808310302426,42.86796881336147,-2.427336274027143,-12.350241369351636,-0.3892137752724571,0.30982541411917364,0.973,0.0,1.3482951593962087e-162,24.5565655138763,29.914421,1.530331100545373,0.046296563144578966,0.10117349999999999,13.44940963671174,4.306702486490998,-1.9906157346738227,4.910211059961963,0.644396240959442,8.577,7.577,0.7577,1000,50.60152991375624,10.665572111111327,15.154,-0.22539228876861264,36073252_24
36160714_25,GAS_COST=2/SEED=20/36160714_25,2.0,20,0.01,inventory,50,15,100,1005,1000,PPO,31.239379957331636,15.21703140161455,30.18750145256047,7.729800155780129,57.27589736014923,4.070206944692691,-1.160605183992186,0.4410925666003795,0.23218794726789715,0.993,0.0,4.030387925371733e-165,13.977636471156096,10.010399999999999,4.534815230415307,2.6938061994137588,-6.370199999999999,27.423902498912046,11.22627573864102,-2.288166865079365,4.337163102314141,2.0678220081729783,5.613,4.613,46.13000000000001,10,50.605427912402405,9.91842430760542,9.226,-0.22162364746534696,
36160714_25,GAS_COST=2/SEED=20/36160714_25,2.0,20,0.01,inventory,50,15,100,1005,1000,PPO_narrow,45.4661607475492,18.830406471625437,44.48600150361494,16.327525096419084,77.45233738082909,9.652101422560836,-1.2594177653188467,0.1289422118333522,-0.2856682548918341,0.996,0.0,4.165685427424094e-165,23.128256365683033,2.0,0.0,0.0,-2.4054,26.844427750117678,10.051486996459778,-0.709581746031746,2.3738097573184787,1.1338062571120961,7.433,6.433,64.33,10,71.40815524496045,12.806865433421713,12.866,-0.26912906398951875,
36160714_25,GAS_COST=2/SEED=20/36160714_25,2.0,20,0.01,inventory,50,15,100,1005,1000,DeployNarrow,15.853083515013815,16.956191085381878,13.602949112645433,-8.712122030260673,46.928570278263656,-14.51668028381976,-24.147723319955094,0.5902063636490774,0.6281835443937513,0.853,2.0179327643643057e-138,1.312957613589948e-118,15.853083515013815,2.0,0.0,0.0,2.1089620000000004,36.82742706653936,56.63103662111931,0.0,0.0,0.0,1.0,0.0,0.0,1000,20.097888987877507,4.040975917870004,0.0,-0.2038295549936895,36073252_24
36160714_25,GAS_COST=2/SEED=20/36160714_25,2.0,20,0.01,inventory,50,15,100,1005,1000,DeployWide,12.778933753980283,13.919367309882404,11.961434284768302,-9.371417503759556,37.770858544332846,-15.105149504433719,-23.347849320742046,0.1579411047030017,0.039718924975780556,0.838,9.102629756367264e-135,4.893484319113367e-110,12.778933753980283,30.0,0.0,0.0,2.1089620000000004,36.82742706653936,56.63103662111931,0.0,0.0,0.0,1.0,0.0,0.0,1000,16.685245762715283,3.6849859328057866,0.0,-0.22132607592921472,36073252_24
36160714_25,GAS_COST=2/SEED=20/36160714_25,2.0,20,0.01,inventory,50,15,100,1005,1000,ArrivalRebalance,30.609372960446052,19.342621726104387,29.37027858997544,1.2689570261408507,66.0968112349984,-4.679519311254573,-13.464000839451945,0.500384365938578,0.4679963186620779,0.956,2.8145562623109036e-274,3.3007513620210018e-161,30.609372960446052,2.0,0.0,0.0,0.21988900000000006,25.84853499101164,10.696880282992748,0.0,0.0,0.0,5.51,4.51,0.451,1000,48.96146689415994,8.918276222902811,9.02,-0.4138177108110725,36073252_24
36160714_25,GAS_COST=2/SEED=20/36160714_25,2.0,20,0.01,inventory,50,15,100,1005,1000,CDM,24.5565655138763,11.799920771427688,25.234650818770774,4.106808310302426,42.86796881336147,-2.427336274027143,-12.350241369351636,-0.3892137752724571,0.30982541411917364,0.973,0.0,1.3482951593962087e-162,24.5565655138763,29.914421,1.530331100545373,0.046296563144578966,0.10117349999999999,13.44940963671174,4.306702486490998,-1.9906157346738227,4.910211059961963,0.644396240959442,8.577,7.577,0.7577,1000,50.60152991375624,10.665572111111327,15.154,-0.22539228876861264,36073252_24
36073252_6,GAS_COST=2/SEED=4/36073252_6,2.0,4,0.01,inventory,0,15,100,1005,1000,PPO,42.68434960541498,19.425284535413663,42.638150008350294,11.67564523716406,75.48762236701099,4.980497083382529,-7.464335606891211,0.11691730819647357,-0.14237007344554664,0.989,0.0,7.916481193149226e-165,42.68434960541498,3.8673,2.466814923121551,1.386499444644678,0.63275,26.62270615085905,10.005962469322979,-0.27816646825396824,2.7208542768247823,1.2009789493887073,7.289,6.289,62.89,10,68.17182638109718,12.58933015223602,12.578,-0.3201466234461595,
36073252_6,GAS_COST=2/SEED=4/36073252_6,2.0,4,0.01,inventory,0,15,100,1005,1000,PPO_narrow,49.57928373365662,20.57382771722474,48.30363592087156,17.57393084390881,83.81983507833084,10.065843655001046,0.04511020777349586,0.1694167845828258,-0.23047974725510434,0.997,0.0,3.5529556066938113e-165,49.57928373365662,1.9777,0.05537247364351253,0.05668077275408303,0.24125000000000002,26.445518058536035,9.70759784588855,-0.36918928571428566,2.8178319710250306,1.2578175150614488,8.375,7.375,73.75,10,78.33780105394685,13.669477440988148,14.75,-0.33903987930208906,
36073252_6,GAS_COST=2/SEED=4/36073252_6,2.0,4,0.01,inventory,0,15,100,1005,1000,DeployNarrow,15.853083515013815,16.956191085381878,13.602949112645433,-8.712122030260673,46.928570278263656,-14.51668028381976,-24.147723319955094,0.5902063636490774,0.6281835443937513,0.853,2.0179327643643057e-138,1.312957613589948e-118,15.853083515013815,2.0,0.0,0.0,2.1089620000000004,36.82742706653936,56.63103662111931,0.0,0.0,0.0,1.0,0.0,0.0,1000,20.097888987877507,4.040975917870004,0.0,-0.2038295549936895,36073252_24
36073252_6,GAS_COST=2/SEED=4/36073252_6,2.0,4,0.01,inventory,0,15,100,1005,1000,DeployWide,12.778933753980283,13.919367309882404,11.961434284768302,-9.371417503759556,37.770858544332846,-15.105149504433719,-23.347849320742046,0.1579411047030017,0.039718924975780556,0.838,9.102629756367264e-135,4.893484319113367e-110,12.778933753980283,30.0,0.0,0.0,2.1089620000000004,36.82742706653936,56.63103662111931,0.0,0.0,0.0,1.0,0.0,0.0,1000,16.685245762715283,3.6849859328057866,0.0,-0.22132607592921472,36073252_24
36073252_6,GAS_COST=2/SEED=4/36073252_6,2.0,4,0.01,inventory,0,15,100,1005,1000,ArrivalRebalance,30.609372960446052,19.342621726104387,29.37027858997544,1.2689570261408507,66.0968112349984,-4.679519311254573,-13.464000839451945,0.500384365938578,0.4679963186620779,0.956,2.8145562623109036e-274,3.3007513620210018e-161,30.609372960446052,2.0,0.0,0.0,0.21988900000000006,25.84853499101164,10.696880282992748,0.0,0.0,0.0,5.51,4.51,0.451,1000,48.96146689415994,8.918276222902811,9.02,-0.4138177108110725,36073252_24
36073252_6,GAS_COST=2/SEED=4/36073252_6,2.0,4,0.01,inventory,0,15,100,1005,1000,CDM,24.5565655138763,11.799920771427688,25.234650818770774,4.106808310302426,42.86796881336147,-2.427336274027143,-12.350241369351636,-0.3892137752724571,0.30982541411917364,0.973,0.0,1.3482951593962087e-162,24.5565655138763,29.914421,1.530331100545373,0.046296563144578966,0.10117349999999999,13.44940963671174,4.306702486490998,-1.9906157346738227,4.910211059961963,0.644396240959442,8.577,7.577,0.7577,1000,50.60152991375624,10.665572111111327,15.154,-0.22539228876861264,36073252_24
36073252_7,GAS_COST=2/SEED=4/36073252_7,2.0,4,0.01,inventory,50,15,100,1005,1000,PPO,30.325660807460547,14.67297468152089,29.03790648466338,8.982803555994526,56.89443230741592,4.219174877713308,-2.061014912128462,0.4272338431140556,0.11354277658310474,0.992,0.0,4.753775528764352e-165,13.891683347717775,12.536,4.984048300473579,2.4482287474825553,-6.1609,27.11114326903409,10.866162670878804,-3.3727517857142857,3.7164711120980707,1.6874848950389052,6.018,5.018,50.17999999999999,10,50.44302411910247,9.926808584796282,10.036,-0.1545547268456414,
36073252_7,GAS_COST=2/SEED=4/36073252_7,2.0,4,0.01,inventory,50,15,100,1005,1000,PPO_narrow,46.24875096882961,19.55225284753737,45.00443354019012,16.14151520614026,79.83870521833313,9.893978150336764,0.02109041830742626,0.2583155067279415,-0.1569768140373009,0.996,0.0,3.6502634533457544e-165,23.9561140139809,2.0,0.0,0.0,-2.6686,26.939331316704852,10.252703742915816,-0.6703809523809524,2.9489300023214913,1.4262086365451263,8.003,7.003,70.03,10,73.58673171764124,13.077454046721876,14.006,-0.2545267020897494,
36073252_7,GAS_COST=2/SEED=4/36073252_7,2.0,4,0.01,inventory,50,15,100,1005,1000,DeployNarrow,15.853083515013815,16.956191085381878,13.602949112645433,-8.712122030260673,46.928570278263656,-14.51668028381976,-24.147723319955094,0.5902063636490774,0.6281835443937513,0.853,2.0179327643643057e-138,1.312957613589948e-118,15.853083515013815,2.0,0.0,0.0,2.1089620000000004,36.82742706653936,56.63103662111931,0.0,0.0,0.0,1.0,0.0,0.0,1000,20.097888987877507,4.040975917870004,0.0,-0.2038295549936895,36073252_24
36073252_7,GAS_COST=2/SEED=4/36073252_7,2.0,4,0.01,inventory,50,15,100,1005,1000,DeployWide,12.778933753980283,13.919367309882404,11.961434284768302,-9.371417503759556,37.770858544332846,-15.105149504433719,-23.347849320742046,0.1579411047030017,0.039718924975780556,0.838,9.102629756367264e-135,4.893484319113367e-110,12.778933753980283,30.0,0.0,0.0,2.1089620000000004,36.82742706653936,56.63103662111931,0.0,0.0,0.0,1.0,0.0,0.0,1000,16.685245762715283,3.6849859328057866,0.0,-0.22132607592921472,36073252_24
36073252_7,GAS_COST=2/SEED=4/36073252_7,2.0,4,0.01,inventory,50,15,100,1005,1000,ArrivalRebalance,30.609372960446052,19.342621726104387,29.37027858997544,1.2689570261408507,66.0968112349984,-4.679519311254573,-13.464000839451945,0.500384365938578,0.4679963186620779,0.956,2.8145562623109036e-274,3.3007513620210018e-161,30.609372960446052,2.0,0.0,0.0,0.21988900000000006,25.84853499101164,10.696880282992748,0.0,0.0,0.0,5.51,4.51,0.451,1000,48.96146689415994,8.918276222902811,9.02,-0.4138177108110725,36073252_24
36073252_7,GAS_COST=2/SEED=4/36073252_7,2.0,4,0.01,inventory,50,15,100,1005,1000,CDM,24.5565655138763,11.799920771427688,25.234650818770774,4.106808310302426,42.86796881336147,-2.427336274027143,-12.350241369351636,-0.3892137752724571,0.30982541411917364,0.973,0.0,1.3482951593962087e-162,24.5565655138763,29.914421,1.530331100545373,0.046296563144578966,0.10117349999999999,13.44940963671174,4.306702486490998,-1.9906157346738227,4.910211059961963,0.644396240959442,8.577,7.577,0.7577,1000,50.60152991375624,10.665572111111327,15.154,-0.22539228876861264,36073252_24
36073252_12,GAS_COST=2/SEED=6/36073252_12,2.0,6,0.01,inventory,0,15,100,1005,1000,PPO,41.91147929851387,18.02509394859659,41.04495591189334,13.43011096815579,72.58410319655,6.548066469195285,-3.6079602924845973,0.12768285950489258,0.01940750857139273,0.995,0.0,8.108708876285623e-165,41.91147929851387,4.817099999999999,2.9867535429910896,1.5453729614562306,0.36815,26.59602941116767,9.680469155857066,-0.38628591269841267,3.5616259206088188,1.6345260243701565,7.163,6.163,61.63000000000001,10,66.83026163620771,12.306278909271777,12.326,-0.28650342842205273,
36073252_12,GAS_COST=2/SEED=6/36073252_12,2.0,6,0.01,inventory,0,15,100,1005,1000,PPO_narrow,49.69550856095184,20.786357025471933,48.29685434486464,17.74030119908333,84.09522471370623,9.210614081403152,-3.3143227552126064,0.18648053919944244,0.07040459000401178,0.994,0.0,4.436703096825291e-165,49.69550856095184,1.9969000000000001,0.008258257569495595,0.020503414349810137,0.27245,26.526875529341147,9.71672107747773,-0.1034468253968254,2.247884132846772,0.9024359984383379,8.821,7.821,78.21000000000001,10,79.63717817134533,13.806949991520211,15.642,-0.4927196188732651,
36073252_12,GAS_COST=2/SEED=6/36073252_12,2.0,6,0.01,inventory,0,15,100,1005,1000,DeployNarrow,15.853083515013815,16.956191085381878,13.602949112645433,-8.712122030260673,46.928570278263656,-14.51668028381976,-24.147723319955094,0.5902063636490774,0.6281835443937513,0.853,2.0179327643643057e-138,1.312957613589948e-118,15.853083515013815,2.0,0.0,0.0,2.1089620000000004,36.82742706653936,56.63103662111931,0.0,0.0,0.0,1.0,0.0,0.0,1000,20.097888987877507,4.040975917870004,0.0,-0.2038295549936895,36073252_24
36073252_12,GAS_COST=2/SEED=6/36073252_12,2.0,6,0.01,inventory,0,15,100,1005,1000,DeployWide,12.778933753980283,13.919367309882404,11.961434284768302,-9.371417503759556,37.770858544332846,-15.105149504433719,-23.347849320742046,0.1579411047030017,0.039718924975780556,0.838,9.102629756367264e-135,4.893484319113367e-110,12.778933753980283,30.0,0.0,0.0,2.1089620000000004,36.82742706653936,56.63103662111931,0.0,0.0,0.0,1.0,0.0,0.0,1000,16.685245762715283,3.6849859328057866,0.0,-0.22132607592921472,36073252_24
36073252_12,GAS_COST=2/SEED=6/36073252_12,2.0,6,0.01,inventory,0,15,100,1005,1000,ArrivalRebalance,30.609372960446052,19.342621726104387,29.37027858997544,1.2689570261408507,66.0968112349984,-4.679519311254573,-13.464000839451945,0.500384365938578,0.4679963186620779,0.956,2.8145562623109036e-274,3.3007513620210018e-161,30.609372960446052,2.0,0.0,0.0,0.21988900000000006,25.84853499101164,10.696880282992748,0.0,0.0,0.0,5.51,4.51,0.451,1000,48.96146689415994,8.918276222902811,9.02,-0.4138177108110725,36073252_24
36073252_12,GAS_COST=2/SEED=6/36073252_12,2.0,6,0.01,inventory,0,15,100,1005,1000,CDM,24.5565655138763,11.799920771427688,25.234650818770774,4.106808310302426,42.86796881336147,-2.427336274027143,-12.350241369351636,-0.3892137752724571,0.30982541411917364,0.973,0.0,1.3482951593962087e-162,24.5565655138763,29.914421,1.530331100545373,0.046296563144578966,0.10117349999999999,13.44940963671174,4.306702486490998,-1.9906157346738227,4.910211059961963,0.644396240959442,8.577,7.577,0.7577,1000,50.60152991375624,10.665572111111327,15.154,-0.22539228876861264,36073252_24
36073252_13,GAS_COST=2/SEED=6/36073252_13,2.0,6,0.01,inventory,50,15,100,1005,1000,PPO,30.34380880488056,14.74507012461877,30.034435818011616,7.456707651597344,55.65799954187014,1.8744135245919573,-5.24876786441123,0.24125684900700842,0.07224837028540998,0.986,0.0,1.1209409366867855e-164,13.582860451361267,12.6395,5.899847706266633,3.772589263357462,-6.51525,27.2764219424454,11.955365111007692,-2.616494642857143,3.5489695370376357,1.8002837165398078,5.671,4.671,46.71,10,49.650487970303324,9.795166570251396,9.342,-0.16951259517136108,
36073252_13,GAS_COST=2/SEED=6/36073252_13,2.0,6,0.01,inventory,50,15,100,1005,1000,PPO_narrow,45.26056792697545,19.41100153025744,44.07124215387887,15.0192648251344,78.83300310189901,7.63371279418762,-3.8480842853511605,0.24032377914837638,0.1258375610890523,0.993,0.0,4.530900128565171e-165,23.189874865393787,1.9956999999999998,0.011458257569495598,0.02390627532678398,-2.88965,27.06287475459584,10.088871610715442,-0.36803789682539684,2.6363480204351752,1.1350053827186686,8.095,7.095,70.95,10,72.61256006810456,12.836609724131874,14.19,-0.32538241699723874,
36073252_13,GAS_COST=2/SEED=6/36073252_13,2.0,6,0.01,inventory,50,15,100,1005,1000,DeployNarrow,15.853083515013815,16.956191085381878,13.602949112645433,-8.712122030260673,46.928570278263656,-14.51668028381976,-24.147723319955094,0.5902063636490774,0.6281835443937513,0.853,2.0179327643643057e-138,1.312957613589948e-118,15.853083515013815,2.0,0.0,0.0,2.1089620000000004,36.82742706653936,56.63103662111931,0.0,0.0,0.0,1.0,0.0,0.0,1000,20.097888987877507,4.040975917870004,0.0,-0.2038295549936895,36073252_24
36073252_13,GAS_COST=2/SEED=6/36073252_13,2.0,6,0.01,inventory,50,15,100,1005,1000,DeployWide,12.778933753980283,13.919367309882404,11.961434284768302,-9.371417503759556,37.770858544332846,-15.105149504433719,-23.347849320742046,0.1579411047030017,0.039718924975780556,0.838,9.102629756367264e-135,4.893484319113367e-110,12.778933753980283,30.0,0.0,0.0,2.1089620000000004,36.82742706653936,56.63103662111931,0.0,0.0,0.0,1.0,0.0,0.0,1000,16.685245762715283,3.6849859328057866,0.0,-0.22132607592921472,36073252_24
36073252_13,GAS_COST=2/SEED=6/36073252_13,2.0,6,0.01,inventory,50,15,100,1005,1000,ArrivalRebalance,30.609372960446052,19.342621726104387,29.37027858997544,1.2689570261408507,66.0968112349984,-4.679519311254573,-13.464000839451945,0.500384365938578,0.4679963186620779,0.956,2.8145562623109036e-274,3.3007513620210018e-161,30.609372960446052,2.0,0.0,0.0,0.21988900000000006,25.84853499101164,10.696880282992748,0.0,0.0,0.0,5.51,4.51,0.451,1000,48.96146689415994,8.918276222902811,9.02,-0.4138177108110725,36073252_24
36073252_13,GAS_COST=2/SEED=6/36073252_13,2.0,6,0.01,inventory,50,15,100,1005,1000,CDM,24.5565655138763,11.799920771427688,25.234650818770774,4.106808310302426,42.86796881336147,-2.427336274027143,-12.350241369351636,-0.3892137752724571,0.30982541411917364,0.973,0.0,1.3482951593962087e-162,24.5565655138763,29.914421,1.530331100545373,0.046296563144578966,0.10117349999999999,13.44940963671174,4.306702486490998,-1.9906157346738227,4.910211059961963,0.644396240959442,8.577,7.577,0.7577,1000,50.60152991375624,10.665572111111327,15.154,-0.22539228876861264,36073252_24
36152895_0,GAS_COST=2/SEED=8/36152895_0,2.0,8,0.01,inventory,0,15,100,1005,1000,PPO,41.55501759328524,17.49789846460918,40.56432770382389,12.403599985330631,70.77623690508074,6.118171305271362,-3.6273792433773453,0.07670058131741411,0.002510493589150453,0.995,0.0,5.408510666788704e-165,41.55501759328524,5.2555,3.5095592982520496,1.938450347571482,0.73725,26.691447893925112,9.560708129500659,0.2299293650793651,3.3588151357154854,1.681685472970683,7.09,6.09,60.9,10,66.33710194085437,12.342958463994542,12.18,-0.2591258835745732,
36152895_0,GAS_COST=2/SEED=8/36152895_0,2.0,8,0.01,inventory,0,15,100,1005,1000,PPO_narrow,50.10756238805339,21.203850019733657,49.533326374037756,15.967382398793593,85.18012174778856,8.822312452217885,-2.53308490680879,0.13806453628758775,-0.13100577186378404,0.995,0.0,4.436703096825291e-165,50.10756238805339,1.9994,0.001800000000000003,0.007722693830523135,0.6445,26.62847160599681,9.809238744673308,0.1926892857142857,1.8588340590545895,0.8216844279443276,8.285,7.285,72.85,10,78.81006327664736,13.70724913364894,14.57,-0.425251754945034,
36152895_0,GAS_COST=2/SEED=8/36152895_0,2.0,8,0.01,inventory,0,15,100,1005,1000,DeployNarrow,15.853083515013815,16.956191085381878,13.602949112645433,-8.712122030260673,46.928570278263656,-14.51668028381976,-24.147723319955094,0.5902063636490774,0.6281835443937513,0.853,2.0179327643643057e-138,1.312957613589948e-118,15.853083515013815,2.0,0.0,0.0,2.1089620000000004,36.82742706653936,56.63103662111931,0.0,0.0,0.0,1.0,0.0,0.0,1000,20.097888987877507,4.040975917870004,0.0,-0.2038295549936895,36073252_24
36152895_0,GAS_COST=2/SEED=8/36152895_0,2.0,8,0.01,inventory,0,15,100,1005,1000,DeployWide,12.778933753980283,13.919367309882404,11.961434284768302,-9.371417503759556,37.770858544332846,-15.105149504433719,-23.347849320742046,0.1579411047030017,0.039718924975780556,0.838,9.102629756367264e-135,4.893484319113367e-110,12.778933753980283,30.0,0.0,0.0,2.1089620000000004,36.82742706653936,56.63103662111931,0.0,0.0,0.0,1.0,0.0,0.0,1000,16.685245762715283,3.6849859328057866,0.0,-0.22132607592921472,36073252_24
36152895_0,GAS_COST=2/SEED=8/36152895_0,2.0,8,0.01,inventory,0,15,100,1005,1000,ArrivalRebalance,30.609372960446052,19.342621726104387,29.37027858997544,1.2689570261408507,66.0968112349984,-4.679519311254573,-13.464000839451945,0.500384365938578,0.4679963186620779,0.956,2.8145562623109036e-274,3.3007513620210018e-161,30.609372960446052,2.0,0.0,0.0,0.21988900000000006,25.84853499101164,10.696880282992748,0.0,0.0,0.0,5.51,4.51,0.451,1000,48.96146689415994,8.918276222902811,9.02,-0.4138177108110725,36073252_24
36152895_0,GAS_COST=2/SEED=8/36152895_0,2.0,8,0.01,inventory,0,15,100,1005,1000,CDM,24.5565655138763,11.799920771427688,25.234650818770774,4.106808310302426,42.86796881336147,-2.427336274027143,-12.350241369351636,-0.3892137752724571,0.30982541411917364,0.973,0.0,1.3482951593962087e-162,24.5565655138763,29.914421,1.530331100545373,0.046296563144578966,0.10117349999999999,13.44940963671174,4.306702486490998,-1.9906157346738227,4.910211059961963,0.644396240959442,8.577,7.577,0.7577,1000,50.60152991375624,10.665572111111327,15.154,-0.22539228876861264,36073252_24
36152895_1,GAS_COST=2/SEED=8/36152895_1,2.0,8,0.01,inventory,50,15,100,1005,1000,PPO,28.520955730854883,13.79861088626576,28.092948775335117,7.337364264953561,51.88628980074366,2.581314152014311,-4.938000843648126,0.29944765232790527,0.13670994947215087,0.988,0.0,9.972551729901517e-165,13.072336229894391,14.6146,6.68981692792287,3.5361259649509096,-7.760800000000001,28.00700665911659,10.753326618307472,-3.3882986111111113,4.0429299515720905,1.9966555489271618,5.614,4.614,46.14,10,47.57613110327607,9.662640721758759,9.228,-0.16453465066243156,
36152895_1,GAS_COST=2/SEED=8/36152895_1,2.0,8,0.01,inventory,50,15,100,1005,1000,PPO_narrow,46.247759853907276,19.499352302182935,45.386744622618494,16.172794523950962,79.10287588041719,9.329136070430263,-1.8354526647134661,0.20557179133831457,-0.11898566596881377,0.995,0.0,4.140752891426515e-165,23.777428219502085,2.0,0.0,0.0,-2.4685,26.98470649953641,10.152196695789538,-0.3192670634920635,2.144871246893986,1.0178345275181058,7.449,6.449,64.49,10,72.36351876532771,12.917605914804499,12.898,-0.3001529966159312,
36152895_1,GAS_COST=2/SEED=8/36152895_1,2.0,8,0.01,inventory,50,15,100,1005,1000,DeployNarrow,15.853083515013815,16.956191085381878,13.602949112645433,-8.712122030260673,46.928570278263656,-14.51668028381976,-24.147723319955094,0.5902063636490774,0.6281835443937513,0.853,2.0179327643643057e-138,1.312957613589948e-118,15.853083515013815,2.0,0.0,0.0,2.1089620000000004,36.82742706653936,56.63103662111931,0.0,0.0,0.0,1.0,0.0,0.0,1000,20.097888987877507,4.040975917870004,0.0,-0.2038295549936895,36073252_24
36152895_1,GAS_COST=2/SEED=8/36152895_1,2.0,8,0.01,inventory,50,15,100,1005,1000,DeployWide,12.778933753980283,13.919367309882404,11.961434284768302,-9.371417503759556,37.770858544332846,-15.105149504433719,-23.347849320742046,0.1579411047030017,0.039718924975780556,0.838,9.102629756367264e-135,4.893484319113367e-110,12.778933753980283,30.0,0.0,0.0,2.1089620000000004,36.82742706653936,56.63103662111931,0.0,0.0,0.0,1.0,0.0,0.0,1000,16.685245762715283,3.6849859328057866,0.0,-0.22132607592921472,36073252_24
36152895_1,GAS_COST=2/SEED=8/36152895_1,2.0,8,0.01,inventory,50,15,100,1005,1000,ArrivalRebalance,30.609372960446052,19.342621726104387,29.37027858997544,1.2689570261408507,66.0968112349984,-4.679519311254573,-13.464000839451945,0.500384365938578,0.4679963186620779,0.956,2.8145562623109036e-274,3.3007513620210018e-161,30.609372960446052,2.0,0.0,0.0,0.21988900000000006,25.84853499101164,10.696880282992748,0.0,0.0,0.0,5.51,4.51,0.451,1000,48.96146689415994,8.918276222902811,9.02,-0.4138177108110725,36073252_24
36152895_1,GAS_COST=2/SEED=8/36152895_1,2.0,8,0.01,inventory,50,15,100,1005,1000,CDM,24.5565655138763,11.799920771427688,25.234650818770774,4.106808310302426,42.86796881336147,-2.427336274027143,-12.350241369351636,-0.3892137752724571,0.30982541411917364,0.973,0.0,1.3482951593962087e-162,24.5565655138763,29.914421,1.530331100545373,0.046296563144578966,0.10117349999999999,13.44940963671174,4.306702486490998,-1.9906157346738227,4.910211059961963,0.644396240959442,8.577,7.577,0.7577,1000,50.60152991375624,10.665572111111327,15.154,-0.22539228876861264,36073252_24
36073407_26,GAS_COST=4/SEED=10/36073407_26,4.0,10,0.02,inventory,0,15,100,1005,1000,PPO,5.320057349571597,17.5758357480702,6.601235485654456,-25.193191140607944,32.22922725622211,-37.25345869302441,-55.492259901577086,-0.5264394322630788,1.2339373858137765,0.714,8.285725575242822e-21,4.716161549246941e-27,5.320057349571597,8.0312,0.029796029290646103,0.1828293193117559,1.203099999999999,69.27887203136162,109.45929773386088,0.824,0.176,0.968,1.032,0.032,0.32,10,14.011880043164375,8.351343605692763,0.128,-0.212479087900012,
36073407_26,GAS_COST=4/SEED=10/36073407_26,4.0,10,0.02,inventory,0,15,100,1005,1000,PPO_narrow,6.61364068878284,18.56069960626031,7.587674192391546,-24.17248754740106,37.78027966448178,-35.25098174343572,-50.708465953253054,-0.24388780568360224,0.6411112126169876,0.706,8.771395324352657e-28,3.263508373212586e-30,6.61364068878284,2.0,0.0,0.0,20.696799999999996,71.29444818862306,99.51444593505005,0.15716666666666668,0.21625567576825294,0.546192655266131,1.18,0.18,1.8,10,16.729886545032752,9.249830415793884,0.72,-0.14641544045602647,
36073407_26,GAS_COST=4/SEED=10/36073407_26,4.0,10,0.02,inventory,0,15,100,1005,1000,DeployNarrow,6.477607686199505,17.950551852566374,7.581377161501109,-23.96664213352248,34.81409255433276,-35.36628440504408,-50.708465953253054,-0.29864590423878545,0.9643093515796797,0.73,2.0575071009793284e-28,4.557474664873838e-33,6.477607686199505,2.0,0.0,0.0,4.403665000000001,69.87534397238362,108.28602515580104,0.0,0.0,0.0,1.0,0.0,0.0,1000,14.95097553137955,8.066962979097362,0.0,-0.406404866082683,
36073407_26,GAS_COST=4/SEED=10/36073407_26,4.0,10,0.02,inventory,0,15,100,1005,1000,DeployWide,4.09478718770963,16.271817552955877,6.268138593964352,-24.95742360716701,27.8048911655416,-36.48392899469141,-51.603535519010464,-0.7388667337633585,0.9833922200896059,0.689,4.873609609898465e-15,1.7472770175243966e-21,4.09478718770963,30.0,0.0,0.0,4.403665000000001,69.87534397238362,108.28602515580104,0.0,0.0,0.0,1.0,0.0,0.0,1000,12.223730533503973,7.687185265063061,0.0,-0.4417580807312825,
36073407_26,GAS_COST=4/SEED=10/36073407_26,4.0,10,0.02,inventory,0,15,100,1005,1000,ArrivalRebalance,-3.751240623989588,20.55128633631821,-3.649789108367372,-37.77397231087919,29.96862528166854,-50.85640829392216,-70.99221340640256,-0.26996616934536993,0.7421177512533754,0.426,1.0614417251548288e-08,7.926084211788751e-08,-3.751240623989588,2.0,0.0,0.0,0.6782760000000001,39.306576008267555,16.047503532195407,0.0,0.0,0.0,6.806,5.806,0.5806,1000,40.48800312941947,20.708766418788453,23.224,-0.3064773346206028,
36073407_26,GAS_COST=4/SEED=10/36073407_26,4.0,10,0.02,inventory,0,15,100,1005,1000,CDM,-89.78038606178801,77.85326733540943,-65.13314876467552,-243.67677054510696,-10.645729925003765,-321.9742638154355,-444.1338605776626,-1.884683446010848,5.004324935194228,0.018,1.0997351832144508e-185,6.122109836780347e-164,-89.78038606178801,29.559113,3.190445003928652,0.4403626757923521,0.11317150000000001,14.776408748345652,4.385739972209678,-2.8226982076939358,5.267035184876702,1.8043442766300866,27.762,26.762,2.6761999999999997,1000,51.83220066120548,34.10875094807034,107.048,-0.45583577492315863,
36073407_27,GAS_COST=4/SEED=10/36073407_27,4.0,10,0.02,inventory,50,15,100,1005,1000,PPO,1.5519093972966964,4.425969695037679,0.0,-4.60308766464177,9.077103234379365,-9.270888565987832,-15.352354810134306,0.12115753686036998,3.825967303676375,0.47,5.303640188470723e-27,2.2089476583787858e-35,0.26415265869796994,18.95517774343122,0.05409582689335394,10.441394566157417,-14.64270994332818,6.82874343367123,49.66474052749688,-0.7040185471406492,0.0030911901081916537,1.1391376329472453,0.652,0.005,0.05,10,3.1016549473494357,1.4345143755213556,0.02,-0.09523117453138341,
36073407_27,GAS_COST=4/SEED=10/36073407_27,4.0,10,0.02,inventory,50,15,100,1005,1000,PPO_narrow,2.270394838804811,5.5910805523627385,0.0,-4.467611309364372,13.22257800466451,-8.80611053803984,-13.938956053033678,1.2906713202426057,5.107457196448838,0.477,5.169857366809227e-35,1.1055649683554143e-39,0.9795331818868148,1.9983361064891847,0.0,0.04075690087825587,-6.360232945091514,0.8103161397670549,45.36415349049435,0.9500831946755408,0.009151414309484194,0.8198884870406508,0.611,0.01,0.1,10,4.0251452723717005,1.7354973960352726,0.04,0.020746962468383274,
36073407_27,GAS_COST=4/SEED=10/36073407_27,4.0,10,0.02,inventory,50,15,100,1005,1000,DeployNarrow,6.477607686199505,17.950551852566374,7.581377161501109,-23.96664213352248,34.81409255433276,-35.36628440504408,-50.708465953253054,-0.29864590423878545,0.9643093515796797,0.73,2.0575071009793284e-28,4.557474664873838e-33,6.477607686199505,2.0,0.0,0.0,4.403665000000001,69.87534397238362,108.28602515580104,0.0,0.0,0.0,1.0,0.0,0.0,1000,14.95097553137955,8.066962979097362,0.0,-0.406404866082683,36073407_26
36073407_27,GAS_COST=4/SEED=10/36073407_27,4.0,10,0.02,inventory,50,15,100,1005,1000,DeployWide,4.09478718770963,16.271817552955877,6.268138593964352,-24.95742360716701,27.8048911655416,-36.48392899469141,-51.603535519010464,-0.7388667337633585,0.9833922200896059,0.689,4.873609609898465e-15,1.7472770175243966e-21,4.09478718770963,30.0,0.0,0.0,4.403665000000001,69.87534397238362,108.28602515580104,0.0,0.0,0.0,1.0,0.0,0.0,1000,12.223730533503973,7.687185265063061,0.0,-0.4417580807312825,36073407_26
36073407_27,GAS_COST=4/SEED=10/36073407_27,4.0,10,0.02,inventory,50,15,100,1005,1000,ArrivalRebalance,-3.751240623989588,20.55128633631821,-3.649789108367372,-37.77397231087919,29.96862528166854,-50.85640829392216,-70.99221340640256,-0.26996616934536993,0.7421177512533754,0.426,1.0614417251548288e-08,7.926084211788751e-08,-3.751240623989588,2.0,0.0,0.0,0.6782760000000001,39.306576008267555,16.047503532195407,0.0,0.0,0.0,6.806,5.806,0.5806,1000,40.48800312941947,20.708766418788453,23.224,-0.3064773346206028,36073407_26
36073407_27,GAS_COST=4/SEED=10/36073407_27,4.0,10,0.02,inventory,50,15,100,1005,1000,CDM,-89.78038606178801,77.85326733540943,-65.13314876467552,-243.67677054510696,-10.645729925003765,-321.9742638154355,-444.1338605776626,-1.884683446010848,5.004324935194228,0.018,1.0997351832144508e-185,6.122109836780347e-164,-89.78038606178801,29.559113,3.190445003928652,0.4403626757923521,0.11317150000000001,14.776408748345652,4.385739972209678,-2.8226982076939358,5.267035184876702,1.8043442766300866,27.762,26.762,2.6761999999999997,1000,51.83220066120548,34.10875094807034,107.048,-0.45583577492315863,36073407_26
36160744_2,GAS_COST=4/SEED=12/36160744_2,4.0,12,0.02,inventory,0,15,100,1005,1000,PPO,5.997853006252113,18.086209699546966,6.111870696835467,-25.696523074907326,35.059205963569305,-35.69952347491133,-49.87788663145676,-0.21484833193155017,1.0727793789236202,0.676,1.845567175304391e-24,3.6897724325362413e-28,5.997853006252113,2.4903000000000004,0.20891782339603646,2.762150595097957,7.7563499999999985,69.85532234186499,113.91325634963431,-0.9531666666666666,0.08910431442445273,0.4633225118640362,1.043,0.043,0.43,10,14.773493469180385,8.515741096445845,0.172,-0.08789936648242526,
36160744_2,GAS_COST=4/SEED=12/36160744_2,4.0,12,0.02,inventory,0,15,100,1005,1000,PPO_narrow,6.53219018030171,17.980820616062537,7.585305297866512,-23.96664213352248,34.81409255433276,-35.36628440504408,-50.708465953253054,-0.3049272233927029,0.9461835398586818,0.73,9.409929663198226e-29,2.746764817504375e-33,6.53219018030171,2.0,0.0,0.0,6.215099999999999,69.78769310715329,115.44950559439395,0.017,0.017,0.1794742321337523,1.01,0.01,0.1,10,15.097789583916521,8.309370834310917,0.04,-0.21622856930389364,
36160744_2,GAS_COST=4/SEED=12/36160744_2,4.0,12,0.02,inventory,0,15,100,1005,1000,DeployNarrow,6.477607686199505,17.950551852566374,7.581377161501109,-23.96664213352248,34.81409255433276,-35.36628440504408,-50.708465953253054,-0.29864590423878545,0.9643093515796797,0.73,2.0575071009793284e-28,4.557474664873838e-33,6.477607686199505,2.0,0.0,0.0,4.403665000000001,69.87534397238362,108.28602515580104,0.0,0.0,0.0,1.0,0.0,0.0,1000,14.95097553137955,8.066962979097362,0.0,-0.406404866082683,36073407_26
36160744_2,GAS_COST=4/SEED=12/36160744_2,4.0,12,0.02,inventory,0,15,100,1005,1000,DeployWide,4.09478718770963,16.271817552955877,6.268138593964352,-24.95742360716701,27.8048911655416,-36.48392899469141,-51.603535519010464,-0.7388667337633585,0.9833922200896059,0.689,4.873609609898465e-15,1.7472770175243966e-21,4.09478718770963,30.0,0.0,0.0,4.403665000000001,69.87534397238362,108.28602515580104,0.0,0.0,0.0,1.0,0.0,0.0,1000,12.223730533503973,7.687185265063061,0.0,-0.4417580807312825,36073407_26
36160744_2,GAS_COST=4/SEED=12/36160744_2,4.0,12,0.02,inventory,0,15,100,1005,1000,ArrivalRebalance,-3.751240623989588,20.55128633631821,-3.649789108367372,-37.77397231087919,29.96862528166854,-50.85640829392216,-70.99221340640256,-0.26996616934536993,0.7421177512533754,0.426,1.0614417251548288e-08,7.926084211788751e-08,-3.751240623989588,2.0,0.0,0.0,0.6782760000000001,39.306576008267555,16.047503532195407,0.0,0.0,0.0,6.806,5.806,0.5806,1000,40.48800312941947,20.708766418788453,23.224,-0.3064773346206028,36073407_26
36160744_2,GAS_COST=4/SEED=12/36160744_2,4.0,12,0.02,inventory,0,15,100,1005,1000,CDM,-89.78038606178801,77.85326733540943,-65.13314876467552,-243.67677054510696,-10.645729925003765,-321.9742638154355,-444.1338605776626,-1.884683446010848,5.004324935194228,0.018,1.0997351832144508e-185,6.122109836780347e-164,-89.78038606178801,29.559113,3.190445003928652,0.4403626757923521,0.11317150000000001,14.776408748345652,4.385739972209678,-2.8226982076939358,5.267035184876702,1.8043442766300866,27.762,26.762,2.6761999999999997,1000,51.83220066120548,34.10875094807034,107.048,-0.45583577492315863,36073407_26
36160744_3,GAS_COST=4/SEED=12/36160744_3,4.0,12,0.02,inventory,50,15,100,1005,1000,PPO,1.2735107768950569,3.947924128330583,0.0,-5.117420420918586,8.235803449671499,-9.191087238123242,-14.746486411689705,-0.4563252953334328,3.393213356695508,0.465,2.733732195259001e-23,1.854097901235802e-31,0.13518827223754296,21.236930860033727,0.20994940978077573,4.033786736683152,-9.207560427206296,3.372591908238256,47.012878285063536,0.9338111298482293,0.10413153456998314,3.4939636182049565,0.623,0.03,0.3,10,2.8466640740445643,1.475119766193121,0.12,0.021966469043613802,
36160744_3,GAS_COST=4/SEED=12/36160744_3,4.0,12,0.02,inventory,50,15,100,1005,1000,PPO_narrow,2.3920495208144104,5.784813466153273,0.36033320317199014,-5.532753985553154,13.268671002345258,-9.556751146951228,-15.857261418566008,0.8512411214727945,3.2939827292403603,0.528,3.7643447398359675e-36,3.221934262049561e-42,0.8728681696378875,2.0,0.0,0.0,-8.559679767103347,3.4417758369723437,47.082989896539026,-0.12445414847161572,0.13755458515283842,0.8337924531228,0.732,0.045,0.45,10,4.449545102015698,1.8461617148431977,0.18,-0.0313338663580907,
36160744_3,GAS_COST=4/SEED=12/36160744_3,4.0,12,0.02,inventory,50,15,100,1005,1000,DeployNarrow,6.477607686199505,17.950551852566374,7.581377161501109,-23.96664213352248,34.81409255433276,-35.36628440504408,-50.708465953253054,-0.29864590423878545,0.9643093515796797,0.73,2.0575071009793284e-28,4.557474664873838e-33,6.477607686199505,2.0,0.0,0.0,4.403665000000001,69.87534397238362,108.28602515580104,0.0,0.0,0.0,1.0,0.0,0.0,1000,14.95097553137955,8.066962979097362,0.0,-0.406404866082683,36073407_26
36160744_3,GAS_COST=4/SEED=12/36160744_3,4.0,12,0.02,inventory,50,15,100,1005,1000,DeployWide,4.09478718770963,16.271817552955877,6.268138593964352,-24.95742360716701,27.8048911655416,-36.48392899469141,-51.603535519010464,-0.7388667337633585,0.9833922200896059,0.689,4.873609609898465e-15,1.7472770175243966e-21,4.09478718770963,30.0,0.0,0.0,4.403665000000001,69.87534397238362,108.28602515580104,0.0,0.0,0.0,1.0,0.0,0.0,1000,12.223730533503973,7.687185265063061,0.0,-0.4417580807312825,36073407_26
36160744_3,GAS_COST=4/SEED=12/36160744_3,4.0,12,0.02,inventory,50,15,100,1005,1000,ArrivalRebalance,-3.751240623989588,20.55128633631821,-3.649789108367372,-37.77397231087919,29.96862528166854,-50.85640829392216,-70.99221340640256,-0.26996616934536993,0.7421177512533754,0.426,1.0614417251548288e-08,7.926084211788751e-08,-3.751240623989588,2.0,0.0,0.0,0.6782760000000001,39.306576008267555,16.047503532195407,0.0,0.0,0.0,6.806,5.806,0.5806,1000,40.48800312941947,20.708766418788453,23.224,-0.3064773346206028,36073407_26
36160744_3,GAS_COST=4/SEED=12/36160744_3,4.0,12,0.02,inventory,50,15,100,1005,1000,CDM,-89.78038606178801,77.85326733540943,-65.13314876467552,-243.67677054510696,-10.645729925003765,-321.9742638154355,-444.1338605776626,-1.884683446010848,5.004324935194228,0.018,1.0997351832144508e-185,6.122109836780347e-164,-89.78038606178801,29.559113,3.190445003928652,0.4403626757923521,0.11317150000000001,14.776408748345652,4.385739972209678,-2.8226982076939358,5.267035184876702,1.8043442766300866,27.762,26.762,2.6761999999999997,1000,51.83220066120548,34.10875094807034,107.048,-0.45583577492315863,36073407_26
36160744_8,GAS_COST=4/SEED=14/36160744_8,4.0,14,0.02,inventory,0,15,100,1005,1000,PPO,5.681649694180399,17.958289700321306,7.071520992666706,-25.57959603411655,34.23928541821916,-36.0903368561583,-50.37512977086435,-0.34166898415898783,0.7963003315828172,0.699,1.6735699715398333e-22,5.492587268415854e-26,5.681649694180399,4.797,0.6492102882363793,2.699035197992053,13.621599999999999,71.50883069970465,107.49620306522459,-0.8044166666666667,0.2343141293851417,0.828907375706116,1.087,0.087,0.8699999999999999,10,14.89917393125732,8.580691314812473,0.348,-0.2888329222644489,
36160744_8,GAS_COST=4/SEED=14/36160744_8,4.0,14,0.02,inventory,0,15,100,1005,1000,PPO_narrow,6.550649992063719,18.096214660063005,7.583437820801407,-24.17248754740106,34.98780584342913,-35.62458461709311,-50.708465953253054,-0.30626297161443,0.901867664411701,0.725,1.429580909375028e-28,6.201598065163773e-33,6.550649992063719,2.0,0.0,0.0,8.280899999999999,69.77945040135319,113.10723135675279,-0.054,0.063,0.40507283295723495,1.027,0.027,0.27,10,15.245639514298439,8.357818825060571,0.108,-0.22917069717414848,
36160744_8,GAS_COST=4/SEED=14/36160744_8,4.0,14,0.02,inventory,0,15,100,1005,1000,DeployNarrow,6.477607686199505,17.950551852566374,7.581377161501109,-23.96664213352248,34.81409255433276,-35.36628440504408,-50.708465953253054,-0.29864590423878545,0.9643093515796797,0.73,2.0575071009793284e-28,4.557474664873838e-33,6.477607686199505,2.0,0.0,0.0,4.403665000000001,69.87534397238362,108.28602515580104,0.0,0.0,0.0,1.0,0.0,0.0,1000,14.95097553137955,8.066962979097362,0.0,-0.406404866082683,36073407_26
36160744_8,GAS_COST=4/SEED=14/36160744_8,4.0,14,0.02,inventory,0,15,100,1005,1000,DeployWide,4.09478718770963,16.271817552955877,6.268138593964352,-24.95742360716701,27.8048911655416,-36.48392899469141,-51.603535519010464,-0.7388667337633585,0.9833922200896059,0.689,4.873609609898465e-15,1.7472770175243966e-21,4.09478718770963,30.0,0.0,0.0,4.403665000000001,69.87534397238362,108.28602515580104,0.0,0.0,0.0,1.0,0.0,0.0,1000,12.223730533503973,7.687185265063061,0.0,-0.4417580807312825,36073407_26
36160744_8,GAS_COST=4/SEED=14/36160744_8,4.0,14,0.02,inventory,0,15,100,1005,1000,ArrivalRebalance,-3.751240623989588,20.55128633631821,-3.649789108367372,-37.77397231087919,29.96862528166854,-50.85640829392216,-70.99221340640256,-0.26996616934536993,0.7421177512533754,0.426,1.0614417251548288e-08,7.926084211788751e-08,-3.751240623989588,2.0,0.0,0.0,0.6782760000000001,39.306576008267555,16.047503532195407,0.0,0.0,0.0,6.806,5.806,0.5806,1000,40.48800312941947,20.708766418788453,23.224,-0.3064773346206028,36073407_26
36160744_8,GAS_COST=4/SEED=14/36160744_8,4.0,14,0.02,inventory,0,15,100,1005,1000,CDM,-89.78038606178801,77.85326733540943,-65.13314876467552,-243.67677054510696,-10.645729925003765,-321.9742638154355,-444.1338605776626,-1.884683446010848,5.004324935194228,0.018,1.0997351832144508e-185,6.122109836780347e-164,-89.78038606178801,29.559113,3.190445003928652,0.4403626757923521,0.11317150000000001,14.776408748345652,4.385739972209678,-2.8226982076939358,5.267035184876702,1.8043442766300866,27.762,26.762,2.6761999999999997,1000,51.83220066120548,34.10875094807034,107.048,-0.45583577492315863,36073407_26
36160744_9,GAS_COST=4/SEED=14/36160744_9,4.0,14,0.02,inventory,50,15,100,1005,1000,PPO,1.4994348882061834,4.457903310628254,0.0,-5.782599666134365,9.280261735512948,-9.802529648354648,-14.745647994230046,-0.05797062546375791,2.8903572473112478,0.485,4.408399603062176e-25,5.883336150869561e-32,0.24732021282649513,15.349922239502332,0.0,9.43655803358245,-6.313374805598756,0.13763608087091758,46.48617421806012,-0.24883359253499224,0.0,2.893035189084123,0.643,0.0,0.0,10,2.9819475013261916,1.4874993831623529,0.0,0.004986770042344581,
36160744_9,GAS_COST=4/SEED=14/36160744_9,4.0,14,0.02,inventory,50,15,100,1005,1000,PPO_narrow,2.294814773704971,5.30716425484426,0.0,-4.376304037446533,13.087889335768995,-8.41606156350201,-13.600402531383986,0.9972399762950072,3.4988867006582103,0.487,4.155049548855741e-39,9.30153851254157e-44,1.03217088296805,2.0,0.0,0.0,-5.870065789473684,0.0,46.238276166942136,0.5328947368421053,0.0,0.4989167628854423,0.608,0.0,0.0,10,4.045848315114778,1.7510335414098073,0.0,0.0,
36160744_9,GAS_COST=4/SEED=14/36160744_9,4.0,14,0.02,inventory,50,15,100,1005,1000,DeployNarrow,6.477607686199505,17.950551852566374,7.581377161501109,-23.96664213352248,34.81409255433276,-35.36628440504408,-50.708465953253054,-0.29864590423878545,0.9643093515796797,0.73,2.0575071009793284e-28,4.557474664873838e-33,6.477607686199505,2.0,0.0,0.0,4.403665000000001,69.87534397238362,108.28602515580104,0.0,0.0,0.0,1.0,0.0,0.0,1000,14.95097553137955,8.066962979097362,0.0,-0.406404866082683,36073407_26
36160744_9,GAS_COST=4/SEED=14/36160744_9,4.0,14,0.02,inventory,50,15,100,1005,1000,DeployWide,4.09478718770963,16.271817552955877,6.268138593964352,-24.95742360716701,27.8048911655416,-36.48392899469141,-51.603535519010464,-0.7388667337633585,0.9833922200896059,0.689,4.873609609898465e-15,1.7472770175243966e-21,4.09478718770963,30.0,0.0,0.0,4.403665000000001,69.87534397238362,108.28602515580104,0.0,0.0,0.0,1.0,0.0,0.0,1000,12.223730533503973,7.687185265063061,0.0,-0.4417580807312825,36073407_26
36160744_9,GAS_COST=4/SEED=14/36160744_9,4.0,14,0.02,inventory,50,15,100,1005,1000,ArrivalRebalance,-3.751240623989588,20.55128633631821,-3.649789108367372,-37.77397231087919,29.96862528166854,-50.85640829392216,-70.99221340640256,-0.26996616934536993,0.7421177512533754,0.426,1.0614417251548288e-08,7.926084211788751e-08,-3.751240623989588,2.0,0.0,0.0,0.6782760000000001,39.306576008267555,16.047503532195407,0.0,0.0,0.0,6.806,5.806,0.5806,1000,40.48800312941947,20.708766418788453,23.224,-0.3064773346206028,36073407_26
36160744_9,GAS_COST=4/SEED=14/36160744_9,4.0,14,0.02,inventory,50,15,100,1005,1000,CDM,-89.78038606178801,77.85326733540943,-65.13314876467552,-243.67677054510696,-10.645729925003765,-321.9742638154355,-444.1338605776626,-1.884683446010848,5.004324935194228,0.018,1.0997351832144508e-185,6.122109836780347e-164,-89.78038606178801,29.559113,3.190445003928652,0.4403626757923521,0.11317150000000001,14.776408748345652,4.385739972209678,-2.8226982076939358,5.267035184876702,1.8043442766300866,27.762,26.762,2.6761999999999997,1000,51.83220066120548,34.10875094807034,107.048,-0.45583577492315863,36073407_26
36160744_14,GAS_COST=4/SEED=16/36160744_14,4.0,16,0.02,inventory,0,15,100,1005,1000,PPO,4.644130894857891,18.07292523158759,6.992323738588539,-27.742537544953137,30.94871495752443,-37.46812492977815,-51.741609069546556,-0.500201110019555,0.3700041468346993,0.654,1.344493361945372e-15,9.352232672896174e-19,4.644130894857891,16.5513,0.6504035173653737,1.7526375295536722,27.32975,70.80925792009444,88.38695979858964,1.8884166666666664,0.6647547833341771,1.3255818402791197,1.314,0.314,3.1399999999999997,10,15.561622160852862,9.613529152959021,1.256,-0.04796211303594987,
36160744_14,GAS_COST=4/SEED=16/36160744_14,4.0,16,0.02,inventory,0,15,100,1005,1000,PPO_narrow,6.477607686199505,17.950551852566374,7.581377161501109,-23.96664213352248,34.81409255433276,-35.36628440504408,-50.708465953253054,-0.29864590423878545,0.9643093515796797,0.73,2.0575071009793284e-28,4.557474664873838e-33,6.477607686199505,2.0,0.0,0.0,4.883099999999998,69.80510260968057,116.80472500883685,0.0,0.0,0.0,1.0,0.0,0.0,10,14.950367918276621,8.221281446766705,0.0,-0.2514787853104095,
36160744_14,GAS_COST=4/SEED=16/36160744_14,4.0,16,0.02,inventory,0,15,100,1005,1000,DeployNarrow,6.477607686199505,17.950551852566374,7.581377161501109,-23.96664213352248,34.81409255433276,-35.36628440504408,-50.708465953253054,-0.29864590423878545,0.9643093515796797,0.73,2.0575071009793284e-28,4.557474664873838e-33,6.477607686199505,2.0,0.0,0.0,4.403665000000001,69.87534397238362,108.28602515580104,0.0,0.0,0.0,1.0,0.0,0.0,1000,14.95097553137955,8.066962979097362,0.0,-0.406404866082683,36073407_26
36160744_14,GAS_COST=4/SEED=16/36160744_14,4.0,16,0.02,inventory,0,15,100,1005,1000,DeployWide,4.09478718770963,16.271817552955877,6.268138593964352,-24.95742360716701,27.8048911655416,-36.48392899469141,-51.603535519010464,-0.7388667337633585,0.9833922200896059,0.689,4.873609609898465e-15,1.7472770175243966e-21,4.09478718770963,30.0,0.0,0.0,4.403665000000001,69.87534397238362,108.28602515580104,0.0,0.0,0.0,1.0,0.0,0.0,1000,12.223730533503973,7.687185265063061,0.0,-0.4417580807312825,36073407_26
36160744_14,GAS_COST=4/SEED=16/36160744_14,4.0,16,0.02,inventory,0,15,100,1005,1000,ArrivalRebalance,-3.751240623989588,20.55128633631821,-3.649789108367372,-37.77397231087919,29.96862528166854,-50.85640829392216,-70.99221340640256,-0.26996616934536993,0.7421177512533754,0.426,1.0614417251548288e-08,7.926084211788751e-08,-3.751240623989588,2.0,0.0,0.0,0.6782760000000001,39.306576008267555,16.047503532195407,0.0,0.0,0.0,6.806,5.806,0.5806,1000,40.48800312941947,20.708766418788453,23.224,-0.3064773346206028,36073407_26
36160744_14,GAS_COST=4/SEED=16/36160744_14,4.0,16,0.02,inventory,0,15,100,1005,1000,CDM,-89.78038606178801,77.85326733540943,-65.13314876467552,-243.67677054510696,-10.645729925003765,-321.9742638154355,-444.1338605776626,-1.884683446010848,5.004324935194228,0.018,1.0997351832144508e-185,6.122109836780347e-164,-89.78038606178801,29.559113,3.190445003928652,0.4403626757923521,0.11317150000000001,14.776408748345652,4.385739972209678,-2.8226982076939358,5.267035184876702,1.8043442766300866,27.762,26.762,2.6761999999999997,1000,51.83220066120548,34.10875094807034,107.048,-0.45583577492315863,36073407_26
36160744_15,GAS_COST=4/SEED=16/36160744_15,4.0,16,0.02,inventory,50,15,100,1005,1000,PPO,1.5825061050271434,4.253317575692951,0.36668980106537674,-5.401661297417962,9.024078488361601,-8.969494949227427,-13.401752199110343,0.04919451638001001,2.5655337883625133,0.536,5.3850736708700896e-30,1.8308258291120792e-38,0.4123697720546454,18.13224368499257,0.0,6.228347970597537,-8.226597325408617,0.0,46.067351589583154,-1.5609212481426449,0.0,2.272322724194729,0.673,0.0,0.0,10,3.1163011968336467,1.5337950918065035,0.0,0.0,
36160744_15,GAS_COST=4/SEED=16/36160744_15,4.0,16,0.02,inventory,50,15,100,1005,1000,PPO_narrow,2.2800972662482697,5.453479379708936,0.0,-3.854667503045397,13.308741186478215,-8.323393720919098,-14.093273660703687,1.2046693810998435,4.148736151843692,0.468,7.327946405565213e-37,6.205575450788362e-42,1.0149509032177724,2.0,0.0,0.0,-8.66580310880829,2.638169257340242,45.84533363833536,0.9145077720207254,0.11658031088082901,0.7646306238127258,0.626,0.047,0.47000000000000003,10,4.2029818242996555,1.7810542863613255,0.188,0.04616972830993987,
36160744_15,GAS_COST=4/SEED=16/36160744_15,4.0,16,0.02,inventory,50,15,100,1005,1000,DeployNarrow,6.477607686199505,17.950551852566374,7.581377161501109,-23.96664213352248,34.81409255433276,-35.36628440504408,-50.708465953253054,-0.29864590423878545,0.9643093515796797,0.73,2.0575071009793284e-28,4.557474664873838e-33,6.477607686199505,2.0,0.0,0.0,4.403665000000001,69.87534397238362,108.28602515580104,0.0,0.0,0.0,1.0,0.0,0.0,1000,14.95097553137955,8.066962979097362,0.0,-0.406404866082683,36073407_26
36160744_15,GAS_COST=4/SEED=16/36160744_15,4.0,16,0.02,inventory,50,15,100,1005,1000,DeployWide,4.09478718770963,16.271817552955877,6.268138593964352,-24.95742360716701,27.8048911655416,-36.48392899469141,-51.603535519010464,-0.7388667337633585,0.9833922200896059,0.689,4.873609609898465e-15,1.7472770175243966e-21,4.09478718770963,30.0,0.0,0.0,4.403665000000001,69.87534397238362,108.28602515580104,0.0,0.0,0.0,1.0,0.0,0.0,1000,12.223730533503973,7.687185265063061,0.0,-0.4417580807312825,36073407_26
36160744_15,GAS_COST=4/SEED=16/36160744_15,4.0,16,0.02,inventory,50,15,100,1005,1000,ArrivalRebalance,-3.751240623989588,20.55128633631821,-3.649789108367372,-37.77397231087919,29.96862528166854,-50.85640829392216,-70.99221340640256,-0.26996616934536993,0.7421177512533754,0.426,1.0614417251548288e-08,7.926084211788751e-08,-3.751240623989588,2.0,0.0,0.0,0.6782760000000001,39.306576008267555,16.047503532195407,0.0,0.0,0.0,6.806,5.806,0.5806,1000,40.48800312941947,20.708766418788453,23.224,-0.3064773346206028,36073407_26
36160744_15,GAS_COST=4/SEED=16/36160744_15,4.0,16,0.02,inventory,50,15,100,1005,1000,CDM,-89.78038606178801,77.85326733540943,-65.13314876467552,-243.67677054510696,-10.645729925003765,-321.9742638154355,-444.1338605776626,-1.884683446010848,5.004324935194228,0.018,1.0997351832144508e-185,6.122109836780347e-164,-89.78038606178801,29.559113,3.190445003928652,0.4403626757923521,0.11317150000000001,14.776408748345652,4.385739972209678,-2.8226982076939358,5.267035184876702,1.8043442766300866,27.762,26.762,2.6761999999999997,1000,51.83220066120548,34.10875094807034,107.048,-0.45583577492315863,36073407_26
36160744_20,GAS_COST=4/SEED=18/36160744_20,4.0,18,0.02,inventory,0,15,100,1005,1000,PPO,5.31129294366564,17.74076944905385,6.234554585009221,-24.817316940748377,33.387713737166074,-35.81846256641224,-51.8552326427196,-0.29820520698407055,1.1189672102055184,0.704,2.0833891268717202e-20,2.655729051331167e-25,5.31129294366564,3.0202,0.8583075287733812,2.7614727882055985,-7.864,70.0892035257866,99.81681961974144,1.721,0.378,1.2283765709260333,1.14,0.14,1.4000000000000001,10,14.82528752259531,8.666161241311968,0.56,-0.2878333376177027,
36160744_20,GAS_COST=4/SEED=18/36160744_20,4.0,18,0.02,inventory,0,15,100,1005,1000,PPO_narrow,6.4242353163096375,18.062284510166883,7.587674192391546,-24.346671717097045,34.79119752552325,-35.62337975728487,-50.708465953253054,-0.31152263632803545,0.902864876368326,0.723,1.0798820018365654e-27,6.426189638112493e-32,6.4242353163096375,2.0,0.0,0.0,7.876699999999998,70.18937738401385,113.60023506626207,0.097,0.115,0.7896777823897543,1.024,0.024,0.24,10,15.083288911064992,8.363009211064645,0.096,-0.20004438369070857,
36160744_20,GAS_COST=4/SEED=18/36160744_20,4.0,18,0.02,inventory,0,15,100,1005,1000,DeployNarrow,6.477607686199505,17.950551852566374,7.581377161501109,-23.96664213352248,34.81409255433276,-35.36628440504408,-50.708465953253054,-0.29864590423878545,0.9643093515796797,0.73,2.0575071009793284e-28,4.557474664873838e-33,6.477607686199505,2.0,0.0,0.0,4.403665000000001,69.87534397238362,108.28602515580104,0.0,0.0,0.0,1.0,0.0,0.0,1000,14.95097553137955,8.066962979097362,0.0,-0.406404866082683,36073407_26
36160744_20,GAS_COST=4/SEED=18/36160744_20,4.0,18,0.02,inventory,0,15,100,1005,1000,DeployWide,4.09478718770963,16.271817552955877,6.268138593964352,-24.95742360716701,27.8048911655416,-36.48392899469141,-51.603535519010464,-0.7388667337633585,0.9833922200896059,0.689,4.873609609898465e-15,1.7472770175243966e-21,4.09478718770963,30.0,0.0,0.0,4.403665000000001,69.87534397238362,108.28602515580104,0.0,0.0,0.0,1.0,0.0,0.0,1000,12.223730533503973,7.687185265063061,0.0,-0.4417580807312825,36073407_26
36160744_20,GAS_COST=4/SEED=18/36160744_20,4.0,18,0.02,inventory,0,15,100,1005,1000,ArrivalRebalance,-3.751240623989588,20.55128633631821,-3.649789108367372,-37.77397231087919,29.96862528166854,-50.85640829392216,-70.99221340640256,-0.26996616934536993,0.7421177512533754,0.426,1.0614417251548288e-08,7.926084211788751e-08,-3.751240623989588,2.0,0.0,0.0,0.6782760000000001,39.306576008267555,16.047503532195407,0.0,0.0,0.0,6.806,5.806,0.5806,1000,40.48800312941947,20.708766418788453,23.224,-0.3064773346206028,36073407_26
36160744_20,GAS_COST=4/SEED=18/36160744_20,4.0,18,0.02,inventory,0,15,100,1005,1000,CDM,-89.78038606178801,77.85326733540943,-65.13314876467552,-243.67677054510696,-10.645729925003765,-321.9742638154355,-444.1338605776626,-1.884683446010848,5.004324935194228,0.018,1.0997351832144508e-185,6.122109836780347e-164,-89.78038606178801,29.559113,3.190445003928652,0.4403626757923521,0.11317150000000001,14.776408748345652,4.385739972209678,-2.8226982076939358,5.267035184876702,1.8043442766300866,27.762,26.762,2.6761999999999997,1000,51.83220066120548,34.10875094807034,107.048,-0.45583577492315863,36073407_26
36160744_21,GAS_COST=4/SEED=18/36160744_21,4.0,18,0.02,inventory,50,15,100,1005,1000,PPO,1.7630536694652752,4.710854616283294,0.5863138181657632,-5.519345011692184,9.18804236775662,-9.592356919768916,-14.652014826951506,0.18891097093919748,3.7060683186427985,0.537,2.6171987935652305e-30,3.0015776146043076e-36,0.4045369104539261,17.95086705202312,0.0,10.290177810117166,-5.048410404624278,0.4963872832369942,46.08145948076961,-0.14884393063583815,0.0,1.5137467751713878,0.699,0.007,0.07,10,3.417079326136149,1.6355093696228815,0.028,0.00948371295200756,
36160744_21,GAS_COST=4/SEED=18/36160744_21,4.0,18,0.02,inventory,50,15,100,1005,1000,PPO_narrow,2.575880175161159,6.234510734945397,0.6547096094281528,-6.092061568935884,14.045307649517929,-10.257733946852127,-16.377306212419533,1.0820504577657368,4.911235685613761,0.541,4.247248181622544e-36,3.185392845406364e-43,0.8574870606467733,2.0,0.0,0.0,-9.04264705882353,4.745588235294117,48.92977806232493,1.8029411764705883,0.0,0.8874899482836401,0.682,0.002,0.02,10,4.6501495009621046,2.0112687747646465,0.008,-0.05500055103629881,
36160744_21,GAS_COST=4/SEED=18/36160744_21,4.0,18,0.02,inventory,50,15,100,1005,1000,DeployNarrow,6.477607686199505,17.950551852566374,7.581377161501109,-23.96664213352248,34.81409255433276,-35.36628440504408,-50.708465953253054,-0.29864590423878545,0.9643093515796797,0.73,2.0575071009793284e-28,4.557474664873838e-33,6.477607686199505,2.0,0.0,0.0,4.403665000000001,69.87534397238362,108.28602515580104,0.0,0.0,0.0,1.0,0.0,0.0,1000,14.95097553137955,8.066962979097362,0.0,-0.406404866082683,36073407_26
36160744_21,GAS_COST=4/SEED=18/36160744_21,4.0,18,0.02,inventory,50,15,100,1005,1000,DeployWide,4.09478718770963,16.271817552955877,6.268138593964352,-24.95742360716701,27.8048911655416,-36.48392899469141,-51.603535519010464,-0.7388667337633585,0.9833922200896059,0.689,4.873609609898465e-15,1.7472770175243966e-21,4.09478718770963,30.0,0.0,0.0,4.403665000000001,69.87534397238362,108.28602515580104,0.0,0.0,0.0,1.0,0.0,0.0,1000,12.223730533503973,7.687185265063061,0.0,-0.4417580807312825,36073407_26
36160744_21,GAS_COST=4/SEED=18/36160744_21,4.0,18,0.02,inventory,50,15,100,1005,1000,ArrivalRebalance,-3.751240623989588,20.55128633631821,-3.649789108367372,-37.77397231087919,29.96862528166854,-50.85640829392216,-70.99221340640256,-0.26996616934536993,0.7421177512533754,0.426,1.0614417251548288e-08,7.926084211788751e-08,-3.751240623989588,2.0,0.0,0.0,0.6782760000000001,39.306576008267555,16.047503532195407,0.0,0.0,0.0,6.806,5.806,0.5806,1000,40.48800312941947,20.708766418788453,23.224,-0.3064773346206028,36073407_26
36160744_21,GAS_COST=4/SEED=18/36160744_21,4.0,18,0.02,inventory,50,15,100,1005,1000,CDM,-89.78038606178801,77.85326733540943,-65.13314876467552,-243.67677054510696,-10.645729925003765,-321.9742638154355,-444.1338605776626,-1.884683446010848,5.004324935194228,0.018,1.0997351832144508e-185,6.122109836780347e-164,-89.78038606178801,29.559113,3.190445003928652,0.4403626757923521,0.11317150000000001,14.776408748345652,4.385739972209678,-2.8226982076939358,5.267035184876702,1.8043442766300866,27.762,26.762,2.6761999999999997,1000,51.83220066120548,34.10875094807034,107.048,-0.45583577492315863,36073407_26
36073407_2,GAS_COST=4/SEED=2/36073407_2,4.0,2,0.02,inventory,0,15,100,1005,1000,PPO,5.401098804517445,18.090405316584633,7.993435919756621,-25.413033028647906,32.83336627949577,-36.32846193360882,-50.481411700035174,-0.4068661863356521,0.5162027684767803,0.663,2.616432945301895e-20,3.915191011088567e-23,5.401098804517445,8.986799999999999,0.9166936844683496,2.4651502509989123,28.3113,70.54994060159146,93.44116083027865,-0.8171666666666666,0.1804574013243215,0.4068712258742862,1.271,0.271,2.71,10,16.17014537294683,9.447958648118036,1.084,-0.23708792031134923,
36073407_2,GAS_COST=4/SEED=2/36073407_2,4.0,2,0.02,inventory,0,15,100,1005,1000,PPO_narrow,6.612275969176343,18.236838640398567,7.598012007090404,-24.265322835023095,34.81409255433276,-35.891365287267824,-50.88159509462345,-0.3313852669674582,0.832773492323585,0.721,1.182797410286339e-28,1.463290687413919e-32,6.612275969176343,2.0,0.0,0.0,11.2616,70.57499867572628,111.0683894068875,0.0275,0.0405,0.3217044451045089,1.051,0.051,0.51,10,15.5767671356451,8.552015823164092,0.204,-0.20847534330466522,
36073407_2,GAS_COST=4/SEED=2/36073407_2,4.0,2,0.02,inventory,0,15,100,1005,1000,DeployNarrow,6.477607686199505,17.950551852566374,7.581377161501109,-23.96664213352248,34.81409255433276,-35.36628440504408,-50.708465953253054,-0.29864590423878545,0.9643093515796797,0.73,2.0575071009793284e-28,4.557474664873838e-33,6.477607686199505,2.0,0.0,0.0,4.403665000000001,69.87534397238362,108.28602515580104,0.0,0.0,0.0,1.0,0.0,0.0,1000,14.95097553137955,8.066962979097362,0.0,-0.406404866082683,36073407_26
36073407_2,GAS_COST=4/SEED=2/36073407_2,4.0,2,0.02,inventory,0,15,100,1005,1000,DeployWide,4.09478718770963,16.271817552955877,6.268138593964352,-24.95742360716701,27.8048911655416,-36.48392899469141,-51.603535519010464,-0.7388667337633585,0.9833922200896059,0.689,4.873609609898465e-15,1.7472770175243966e-21,4.09478718770963,30.0,0.0,0.0,4.403665000000001,69.87534397238362,108.28602515580104,0.0,0.0,0.0,1.0,0.0,0.0,1000,12.223730533503973,7.687185265063061,0.0,-0.4417580807312825,36073407_26
36073407_2,GAS_COST=4/SEED=2/36073407_2,4.0,2,0.02,inventory,0,15,100,1005,1000,ArrivalRebalance,-3.751240623989588,20.55128633631821,-3.649789108367372,-37.77397231087919,29.96862528166854,-50.85640829392216,-70.99221340640256,-0.26996616934536993,0.7421177512533754,0.426,1.0614417251548288e-08,7.926084211788751e-08,-3.751240623989588,2.0,0.0,0.0,0.6782760000000001,39.306576008267555,16.047503532195407,0.0,0.0,0.0,6.806,5.806,0.5806,1000,40.48800312941947,20.708766418788453,23.224,-0.3064773346206028,36073407_26
36073407_2,GAS_COST=4/SEED=2/36073407_2,4.0,2,0.02,inventory,0,15,100,1005,1000,CDM,-89.78038606178801,77.85326733540943,-65.13314876467552,-243.67677054510696,-10.645729925003765,-321.9742638154355,-444.1338605776626,-1.884683446010848,5.004324935194228,0.018,1.0997351832144508e-185,6.122109836780347e-164,-89.78038606178801,29.559113,3.190445003928652,0.4403626757923521,0.11317150000000001,14.776408748345652,4.385739972209678,-2.8226982076939358,5.267035184876702,1.8043442766300866,27.762,26.762,2.6761999999999997,1000,51.83220066120548,34.10875094807034,107.048,-0.45583577492315863,36073407_26
36073407_3,GAS_COST=4/SEED=2/36073407_3,4.0,2,0.02,inventory,50,15,100,1005,1000,PPO,1.2203937101043056,3.650538068198709,0.0,-4.126200885412902,7.823838917343237,-8.566410300158047,-13.691297229292559,-0.5240730761556194,3.4290819178855525,0.458,8.214989963128671e-25,2.8377304035511167e-33,0.29225271050956386,25.117039586919105,0.0,4.080523680595336,-10.28829604130809,0.0,46.21245669616741,0.4173838209982788,0.0,0.8436605995556169,0.581,0.0,0.0,10,2.515183975606541,1.2947902655022352,0.0,0.0,
36073407_3,GAS_COST=4/SEED=2/36073407_3,4.0,2,0.02,inventory,50,15,100,1005,1000,PPO_narrow,1.3271317767233268,4.4471524392613375,0.0,-2.6402247601478166,10.600993087436198,-7.4033554569660325,-12.68105491129844,1.4645555406857615,5.8470696535240645,0.287,2.71883287859758e-20,7.147821249733772e-22,0.4884252986046162,2.0,0.0,0.0,-11.104508196721312,0.0,46.357963710114504,-1.653688524590164,0.0,4.863816166988814,0.488,0.0,0.0,10,2.37212138612179,1.0449896093984639,0.0,0.0,
36073407_3,GAS_COST=4/SEED=2/36073407_3,4.0,2,0.02,inventory,50,15,100,1005,1000,DeployNarrow,6.477607686199505,17.950551852566374,7.581377161501109,-23.96664213352248,34.81409255433276,-35.36628440504408,-50.708465953253054,-0.29864590423878545,0.9643093515796797,0.73,2.0575071009793284e-28,4.557474664873838e-33,6.477607686199505,2.0,0.0,0.0,4.403665000000001,69.87534397238362,108.28602515580104,0.0,0.0,0.0,1.0,0.0,0.0,1000,14.95097553137955,8.066962979097362,0.0,-0.406404866082683,36073407_26
36073407_3,GAS_COST=4/SEED=2/36073407_3,4.0,2,0.02,inventory,50,15,100,1005,1000,DeployWide,4.09478718770963,16.271817552955877,6.268138593964352,-24.95742360716701,27.8048911655416,-36.48392899469141,-51.603535519010464,-0.7388667337633585,0.9833922200896059,0.689,4.873609609898465e-15,1.7472770175243966e-21,4.09478718770963,30.0,0.0,0.0,4.403665000000001,69.87534397238362,108.28602515580104,0.0,0.0,0.0,1.0,0.0,0.0,1000,12.223730533503973,7.687185265063061,0.0,-0.4417580807312825,36073407_26
36073407_3,GAS_COST=4/SEED=2/36073407_3,4.0,2,0.02,inventory,50,15,100,1005,1000,ArrivalRebalance,-3.751240623989588,20.55128633631821,-3.649789108367372,-37.77397231087919,29.96862528166854,-50.85640829392216,-70.99221340640256,-0.26996616934536993,0.7421177512533754,0.426,1.0614417251548288e-08,7.926084211788751e-08,-3.751240623989588,2.0,0.0,0.0,0.6782760000000001,39.306576008267555,16.047503532195407,0.0,0.0,0.0,6.806,5.806,0.5806,1000,40.48800312941947,20.708766418788453,23.224,-0.3064773346206028,36073407_26
36073407_3,GAS_COST=4/SEED=2/36073407_3,4.0,2,0.02,inventory,50,15,100,1005,1000,CDM,-89.78038606178801,77.85326733540943,-65.13314876467552,-243.67677054510696,-10.645729925003765,-321.9742638154355,-444.1338605776626,-1.884683446010848,5.004324935194228,0.018,1.0997351832144508e-185,6.122109836780347e-164,-89.78038606178801,29.559113,3.190445003928652,0.4403626757923521,0.11317150000000001,14.776408748345652,4.385739972209678,-2.8226982076939358,5.267035184876702,1.8043442766300866,27.762,26.762,2.6761999999999997,1000,51.83220066120548,34.10875094807034,107.048,-0.45583577492315863,36073407_26
36160744_26,GAS_COST=4/SEED=20/36160744_26,4.0,20,0.02,inventory,0,15,100,1005,1000,PPO,5.22115097116158,17.839791875688068,7.105588194888128,-25.62358184511073,32.620508442128795,-36.70439277072192,-51.11121655859845,-0.4361733109722756,0.651812903292412,0.679,1.3198099447385767e-19,3.1650176658021377e-23,5.22115097116158,9.4453,0.5000636798778575,1.931900077643769,19.165449999999996,71.91062977921683,103.66501246224543,-0.12325,0.17325,0.6253974236435582,1.136,0.136,1.36,10,14.83645102112511,8.893214368377357,0.544,-0.17808568158617444,
36160744_26,GAS_COST=4/SEED=20/36160744_26,4.0,20,0.02,inventory,0,15,100,1005,1000,PPO_narrow,6.477607686199505,17.950551852566374,7.581377161501109,-23.96664213352248,34.81409255433276,-35.36628440504408,-50.708465953253054,-0.29864590423878545,0.9643093515796797,0.73,2.0575071009793284e-28,4.557474664873838e-33,6.477607686199505,2.0,0.0,0.0,4.883099999999998,69.80510260968057,116.80472500883685,0.0,0.0,0.0,1.0,0.0,0.0,10,14.950367918276621,8.221281446766705,0.0,-0.2514787853104095,
36160744_26,GAS_COST=4/SEED=20/36160744_26,4.0,20,0.02,inventory,0,15,100,1005,1000,DeployNarrow,6.477607686199505,17.950551852566374,7.581377161501109,-23.96664213352248,34.81409255433276,-35.36628440504408,-50.708465953253054,-0.29864590423878545,0.9643093515796797,0.73,2.0575071009793284e-28,4.557474664873838e-33,6.477607686199505,2.0,0.0,0.0,4.403665000000001,69.87534397238362,108.28602515580104,0.0,0.0,0.0,1.0,0.0,0.0,1000,14.95097553137955,8.066962979097362,0.0,-0.406404866082683,36073407_26
36160744_26,GAS_COST=4/SEED=20/36160744_26,4.0,20,0.02,inventory,0,15,100,1005,1000,DeployWide,4.09478718770963,16.271817552955877,6.268138593964352,-24.95742360716701,27.8048911655416,-36.48392899469141,-51.603535519010464,-0.7388667337633585,0.9833922200896059,0.689,4.873609609898465e-15,1.7472770175243966e-21,4.09478718770963,30.0,0.0,0.0,4.403665000000001,69.87534397238362,108.28602515580104,0.0,0.0,0.0,1.0,0.0,0.0,1000,12.223730533503973,7.687185265063061,0.0,-0.4417580807312825,36073407_26
36160744_26,GAS_COST=4/SEED=20/36160744_26,4.0,20,0.02,inventory,0,15,100,1005,1000,ArrivalRebalance,-3.751240623989588,20.55128633631821,-3.649789108367372,-37.77397231087919,29.96862528166854,-50.85640829392216,-70.99221340640256,-0.26996616934536993,0.7421177512533754,0.426,1.0614417251548288e-08,7.926084211788751e-08,-3.751240623989588,2.0,0.0,0.0,0.6782760000000001,39.306576008267555,16.047503532195407,0.0,0.0,0.0,6.806,5.806,0.5806,1000,40.48800312941947,20.708766418788453,23.224,-0.3064773346206028,36073407_26
36160744_26,GAS_COST=4/SEED=20/36160744_26,4.0,20,0.02,inventory,0,15,100,1005,1000,CDM,-89.78038606178801,77.85326733540943,-65.13314876467552,-243.67677054510696,-10.645729925003765,-321.9742638154355,-444.1338605776626,-1.884683446010848,5.004324935194228,0.018,1.0997351832144508e-185,6.122109836780347e-164,-89.78038606178801,29.559113,3.190445003928652,0.4403626757923521,0.11317150000000001,14.776408748345652,4.385739972209678,-2.8226982076939358,5.267035184876702,1.8043442766300866,27.762,26.762,2.6761999999999997,1000,51.83220066120548,34.10875094807034,107.048,-0.45583577492315863,36073407_26
36160744_27,GAS_COST=4/SEED=20/36160744_27,4.0,20,0.02,inventory,50,15,100,1005,1000,PPO,1.3646014737600254,3.854784798929239,0.11638264134199972,-4.539241099763399,8.270698735860638,-8.370936284526872,-13.732868139763696,-0.15076667589699594,3.056328166125409,0.519,1.834019501463066e-27,6.17608311462457e-39,0.3792396549723014,18.192901234567902,0.06018518518518518,4.319312671387469,-12.637345679012345,0.9398148148148148,46.330821128845734,-3.821759259259259,0.016203703703703703,0.9572563952470761,0.654,0.006,0.06,10,2.7593275037252916,1.368072397200375,0.024,-0.002653632764891114,
36160744_27,GAS_COST=4/SEED=20/36160744_27,4.0,20,0.02,inventory,50,15,100,1005,1000,PPO_narrow,2.9114040033988102,6.326415878176574,1.1723156032514908,-5.373321048938374,14.333388251730176,-9.781507869838105,-15.967599833600195,1.0597713384489746,4.077577047894032,0.555,1.2829725093687263e-43,4.628473949530498e-50,1.1534336215845233,2.0,0.0,0.0,-11.49785100286533,7.364613180515759,49.812467035599056,1.0,0.0,0.0,0.714,0.016,0.16,10,5.2533327541799775,2.2425079958293592,0.064,-0.03542075495180797,
36160744_27,GAS_COST=4/SEED=20/36160744_27,4.0,20,0.02,inventory,50,15,100,1005,1000,DeployNarrow,6.477607686199505,17.950551852566374,7.581377161501109,-23.96664213352248,34.81409255433276,-35.36628440504408,-50.708465953253054,-0.29864590423878545,0.9643093515796797,0.73,2.0575071009793284e-28,4.557474664873838e-33,6.477607686199505,2.0,0.0,0.0,4.403665000000001,69.87534397238362,108.28602515580104,0.0,0.0,0.0,1.0,0.0,0.0,1000,14.95097553137955,8.066962979097362,0.0,-0.406404866082683,36073407_26
36160744_27,GAS_COST=4/SEED=20/36160744_27,4.0,20,0.02,inventory,50,15,100,1005,1000,DeployWide,4.09478718770963,16.271817552955877,6.268138593964352,-24.95742360716701,27.8048911655416,-36.48392899469141,-51.603535519010464,-0.7388667337633585,0.9833922200896059,0.689,4.873609609898465e-15,1.7472770175243966e-21,4.09478718770963,30.0,0.0,0.0,4.403665000000001,69.87534397238362,108.28602515580104,0.0,0.0,0.0,1.0,0.0,0.0,1000,12.223730533503973,7.687185265063061,0.0,-0.4417580807312825,36073407_26
36160744_27,GAS_COST=4/SEED=20/36160744_27,4.0,20,0.02,inventory,50,15,100,1005,1000,ArrivalRebalance,-3.751240623989588,20.55128633631821,-3.649789108367372,-37.77397231087919,29.96862528166854,-50.85640829392216,-70.99221340640256,-0.26996616934536993,0.7421177512533754,0.426,1.0614417251548288e-08,7.926084211788751e-08,-3.751240623989588,2.0,0.0,0.0,0.6782760000000001,39.306576008267555,16.047503532195407,0.0,0.0,0.0,6.806,5.806,0.5806,1000,40.48800312941947,20.708766418788453,23.224,-0.3064773346206028,36073407_26
36160744_27,GAS_COST=4/SEED=20/36160744_27,4.0,20,0.02,inventory,50,15,100,1005,1000,CDM,-89.78038606178801,77.85326733540943,-65.13314876467552,-243.67677054510696,-10.645729925003765,-321.9742638154355,-444.1338605776626,-1.884683446010848,5.004324935194228,0.018,1.0997351832144508e-185,6.122109836780347e-164,-89.78038606178801,29.559113,3.190445003928652,0.4403626757923521,0.11317150000000001,14.776408748345652,4.385739972209678,-2.8226982076939358,5.267035184876702,1.8043442766300866,27.762,26.762,2.6761999999999997,1000,51.83220066120548,34.10875094807034,107.048,-0.45583577492315863,36073407_26
36073407_8,GAS_COST=4/SEED=4/36073407_8,4.0,4,0.02,inventory,0,15,100,1005,1000,PPO,6.478211165847009,18.028462063556418,7.580157008819356,-23.96664213352248,34.8969710777606,-35.36628440504408,-50.708465953253054,-0.2860319175865392,0.9243379640543781,0.727,3.357246971684357e-28,1.3704279971881675e-32,6.478211165847009,2.2041000000000004,0.1543667771220627,1.6645819865659968,7.3367499999999986,69.95986248457794,113.78571963096907,-0.0005,0.0145,0.11884759147748851,1.017,0.017,0.17,10,15.123183578195938,8.426868082115865,0.068,-0.1501043302330625,
36073407_8,GAS_COST=4/SEED=4/36073407_8,4.0,4,0.02,inventory,0,15,100,1005,1000,PPO_narrow,6.0328183141186384,18.036297655432765,7.745712212813544,-25.093323719680544,34.07041430377963,-36.663278656398994,-51.969380647238594,-0.36683387474498247,0.9733509813670591,0.723,7.786071748610609e-25,4.006668296917052e-30,6.0328183141186384,1.9986,0.0012481555180522204,0.029292319812537902,5.747899999999998,69.76651608161029,115.9198980356263,0.982625,0.026981502987320178,0.4667319727370304,1.008,0.008,0.08,10,14.601249957341814,8.323605532578354,0.032,-0.21282611064482404,
36073407_8,GAS_COST=4/SEED=4/36073407_8,4.0,4,0.02,inventory,0,15,100,1005,1000,DeployNarrow,6.477607686199505,17.950551852566374,7.581377161501109,-23.96664213352248,34.81409255433276,-35.36628440504408,-50.708465953253054,-0.29864590423878545,0.9643093515796797,0.73,2.0575071009793284e-28,4.557474664873838e-33,6.477607686199505,2.0,0.0,0.0,4.403665000000001,69.87534397238362,108.28602515580104,0.0,0.0,0.0,1.0,0.0,0.0,1000,14.95097553137955,8.066962979097362,0.0,-0.406404866082683,36073407_26
36073407_8,GAS_COST=4/SEED=4/36073407_8,4.0,4,0.02,inventory,0,15,100,1005,1000,DeployWide,4.09478718770963,16.271817552955877,6.268138593964352,-24.95742360716701,27.8048911655416,-36.48392899469141,-51.603535519010464,-0.7388667337633585,0.9833922200896059,0.689,4.873609609898465e-15,1.7472770175243966e-21,4.09478718770963,30.0,0.0,0.0,4.403665000000001,69.87534397238362,108.28602515580104,0.0,0.0,0.0,1.0,0.0,0.0,1000,12.223730533503973,7.687185265063061,0.0,-0.4417580807312825,36073407_26
36073407_8,GAS_COST=4/SEED=4/36073407_8,4.0,4,0.02,inventory,0,15,100,1005,1000,ArrivalRebalance,-3.751240623989588,20.55128633631821,-3.649789108367372,-37.77397231087919,29.96862528166854,-50.85640829392216,-70.99221340640256,-0.26996616934536993,0.7421177512533754,0.426,1.0614417251548288e-08,7.926084211788751e-08,-3.751240623989588,2.0,0.0,0.0,0.6782760000000001,39.306576008267555,16.047503532195407,0.0,0.0,0.0,6.806,5.806,0.5806,1000,40.48800312941947,20.708766418788453,23.224,-0.3064773346206028,36073407_26
36073407_8,GAS_COST=4/SEED=4/36073407_8,4.0,4,0.02,inventory,0,15,100,1005,1000,CDM,-89.78038606178801,77.85326733540943,-65.13314876467552,-243.67677054510696,-10.645729925003765,-321.9742638154355,-444.1338605776626,-1.884683446010848,5.004324935194228,0.018,1.0997351832144508e-185,6.122109836780347e-164,-89.78038606178801,29.559113,3.190445003928652,0.4403626757923521,0.11317150000000001,14.776408748345652,4.385739972209678,-2.8226982076939358,5.267035184876702,1.8043442766300866,27.762,26.762,2.6761999999999997,1000,51.83220066120548,34.10875094807034,107.048,-0.45583577492315863,36073407_26
36073407_9,GAS_COST=4/SEED=4/36073407_9,4.0,4,0.02,inventory,50,15,100,1005,1000,PPO,1.5487208413074491,4.1912697150477785,0.011903740319155531,-4.7074985485521035,8.848789934391327,-9.114795499389025,-14.75215184794023,-0.1545626975609705,2.999051547911429,0.504,1.2439741093479237e-29,2.7154452702622603e-38,0.35407789308030396,20.972886762360446,0.0,6.782393365816851,-9.91866028708134,2.6044657097288675,46.74428811705661,-0.35566188197767146,0.0,3.719787898533748,0.627,0.0,0.0,10,3.0737520752872296,1.5669822996762486,0.0,0.04195106569646836,
36073407_9,GAS_COST=4/SEED=4/36073407_9,4.0,4,0.02,inventory,50,15,100,1005,1000,PPO_narrow,2.027249415097498,5.227070985448797,0.0,-3.8360978355209907,13.216645045847697,-8.009147652974352,-13.550220197757449,1.300496607445425,4.439431964905985,0.429,2.7779813452140024e-32,2.682467269761055e-37,0.9544412276327997,2.0,0.0,0.0,-14.567944250871081,3.770034843205575,48.10419603591458,0.6907665505226481,0.023519163763066203,1.3065508111651811,0.582,0.008,0.08,10,3.9421463864633113,1.81189608715707,0.032,-0.07100088420874355,
36073407_9,GAS_COST=4/SEED=4/36073407_9,4.0,4,0.02,inventory,50,15,100,1005,1000,DeployNarrow,6.477607686199505,17.950551852566374,7.581377161501109,-23.96664213352248,34.81409255433276,-35.36628440504408,-50.708465953253054,-0.29864590423878545,0.9643093515796797,0.73,2.0575071009793284e-28,4.557474664873838e-33,6.477607686199505,2.0,0.0,0.0,4.403665000000001,69.87534397238362,108.28602515580104,0.0,0.0,0.0,1.0,0.0,0.0,1000,14.95097553137955,8.066962979097362,0.0,-0.406404866082683,36073407_26
36073407_9,GAS_COST=4/SEED=4/36073407_9,4.0,4,0.02,inventory,50,15,100,1005,1000,DeployWide,4.09478718770963,16.271817552955877,6.268138593964352,-24.95742360716701,27.8048911655416,-36.48392899469141,-51.603535519010464,-0.7388667337633585,0.9833922200896059,0.689,4.873609609898465e-15,1.7472770175243966e-21,4.09478718770963,30.0,0.0,0.0,4.403665000000001,69.87534397238362,108.28602515580104,0.0,0.0,0.0,1.0,0.0,0.0,1000,12.223730533503973,7.687185265063061,0.0,-0.4417580807312825,36073407_26
36073407_9,GAS_COST=4/SEED=4/36073407_9,4.0,4,0.02,inventory,50,15,100,1005,1000,ArrivalRebalance,-3.751240623989588,20.55128633631821,-3.649789108367372,-37.77397231087919,29.96862528166854,-50.85640829392216,-70.99221340640256,-0.26996616934536993,0.7421177512533754,0.426,1.0614417251548288e-08,7.926084211788751e-08,-3.751240623989588,2.0,0.0,0.0,0.6782760000000001,39.306576008267555,16.047503532195407,0.0,0.0,0.0,6.806,5.806,0.5806,1000,40.48800312941947,20.708766418788453,23.224,-0.3064773346206028,36073407_26
36073407_9,GAS_COST=4/SEED=4/36073407_9,4.0,4,0.02,inventory,50,15,100,1005,1000,CDM,-89.78038606178801,77.85326733540943,-65.13314876467552,-243.67677054510696,-10.645729925003765,-321.9742638154355,-444.1338605776626,-1.884683446010848,5.004324935194228,0.018,1.0997351832144508e-185,6.122109836780347e-164,-89.78038606178801,29.559113,3.190445003928652,0.4403626757923521,0.11317150000000001,14.776408748345652,4.385739972209678,-2.8226982076939358,5.267035184876702,1.8043442766300866,27.762,26.762,2.6761999999999997,1000,51.83220066120548,34.10875094807034,107.048,-0.45583577492315863,36073407_26
36073407_14,GAS_COST=4/SEED=6/36073407_14,4.0,6,0.02,inventory,0,15,100,1005,1000,PPO,5.093141639004696,17.68394479958101,6.498859854747366,-24.83355329125575,32.837455783242966,-36.770101936442586,-51.67074234730393,-0.4453712921573543,0.7372128435845973,0.685,4.656798077110694e-19,2.6083513714659075e-23,5.093141639004696,10.5365,0.5522766697409084,1.7434901060803298,19.202150000000003,71.20260781205478,101.18005061709299,1.1490833333333332,0.18543149871593595,0.7397000095759542,1.134,0.134,1.34,10,14.691993910284804,8.90370655686926,0.536,-0.15914571441084588,
36073407_14,GAS_COST=4/SEED=6/36073407_14,4.0,6,0.02,inventory,0,15,100,1005,1000,PPO_narrow,6.599634115669207,18.46088171635558,7.587674192391546,-24.70615237997305,37.41727660528061,-35.81836356930529,-50.51366634140194,-0.2961772287161352,0.6964955481700308,0.711,6.045216115047738e-28,4.228694472416665e-31,6.599634115669207,2.0,0.0,0.0,16.1015,70.19170716530961,106.68995738939068,0.05008333333333333,0.07829825296500913,0.23117752618087928,1.14,0.14,1.4000000000000001,10,16.21252396479274,8.863886315495803,0.56,-0.18900353362772995,
36073407_14,GAS_COST=4/SEED=6/36073407_14,4.0,6,0.02,inventory,0,15,100,1005,1000,DeployNarrow,6.477607686199505,17.950551852566374,7.581377161501109,-23.96664213352248,34.81409255433276,-35.36628440504408,-50.708465953253054,-0.29864590423878545,0.9643093515796797,0.73,2.0575071009793284e-28,4.557474664873838e-33,6.477607686199505,2.0,0.0,0.0,4.403665000000001,69.87534397238362,108.28602515580104,0.0,0.0,0.0,1.0,0.0,0.0,1000,14.95097553137955,8.066962979097362,0.0,-0.406404866082683,36073407_26
36073407_14,GAS_COST=4/SEED=6/36073407_14,4.0,6,0.02,inventory,0,15,100,1005,1000,DeployWide,4.09478718770963,16.271817552955877,6.268138593964352,-24.95742360716701,27.8048911655416,-36.48392899469141,-51.603535519010464,-0.7388667337633585,0.9833922200896059,0.689,4.873609609898465e-15,1.7472770175243966e-21,4.09478718770963,30.0,0.0,0.0,4.403665000000001,69.87534397238362,108.28602515580104,0.0,0.0,0.0,1.0,0.0,0.0,1000,12.223730533503973,7.687185265063061,0.0,-0.4417580807312825,36073407_26
36073407_14,GAS_COST=4/SEED=6/36073407_14,4.0,6,0.02,inventory,0,15,100,1005,1000,ArrivalRebalance,-3.751240623989588,20.55128633631821,-3.649789108367372,-37.77397231087919,29.96862528166854,-50.85640829392216,-70.99221340640256,-0.26996616934536993,0.7421177512533754,0.426,1.0614417251548288e-08,7.926084211788751e-08,-3.751240623989588,2.0,0.0,0.0,0.6782760000000001,39.306576008267555,16.047503532195407,0.0,0.0,0.0,6.806,5.806,0.5806,1000,40.48800312941947,20.708766418788453,23.224,-0.3064773346206028,36073407_26
36073407_14,GAS_COST=4/SEED=6/36073407_14,4.0,6,0.02,inventory,0,15,100,1005,1000,CDM,-89.78038606178801,77.85326733540943,-65.13314876467552,-243.67677054510696,-10.645729925003765,-321.9742638154355,-444.1338605776626,-1.884683446010848,5.004324935194228,0.018,1.0997351832144508e-185,6.122109836780347e-164,-89.78038606178801,29.559113,3.190445003928652,0.4403626757923521,0.11317150000000001,14.776408748345652,4.385739972209678,-2.8226982076939358,5.267035184876702,1.8043442766300866,27.762,26.762,2.6761999999999997,1000,51.83220066120548,34.10875094807034,107.048,-0.45583577492315863,36073407_26
36073407_15,GAS_COST=4/SEED=6/36073407_15,4.0,6,0.02,inventory,50,15,100,1005,1000,PPO,1.5177141481111076,4.12064197711598,0.19533459909035855,-4.795340301617648,8.918704485778653,-8.935491013561244,-13.573421237717287,-0.23783817804142832,2.1608190241622696,0.514,1.8359540899139966e-29,1.1177855156820579e-35,0.34908637068092047,20.826021180030256,0.0,3.6658856712216488,-7.700453857791225,0.037821482602118005,46.24407701966458,-0.04236006051437216,0.0,1.5015442974869502,0.661,0.0,0.0,10,3.00520937433571,1.4874952262246028,0.0,0.0,
36073407_15,GAS_COST=4/SEED=6/36073407_15,4.0,6,0.02,inventory,50,15,100,1005,1000,PPO_narrow,2.354646144279143,5.466517513256973,0.3302793843451468,-4.612653466430669,12.999128458184963,-8.766753980316114,-14.025791549457256,0.9023255642898914,3.1423817774242258,0.52,7.619748866546619e-39,8.907345191446742e-43,0.8973021281782935,2.0,0.0,0.0,-5.887878787878788,1.2712121212121212,46.84273662253667,0.41818181818181815,0.045454545454545456,0.6485202482549748,0.672,0.012,0.12,10,4.222171545039135,1.8154717581595456,0.048,-0.004053642600445791,
36073407_15,GAS_COST=4/SEED=6/36073407_15,4.0,6,0.02,inventory,50,15,100,1005,1000,DeployNarrow,6.477607686199505,17.950551852566374,7.581377161501109,-23.96664213352248,34.81409255433276,-35.36628440504408,-50.708465953253054,-0.29864590423878545,0.9643093515796797,0.73,2.0575071009793284e-28,4.557474664873838e-33,6.477607686199505,2.0,0.0,0.0,4.403665000000001,69.87534397238362,108.28602515580104,0.0,0.0,0.0,1.0,0.0,0.0,1000,14.95097553137955,8.066962979097362,0.0,-0.406404866082683,36073407_26
36073407_15,GAS_COST=4/SEED=6/36073407_15,4.0,6,0.02,inventory,50,15,100,1005,1000,DeployWide,4.09478718770963,16.271817552955877,6.268138593964352,-24.95742360716701,27.8048911655416,-36.48392899469141,-51.603535519010464,-0.7388667337633585,0.9833922200896059,0.689,4.873609609898465e-15,1.7472770175243966e-21,4.09478718770963,30.0,0.0,0.0,4.403665000000001,69.87534397238362,108.28602515580104,0.0,0.0,0.0,1.0,0.0,0.0,1000,12.223730533503973,7.687185265063061,0.0,-0.4417580807312825,36073407_26
36073407_15,GAS_COST=4/SEED=6/36073407_15,4.0,6,0.02,inventory,50,15,100,1005,1000,ArrivalRebalance,-3.751240623989588,20.55128633631821,-3.649789108367372,-37.77397231087919,29.96862528166854,-50.85640829392216,-70.99221340640256,-0.26996616934536993,0.7421177512533754,0.426,1.0614417251548288e-08,7.926084211788751e-08,-3.751240623989588,2.0,0.0,0.0,0.6782760000000001,39.306576008267555,16.047503532195407,0.0,0.0,0.0,6.806,5.806,0.5806,1000,40.48800312941947,20.708766418788453,23.224,-0.3064773346206028,36073407_26
36073407_15,GAS_COST=4/SEED=6/36073407_15,4.0,6,0.02,inventory,50,15,100,1005,1000,CDM,-89.78038606178801,77.85326733540943,-65.13314876467552,-243.67677054510696,-10.645729925003765,-321.9742638154355,-444.1338605776626,-1.884683446010848,5.004324935194228,0.018,1.0997351832144508e-185,6.122109836780347e-164,-89.78038606178801,29.559113,3.190445003928652,0.4403626757923521,0.11317150000000001,14.776408748345652,4.385739972209678,-2.8226982076939358,5.267035184876702,1.8043442766300866,27.762,26.762,2.6761999999999997,1000,51.83220066120548,34.10875094807034,107.048,-0.45583577492315863,36073407_26
36073407_21,GAS_COST=4/SEED=8/36073407_21,4.0,8,0.02,inventory,50,15,100,1005,1000,PPO,1.5781231788375238,4.457145354963508,0.33279567098941243,-5.401047038896831,8.837043800257327,-9.60850133039441,-14.478575361385037,-0.04238489378741347,2.7523636251983215,0.528,1.797263341174579e-27,9.112217786317513e-36,0.22964779843793684,20.758450704225353,0.002112676056338028,9.228120243770418,-10.679929577464788,3.275,48.21215149112816,-1.4637323943661973,0.027112676056338027,1.57723845364448,0.714,0.004,0.04,10,3.244188577541242,1.635568749585063,0.016,-0.014496649118655378,
36073407_21,GAS_COST=4/SEED=8/36073407_21,4.0,8,0.02,inventory,50,15,100,1005,1000,PPO_narrow,2.249411197053668,5.631256140761769,0.0,-5.051872584275361,13.280934557921778,-9.288937642044052,-14.855665278036156,0.992813205311792,3.535764173668329,0.489,5.192467770951116e-34,6.017165698013474e-39,0.882637946452607,2.0,0.0,0.0,-6.482456140350878,1.6626794258373205,45.984201000504235,0.4314194577352472,0.023125996810207338,0.6677236875675304,0.65,0.023,0.22999999999999998,10,4.103612668195105,1.7611999699512622,0.092,-0.0010015011901750128,
36073407_21,GAS_COST=4/SEED=8/36073407_21,4.0,8,0.02,inventory,50,15,100,1005,1000,DeployNarrow,6.477607686199505,17.950551852566374,7.581377161501109,-23.96664213352248,34.81409255433276,-35.36628440504408,-50.708465953253054,-0.29864590423878545,0.9643093515796797,0.73,2.0575071009793284e-28,4.557474664873838e-33,6.477607686199505,2.0,0.0,0.0,4.403665000000001,69.87534397238362,108.28602515580104,0.0,0.0,0.0,1.0,0.0,0.0,1000,14.95097553137955,8.066962979097362,0.0,-0.406404866082683,36073407_26
36073407_21,GAS_COST=4/SEED=8/36073407_21,4.0,8,0.02,inventory,50,15,100,1005,1000,DeployWide,4.09478718770963,16.271817552955877,6.268138593964352,-24.95742360716701,27.8048911655416,-36.48392899469141,-51.603535519010464,-0.7388667337633585,0.9833922200896059,0.689,4.873609609898465e-15,1.7472770175243966e-21,4.09478718770963,30.0,0.0,0.0,4.403665000000001,69.87534397238362,108.28602515580104,0.0,0.0,0.0,1.0,0.0,0.0,1000,12.223730533503973,7.687185265063061,0.0,-0.4417580807312825,36073407_26
36073407_21,GAS_COST=4/SEED=8/36073407_21,4.0,8,0.02,inventory,50,15,100,1005,1000,ArrivalRebalance,-3.751240623989588,20.55128633631821,-3.649789108367372,-37.77397231087919,29.96862528166854,-50.85640829392216,-70.99221340640256,-0.26996616934536993,0.7421177512533754,0.426,1.0614417251548288e-08,7.926084211788751e-08,-3.751240623989588,2.0,0.0,0.0,0.6782760000000001,39.306576008267555,16.047503532195407,0.0,0.0,0.0,6.806,5.806,0.5806,1000,40.48800312941947,20.708766418788453,23.224,-0.3064773346206028,36073407_26
36073407_21,GAS_COST=4/SEED=8/36073407_21,4.0,8,0.02,inventory,50,15,100,1005,1000,CDM,-89.78038606178801,77.85326733540943,-65.13314876467552,-243.67677054510696,-10.645729925003765,-321.9742638154355,-444.1338605776626,-1.884683446010848,5.004324935194228,0.018,1.0997351832144508e-185,6.122109836780347e-164,-89.78038606178801,29.559113,3.190445003928652,0.4403626757923521,0.11317150000000001,14.776408748345652,4.385739972209678,-2.8226982076939358,5.267035184876702,1.8043442766300866,27.762,26.762,2.6761999999999997,1000,51.83220066120548,34.10875094807034,107.048,-0.45583577492315863,36073407_26
36152975_0,GAS_COST=4/SEED=8/36152975_0,4.0,8,0.02,inventory,0,15,100,1005,1000,PPO,4.153841086132098,17.66880688043927,7.443783387574115,-26.13250176050136,29.74904734506893,-37.573568502760764,-51.786297129546696,-0.5829976297957947,0.3505045286355699,0.64,2.317172170092675e-13,7.996340849606418e-17,4.153841086132098,24.7246,1.9873102702908316,5.38499348560423,30.4085,71.37505524045545,88.75325632195137,1.59275,0.940339334126779,1.4469273742620563,1.384,0.384,3.84,10,15.354232717356028,9.465341965670493,1.536,-0.1990496655534354,
36152975_0,GAS_COST=4/SEED=8/36152975_0,4.0,8,0.02,inventory,0,15,100,1005,1000,PPO_narrow,6.819952795656835,19.22310237975481,7.987819957461625,-25.336568699074057,37.78027966448178,-35.93494072717001,-50.94473254355622,-0.277336793589314,0.32261612853057775,0.687,1.4336205203337229e-27,1.1579406540007475e-28,6.819952795656835,2.0,0.0,0.0,20.8328,71.37483119816068,98.61533473126784,-0.0645,0.14725567576825294,0.7594448081767805,1.316,0.316,3.16,10,17.917169218856046,9.303168765816173,1.264,-0.5300476573830372,
36152975_0,GAS_COST=4/SEED=8/36152975_0,4.0,8,0.02,inventory,0,15,100,1005,1000,DeployNarrow,6.477607686199505,17.950551852566374,7.581377161501109,-23.96664213352248,34.81409255433276,-35.36628440504408,-50.708465953253054,-0.29864590423878545,0.9643093515796797,0.73,2.0575071009793284e-28,4.557474664873838e-33,6.477607686199505,2.0,0.0,0.0,4.403665000000001,69.87534397238362,108.28602515580104,0.0,0.0,0.0,1.0,0.0,0.0,1000,14.95097553137955,8.066962979097362,0.0,-0.406404866082683,36073407_26
36152975_0,GAS_COST=4/SEED=8/36152975_0,4.0,8,0.02,inventory,0,15,100,1005,1000,DeployWide,4.09478718770963,16.271817552955877,6.268138593964352,-24.95742360716701,27.8048911655416,-36.48392899469141,-51.603535519010464,-0.7388667337633585,0.9833922200896059,0.689,4.873609609898465e-15,1.7472770175243966e-21,4.09478718770963,30.0,0.0,0.0,4.403665000000001,69.87534397238362,108.28602515580104,0.0,0.0,0.0,1.0,0.0,0.0,1000,12.223730533503973,7.687185265063061,0.0,-0.4417580807312825,36073407_26
36152975_0,GAS_COST=4/SEED=8/36152975_0,4.0,8,0.02,inventory,0,15,100,1005,1000,ArrivalRebalance,-3.751240623989588,20.55128633631821,-3.649789108367372,-37.77397231087919,29.96862528166854,-50.85640829392216,-70.99221340640256,-0.26996616934536993,0.7421177512533754,0.426,1.0614417251548288e-08,7.926084211788751e-08,-3.751240623989588,2.0,0.0,0.0,0.6782760000000001,39.306576008267555,16.047503532195407,0.0,0.0,0.0,6.806,5.806,0.5806,1000,40.48800312941947,20.708766418788453,23.224,-0.3064773346206028,36073407_26
36152975_0,GAS_COST=4/SEED=8/36152975_0,4.0,8,0.02,inventory,0,15,100,1005,1000,CDM,-89.78038606178801,77.85326733540943,-65.13314876467552,-243.67677054510696,-10.645729925003765,-321.9742638154355,-444.1338605776626,-1.884683446010848,5.004324935194228,0.018,1.0997351832144508e-185,6.122109836780347e-164,-89.78038606178801,29.559113,3.190445003928652,0.4403626757923521,0.11317150000000001,14.776408748345652,4.385739972209678,-2.8226982076939358,5.267035184876702,1.8043442766300866,27.762,26.762,2.6761999999999997,1000,51.83220066120548,34.10875094807034,107.048,-0.45583577492315863,36073407_26
36074271_28,GAS_COST=6/SEED=10/36074271_28,6.0,10,0.03,inventory,0,15,100,1005,1000,PPO,-1.986460272075848,20.91638134504721,4.047821456983115,-40.574916976521614,23.53246045620372,-57.55726917007941,-79.09306170072657,-1.1905795199507814,1.5445212036180775,0.62,0.0027509685991681516,0.2421588730877008,-1.986460272075848,26.0,0.0,0.0,9.076199999999998,97.20257029467435,163.30558237108735,2.0,0.0,0.0,1.0,0.0,0.0,10,10.302221860114784,11.986188607464884,0.0,-0.30249352472574703,
36074271_28,GAS_COST=6/SEED=10/36074271_28,6.0,10,0.03,inventory,0,15,100,1005,1000,PPO_narrow,-1.3177439667406994,21.31733669064314,4.383849632656506,-40.48688358239932,27.1839117759774,-56.60048544774467,-76.97352221503735,-0.9544253444421421,1.4394098886781874,0.543,0.051003249665201734,0.1687782973588382,-1.3177439667406994,2.0,0.0,0.0,5.0762,97.20257029467433,163.30558237108735,-2.0,0.0,0.0,1.0,0.0,0.0,10,11.202783989848283,12.210107951352903,0.0,-0.31042000523608043,
36074271_28,GAS_COST=6/SEED=10/36074271_28,6.0,10,0.03,inventory,0,15,100,1005,1000,DeployNarrow,0.0964713179157136,21.608472923836356,4.591528776128712,-39.48090507159393,30.516724477229925,-56.168761744772,-77.51757365376551,-0.9939289254221594,1.4110702917728162,0.639,0.8878117262763568,0.0004431826460404742,0.0964713179157136,2.0,0.0,0.0,6.296102000000001,96.94789970336959,150.87963598766268,0.0,0.0,0.0,1.0,0.0,0.0,1000,12.694181874704732,11.98994608484544,0.0,-0.60776447194358,
36074271_28,GAS_COST=6/SEED=10/36074271_28,6.0,10,0.03,inventory,0,15,100,1005,1000,DeployWide,-2.1249120924062783,20.711410886736758,3.508260511740332,-40.699911794290735,23.251087766135786,-57.32995524756137,-78.77373364024155,-1.2065330299070676,1.5971025947457242,0.622,0.0012230019249894906,0.29595422476571565,-2.1249120924062783,30.0,0.0,0.0,6.296102000000001,96.94789970336959,150.87963598766268,0.0,0.0,0.0,1.0,0.0,0.0,1000,10.120122894412997,11.58370050935898,0.0,-0.6613344774602958,
36074271_28,GAS_COST=6/SEED=10/36074271_28,6.0,10,0.03,inventory,0,15,100,1005,1000,ArrivalRebalance,-34.61156999593225,25.815785758478388,-31.004207320292778,-78.27928754309917,2.4083356132478166,-100.06872103184207,-132.35105539316427,-0.8179055485058999,1.665670949254686,0.064,2.1638699219209713e-225,9.765899407858873e-156,-34.61156999593225,2.0,0.0,0.0,1.0552480000000002,46.16844849656831,21.107091236418533,0.0,0.0,0.0,7.0,6.0,0.6,1000,34.59841023183403,32.17274763585522,36.0,-1.0372325919110599,
36074271_28,GAS_COST=6/SEED=10/36074271_28,6.0,10,0.03,inventory,0,15,100,1005,1000,CDM,-3.5332405774848956,20.22283671871244,0.0,-42.564194855707065,21.305338060385107,-57.33032480336446,-77.99773849329829,-1.0522042362743265,1.7037533008744603,0.46,4.2678271449391627e-08,0.0024290708815623142,-3.5332405774848956,1.0006959999999998,0.02199844503595652,0.004438421340972474,-8.544493999999998,96.9485334698569,150.83700636342516,-14.384,0.16404877323527906,0.7397368901620812,1.048,0.048,0.0048,1000,8.650402256170642,11.894121354617225,0.288,-0.0015214790383123525,
36074271_29,GAS_COST=6/SEED=10/36074271_29,6.0,10,0.03,inventory,50,15,100,1005,1000,PPO,0.0,0.0,0.0,0.0,0.0,0.0,0.0,,,0.0,,,0.0,,,,,,,,,,0.0,0.0,0.0,10,0.0,0.0,0.0,0.0,
36074271_29,GAS_COST=6/SEED=10/36074271_29,6.0,10,0.03,inventory,50,15,100,1005,1000,PPO_narrow,0.0,0.0,0.0,0.0,0.0,0.0,0.0,,,0.0,,,0.0,,,,,,,,,,0.0,0.0,0.0,10,0.0,0.0,0.0,0.0,
36074271_29,GAS_COST=6/SEED=10/36074271_29,6.0,10,0.03,inventory,50,15,100,1005,1000,DeployNarrow,0.0964713179157136,21.608472923836356,4.591528776128712,-39.48090507159393,30.516724477229925,-56.168761744772,-77.51757365376551,-0.9939289254221594,1.4110702917728162,0.639,0.8878117262763568,0.0004431826460404742,0.0964713179157136,2.0,0.0,0.0,6.296102000000001,96.94789970336959,150.87963598766268,0.0,0.0,0.0,1.0,0.0,0.0,1000,12.694181874704732,11.98994608484544,0.0,-0.60776447194358,36074271_28
36074271_29,GAS_COST=6/SEED=10/36074271_29,6.0,10,0.03,inventory,50,15,100,1005,1000,DeployWide,-2.1249120924062783,20.711410886736758,3.508260511740332,-40.699911794290735,23.251087766135786,-57.32995524756137,-78.77373364024155,-1.2065330299070676,1.5971025947457242,0.622,0.0012230019249894906,0.29595422476571565,-2.1249120924062783,30.0,0.0,0.0,6.296102000000001,96.94789970336959,150.87963598766268,0.0,0.0,0.0,1.0,0.0,0.0,1000,10.120122894412997,11.58370050935898,0.0,-0.6613344774602958,36074271_28
36074271_29,GAS_COST=6/SEED=10/36074271_29,6.0,10,0.03,inventory,50,15,100,1005,1000,ArrivalRebalance,-34.61156999593225,25.815785758478388,-31.004207320292778,-78.27928754309917,2.4083356132478166,-100.06872103184207,-132.35105539316427,-0.8179055485058999,1.665670949254686,0.064,2.1638699219209713e-225,9.765899407858873e-156,-34.61156999593225,2.0,0.0,0.0,1.0552480000000002,46.16844849656831,21.107091236418533,0.0,0.0,0.0,7.0,6.0,0.6,1000,34.59841023183403,32.17274763585522,36.0,-1.0372325919110599,36074271_28
36074271_29,GAS_COST=6/SEED=10/36074271_29,6.0,10,0.03,inventory,50,15,100,1005,1000,CDM,-3.5332405774848956,20.22283671871244,0.0,-42.564194855707065,21.305338060385107,-57.33032480336446,-77.99773849329829,-1.0522042362743265,1.7037533008744603,0.46,4.2678271449391627e-08,0.0024290708815623142,-3.5332405774848956,1.0006959999999998,0.02199844503595652,0.004438421340972474,-8.544493999999998,96.9485334698569,150.83700636342516,-14.384,0.16404877323527906,0.7397368901620812,1.048,0.048,0.0048,1000,8.650402256170642,11.894121354617225,0.288,-0.0015214790383123525,36074271_28
36160813_4,GAS_COST=6/SEED=12/36160813_4,6.0,12,0.03,inventory,0,15,100,1005,1000,PPO,-1.8944239464551147,20.566292397328663,2.9540604005425166,-40.56292827761218,23.88584558664923,-56.430368405614466,-77.91329011937101,-1.1363802411981705,1.6130831513088637,0.625,0.0036779352788861457,0.18884709377823516,-1.8944239464551147,20.0,0.0,0.0,2.0762000000000005,97.20257029467435,163.30558237108735,-5.0,0.0,0.0,1.0,0.0,0.0,10,10.405330644937992,11.974869267219352,0.0,-0.32488532417375715,
36160813_4,GAS_COST=6/SEED=12/36160813_4,6.0,12,0.03,inventory,0,15,100,1005,1000,PPO_narrow,0.624698917392113,15.425621230751009,3.397955401506067,-29.176476223403508,21.70675549408789,-39.528107129433536,-52.77821186238939,-0.8018140084027613,1.687087104740164,0.627,0.20084139022448216,4.46425237072439e-06,0.624698917392113,2.0,0.0,0.0,4.9260672105099355,59.99118109845056,116.42542686400121,1.4231166150670795,0.0,1.742601103111088,0.969,0.0,0.0,10,9.166083985750532,8.040621343898948,0.0,-0.5007637244594703,
36160813_4,GAS_COST=6/SEED=12/36160813_4,6.0,12,0.03,inventory,0,15,100,1005,1000,DeployNarrow,0.0964713179157136,21.608472923836356,4.591528776128712,-39.48090507159393,30.516724477229925,-56.168761744772,-77.51757365376551,-0.9939289254221594,1.4110702917728162,0.639,0.8878117262763568,0.0004431826460404742,0.0964713179157136,2.0,0.0,0.0,6.296102000000001,96.94789970336959,150.87963598766268,0.0,0.0,0.0,1.0,0.0,0.0,1000,12.694181874704732,11.98994608484544,0.0,-0.60776447194358,36074271_28
36160813_4,GAS_COST=6/SEED=12/36160813_4,6.0,12,0.03,inventory,0,15,100,1005,1000,DeployWide,-2.1249120924062783,20.711410886736758,3.508260511740332,-40.699911794290735,23.251087766135786,-57.32995524756137,-78.77373364024155,-1.2065330299070676,1.5971025947457242,0.622,0.0012230019249894906,0.29595422476571565,-2.1249120924062783,30.0,0.0,0.0,6.296102000000001,96.94789970336959,150.87963598766268,0.0,0.0,0.0,1.0,0.0,0.0,1000,10.120122894412997,11.58370050935898,0.0,-0.6613344774602958,36074271_28
36160813_4,GAS_COST=6/SEED=12/36160813_4,6.0,12,0.03,inventory,0,15,100,1005,1000,ArrivalRebalance,-34.61156999593225,25.815785758478388,-31.004207320292778,-78.27928754309917,2.4083356132478166,-100.06872103184207,-132.35105539316427,-0.8179055485058999,1.665670949254686,0.064,2.1638699219209713e-225,9.765899407858873e-156,-34.61156999593225,2.0,0.0,0.0,1.0552480000000002,46.16844849656831,21.107091236418533,0.0,0.0,0.0,7.0,6.0,0.6,1000,34.59841023183403,32.17274763585522,36.0,-1.0372325919110599,36074271_28
36160813_4,GAS_COST=6/SEED=12/36160813_4,6.0,12,0.03,inventory,0,15,100,1005,1000,CDM,-3.5332405774848956,20.22283671871244,0.0,-42.564194855707065,21.305338060385107,-57.33032480336446,-77.99773849329829,-1.0522042362743265,1.7037533008744603,0.46,4.2678271449391627e-08,0.0024290708815623142,-3.5332405774848956,1.0006959999999998,0.02199844503595652,0.004438421340972474,-8.544493999999998,96.9485334698569,150.83700636342516,-14.384,0.16404877323527906,0.7397368901620812,1.048,0.048,0.0048,1000,8.650402256170642,11.894121354617225,0.288,-0.0015214790383123525,36074271_28
36160813_5,GAS_COST=6/SEED=12/36160813_5,6.0,12,0.03,inventory,50,15,100,1005,1000,PPO,0.0,0.0,0.0,0.0,0.0,0.0,0.0,,,0.0,,,0.0,,,,,,,,,,0.0,0.0,0.0,10,0.0,0.0,0.0,0.0,
36160813_5,GAS_COST=6/SEED=12/36160813_5,6.0,12,0.03,inventory,50,15,100,1005,1000,PPO_narrow,-0.0788453760064101,0.5614893744929713,0.0,0.0,0.0,-1.6029738827405096,-4.707221192403461,-7.258525949892338,53.96042107887394,0.004,1.0075057127780152e-05,8.412543893299905e-06,-0.09979927328661414,2.0,0.0,0.0,-70.4857142857143,1.0375845183179366,42.35126193816546,3.6,0.0,10.287856919689348,0.04,0.0,0.0,10,0.08971436568327679,0.1685597416896869,0.0,0.0,
36160813_5,GAS_COST=6/SEED=12/36160813_5,6.0,12,0.03,inventory,50,15,100,1005,1000,DeployNarrow,0.0964713179157136,21.608472923836356,4.591528776128712,-39.48090507159393,30.516724477229925,-56.168761744772,-77.51757365376551,-0.9939289254221594,1.4110702917728162,0.639,0.8878117262763568,0.0004431826460404742,0.0964713179157136,2.0,0.0,0.0,6.296102000000001,96.94789970336959,150.87963598766268,0.0,0.0,0.0,1.0,0.0,0.0,1000,12.694181874704732,11.98994608484544,0.0,-0.60776447194358,36074271_28
36160813_5,GAS_COST=6/SEED=12/36160813_5,6.0,12,0.03,inventory,50,15,100,1005,1000,DeployWide,-2.1249120924062783,20.711410886736758,3.508260511740332,-40.699911794290735,23.251087766135786,-57.32995524756137,-78.77373364024155,-1.2065330299070676,1.5971025947457242,0.622,0.0012230019249894906,0.29595422476571565,-2.1249120924062783,30.0,0.0,0.0,6.296102000000001,96.94789970336959,150.87963598766268,0.0,0.0,0.0,1.0,0.0,0.0,1000,10.120122894412997,11.58370050935898,0.0,-0.6613344774602958,36074271_28
36160813_5,GAS_COST=6/SEED=12/36160813_5,6.0,12,0.03,inventory,50,15,100,1005,1000,ArrivalRebalance,-34.61156999593225,25.815785758478388,-31.004207320292778,-78.27928754309917,2.4083356132478166,-100.06872103184207,-132.35105539316427,-0.8179055485058999,1.665670949254686,0.064,2.1638699219209713e-225,9.765899407858873e-156,-34.61156999593225,2.0,0.0,0.0,1.0552480000000002,46.16844849656831,21.107091236418533,0.0,0.0,0.0,7.0,6.0,0.6,1000,34.59841023183403,32.17274763585522,36.0,-1.0372325919110599,36074271_28
36160813_5,GAS_COST=6/SEED=12/36160813_5,6.0,12,0.03,inventory,50,15,100,1005,1000,CDM,-3.5332405774848956,20.22283671871244,0.0,-42.564194855707065,21.305338060385107,-57.33032480336446,-77.99773849329829,-1.0522042362743265,1.7037533008744603,0.46,4.2678271449391627e-08,0.0024290708815623142,-3.5332405774848956,1.0006959999999998,0.02199844503595652,0.004438421340972474,-8.544493999999998,96.9485334698569,150.83700636342516,-14.384,0.16404877323527906,0.7397368901620812,1.048,0.048,0.0048,1000,8.650402256170642,11.894121354617225,0.288,-0.0015214790383123525,36074271_28
36160813_10,GAS_COST=6/SEED=14/36160813_10,6.0,14,0.03,inventory,0,15,100,1005,1000,PPO,0.0964713179157136,21.608472923836356,4.591528776128712,-39.48090507159393,30.516724477229925,-56.168761744772,-77.51757365376551,-0.9939289254221594,1.4110702917728162,0.639,0.8878117262763568,0.0004431826460404742,0.0964713179157136,2.0,0.0,0.0,7.0762,97.20257029467435,163.30558237108735,0.0,0.0,0.0,1.0,0.0,0.0,10,12.693907298638926,12.311328055715348,0.0,-0.28610792500786386,
36160813_10,GAS_COST=6/SEED=14/36160813_10,6.0,14,0.03,inventory,0,15,100,1005,1000,PPO_narrow,0.0964713179157136,21.608472923836356,4.591528776128712,-39.48090507159393,30.516724477229925,-56.168761744772,-77.51757365376551,-0.9939289254221594,1.4110702917728162,0.639,0.8878117262763568,0.0004431826460404742,0.0964713179157136,2.0,0.0,0.0,7.0762,97.20257029467435,163.30558237108735,0.0,0.0,0.0,1.0,0.0,0.0,10,12.693907298638926,12.311328055715348,0.0,-0.28610792500786386,
36160813_10,GAS_COST=6/SEED=14/36160813_10,6.0,14,0.03,inventory,0,15,100,1005,1000,DeployNarrow,0.0964713179157136,21.608472923836356,4.591528776128712,-39.48090507159393,30.516724477229925,-56.168761744772,-77.51757365376551,-0.9939289254221594,1.4110702917728162,0.639,0.8878117262763568,0.0004431826460404742,0.0964713179157136,2.0,0.0,0.0,6.296102000000001,96.94789970336959,150.87963598766268,0.0,0.0,0.0,1.0,0.0,0.0,1000,12.694181874704732,11.98994608484544,0.0,-0.60776447194358,36074271_28
36160813_10,GAS_COST=6/SEED=14/36160813_10,6.0,14,0.03,inventory,0,15,100,1005,1000,DeployWide,-2.1249120924062783,20.711410886736758,3.508260511740332,-40.699911794290735,23.251087766135786,-57.32995524756137,-78.77373364024155,-1.2065330299070676,1.5971025947457242,0.622,0.0012230019249894906,0.29595422476571565,-2.1249120924062783,30.0,0.0,0.0,6.296102000000001,96.94789970336959,150.87963598766268,0.0,0.0,0.0,1.0,0.0,0.0,1000,10.120122894412997,11.58370050935898,0.0,-0.6613344774602958,36074271_28
36160813_10,GAS_COST=6/SEED=14/36160813_10,6.0,14,0.03,inventory,0,15,100,1005,1000,ArrivalRebalance,-34.61156999593225,25.815785758478388,-31.004207320292778,-78.27928754309917,2.4083356132478166,-100.06872103184207,-132.35105539316427,-0.8179055485058999,1.665670949254686,0.064,2.1638699219209713e-225,9.765899407858873e-156,-34.61156999593225,2.0,0.0,0.0,1.0552480000000002,46.16844849656831,21.107091236418533,0.0,0.0,0.0,7.0,6.0,0.6,1000,34.59841023183403,32.17274763585522,36.0,-1.0372325919110599,36074271_28
36160813_10,GAS_COST=6/SEED=14/36160813_10,6.0,14,0.03,inventory,0,15,100,1005,1000,CDM,-3.5332405774848956,20.22283671871244,0.0,-42.564194855707065,21.305338060385107,-57.33032480336446,-77.99773849329829,-1.0522042362743265,1.7037533008744603,0.46,4.2678271449391627e-08,0.0024290708815623142,-3.5332405774848956,1.0006959999999998,0.02199844503595652,0.004438421340972474,-8.544493999999998,96.9485334698569,150.83700636342516,-14.384,0.16404877323527906,0.7397368901620812,1.048,0.048,0.0048,1000,8.650402256170642,11.894121354617225,0.288,-0.0015214790383123525,36074271_28
36160813_11,GAS_COST=6/SEED=14/36160813_11,6.0,14,0.03,inventory,50,15,100,1005,1000,PPO,0.0,0.0,0.0,0.0,0.0,0.0,0.0,,,0.0,,,0.0,,,,,,,,,,0.0,0.0,0.0,10,0.0,0.0,0.0,0.0,
36160813_11,GAS_COST=6/SEED=14/36160813_11,6.0,14,0.03,inventory,50,15,100,1005,1000,PPO_narrow,0.0,0.0,0.0,0.0,0.0,0.0,0.0,,,0.0,,,0.0,,,,,,,,,,0.0,0.0,0.0,10,0.0,0.0,0.0,0.0,
36160813_11,GAS_COST=6/SEED=14/36160813_11,6.0,14,0.03,inventory,50,15,100,1005,1000,DeployNarrow,0.0964713179157136,21.608472923836356,4.591528776128712,-39.48090507159393,30.516724477229925,-56.168761744772,-77.51757365376551,-0.9939289254221594,1.4110702917728162,0.639,0.8878117262763568,0.0004431826460404742,0.0964713179157136,2.0,0.0,0.0,6.296102000000001,96.94789970336959,150.87963598766268,0.0,0.0,0.0,1.0,0.0,0.0,1000,12.694181874704732,11.98994608484544,0.0,-0.60776447194358,36074271_28
36160813_11,GAS_COST=6/SEED=14/36160813_11,6.0,14,0.03,inventory,50,15,100,1005,1000,DeployWide,-2.1249120924062783,20.711410886736758,3.508260511740332,-40.699911794290735,23.251087766135786,-57.32995524756137,-78.77373364024155,-1.2065330299070676,1.5971025947457242,0.622,0.0012230019249894906,0.29595422476571565,-2.1249120924062783,30.0,0.0,0.0,6.296102000000001,96.94789970336959,150.87963598766268,0.0,0.0,0.0,1.0,0.0,0.0,1000,10.120122894412997,11.58370050935898,0.0,-0.6613344774602958,36074271_28
36160813_11,GAS_COST=6/SEED=14/36160813_11,6.0,14,0.03,inventory,50,15,100,1005,1000,ArrivalRebalance,-34.61156999593225,25.815785758478388,-31.004207320292778,-78.27928754309917,2.4083356132478166,-100.06872103184207,-132.35105539316427,-0.8179055485058999,1.665670949254686,0.064,2.1638699219209713e-225,9.765899407858873e-156,-34.61156999593225,2.0,0.0,0.0,1.0552480000000002,46.16844849656831,21.107091236418533,0.0,0.0,0.0,7.0,6.0,0.6,1000,34.59841023183403,32.17274763585522,36.0,-1.0372325919110599,36074271_28
36160813_11,GAS_COST=6/SEED=14/36160813_11,6.0,14,0.03,inventory,50,15,100,1005,1000,CDM,-3.5332405774848956,20.22283671871244,0.0,-42.564194855707065,21.305338060385107,-57.33032480336446,-77.99773849329829,-1.0522042362743265,1.7037533008744603,0.46,4.2678271449391627e-08,0.0024290708815623142,-3.5332405774848956,1.0006959999999998,0.02199844503595652,0.004438421340972474,-8.544493999999998,96.9485334698569,150.83700636342516,-14.384,0.16404877323527906,0.7397368901620812,1.048,0.048,0.0048,1000,8.650402256170642,11.894121354617225,0.288,-0.0015214790383123525,36074271_28
36178713_4,GAS_COST=6/SEED=16/36178713_4,6.0,16,0.03,inventory,0,15,100,1005,1000,PPO,-1.5588025060658024,20.97684008362053,4.173081499480304,-40.73584883289239,25.112147717643676,-57.128008418030014,-78.6726382173178,-1.1434491717040993,1.5527676945512745,0.627,0.01903145673584618,0.08782849953355829,-1.5588025060658024,16.0,0.0,0.0,7.0762,97.20257029467435,163.30558237108735,0.0,0.0,0.0,1.0,0.0,0.0,10,10.859707647512666,12.149011908166802,0.0,-0.2694982454116655,
36178713_4,GAS_COST=6/SEED=16/36178713_4,6.0,16,0.03,inventory,0,15,100,1005,1000,PPO_narrow,0.0964713179157136,21.608472923836356,4.591528776128712,-39.48090507159393,30.516724477229925,-56.168761744772,-77.51757365376551,-0.9939289254221594,1.4110702917728162,0.639,0.8878117262763568,0.0004431826460404742,0.0964713179157136,2.0,0.0,0.0,7.0762,97.20257029467435,163.30558237108735,0.0,0.0,0.0,1.0,0.0,0.0,10,12.693907298638926,12.311328055715348,0.0,-0.28610792500786386,
36178713_4,GAS_COST=6/SEED=16/36178713_4,6.0,16,0.03,inventory,0,15,100,1005,1000,DeployNarrow,0.0964713179157136,21.608472923836356,4.591528776128712,-39.48090507159393,30.516724477229925,-56.168761744772,-77.51757365376551,-0.9939289254221594,1.4110702917728162,0.639,0.8878117262763568,0.0004431826460404742,0.0964713179157136,2.0,0.0,0.0,6.296102000000001,96.94789970336959,150.87963598766268,0.0,0.0,0.0,1.0,0.0,0.0,1000,12.694181874704732,11.98994608484544,0.0,-0.60776447194358,36074271_28
36178713_4,GAS_COST=6/SEED=16/36178713_4,6.0,16,0.03,inventory,0,15,100,1005,1000,DeployWide,-2.1249120924062783,20.711410886736758,3.508260511740332,-40.699911794290735,23.251087766135786,-57.32995524756137,-78.77373364024155,-1.2065330299070676,1.5971025947457242,0.622,0.0012230019249894906,0.29595422476571565,-2.1249120924062783,30.0,0.0,0.0,6.296102000000001,96.94789970336959,150.87963598766268,0.0,0.0,0.0,1.0,0.0,0.0,1000,10.120122894412997,11.58370050935898,0.0,-0.6613344774602958,36074271_28
36178713_4,GAS_COST=6/SEED=16/36178713_4,6.0,16,0.03,inventory,0,15,100,1005,1000,ArrivalRebalance,-34.61156999593225,25.815785758478388,-31.004207320292778,-78.27928754309917,2.4083356132478166,-100.06872103184207,-132.35105539316427,-0.8179055485058999,1.665670949254686,0.064,2.1638699219209713e-225,9.765899407858873e-156,-34.61156999593225,2.0,0.0,0.0,1.0552480000000002,46.16844849656831,21.107091236418533,0.0,0.0,0.0,7.0,6.0,0.6,1000,34.59841023183403,32.17274763585522,36.0,-1.0372325919110599,36074271_28
36178713_4,GAS_COST=6/SEED=16/36178713_4,6.0,16,0.03,inventory,0,15,100,1005,1000,CDM,-3.5332405774848956,20.22283671871244,0.0,-42.564194855707065,21.305338060385107,-57.33032480336446,-77.99773849329829,-1.0522042362743265,1.7037533008744603,0.46,4.2678271449391627e-08,0.0024290708815623142,-3.5332405774848956,1.0006959999999998,0.02199844503595652,0.004438421340972474,-8.544493999999998,96.9485334698569,150.83700636342516,-14.384,0.16404877323527906,0.7397368901620812,1.048,0.048,0.0048,1000,8.650402256170642,11.894121354617225,0.288,-0.0015214790383123525,36074271_28
36178713_5,GAS_COST=6/SEED=16/36178713_5,6.0,16,0.03,inventory,50,15,100,1005,1000,PPO,0.06704235883092372,2.25394109087667,0.0,0.0,0.8988190257782364,-4.241543774016957,-15.11887920605734,-1.8898136405517882,42.09632042068463,0.062,0.3473764115664833,0.029183596775510627,-0.1278127682810342,6.913043478260869,0.0,1.7794245156244457,-7.413043478260869,0.0,53.869034457152985,3.717391304347826,0.0,6.294107124847401,0.092,0.0,0.0,10,0.3517742181774528,0.28473185934652906,0.0,0.0,
36178713_5,GAS_COST=6/SEED=16/36178713_5,6.0,16,0.03,inventory,50,15,100,1005,1000,PPO_narrow,0.0,0.0,0.0,0.0,0.0,0.0,0.0,,,0.0,,,0.0,,,,,,,,,,0.0,0.0,0.0,10,0.0,0.0,0.0,0.0,
36178713_5,GAS_COST=6/SEED=16/36178713_5,6.0,16,0.03,inventory,50,15,100,1005,1000,DeployNarrow,0.0964713179157136,21.608472923836356,4.591528776128712,-39.48090507159393,30.516724477229925,-56.168761744772,-77.51757365376551,-0.9939289254221594,1.4110702917728162,0.639,0.8878117262763568,0.0004431826460404742,0.0964713179157136,2.0,0.0,0.0,6.296102000000001,96.94789970336959,150.87963598766268,0.0,0.0,0.0,1.0,0.0,0.0,1000,12.694181874704732,11.98994608484544,0.0,-0.60776447194358,36074271_28
36178713_5,GAS_COST=6/SEED=16/36178713_5,6.0,16,0.03,inventory,50,15,100,1005,1000,DeployWide,-2.1249120924062783,20.711410886736758,3.508260511740332,-40.699911794290735,23.251087766135786,-57.32995524756137,-78.77373364024155,-1.2065330299070676,1.5971025947457242,0.622,0.0012230019249894906,0.29595422476571565,-2.1249120924062783,30.0,0.0,0.0,6.296102000000001,96.94789970336959,150.87963598766268,0.0,0.0,0.0,1.0,0.0,0.0,1000,10.120122894412997,11.58370050935898,0.0,-0.6613344774602958,36074271_28
36178713_5,GAS_COST=6/SEED=16/36178713_5,6.0,16,0.03,inventory,50,15,100,1005,1000,ArrivalRebalance,-34.61156999593225,25.815785758478388,-31.004207320292778,-78.27928754309917,2.4083356132478166,-100.06872103184207,-132.35105539316427,-0.8179055485058999,1.665670949254686,0.064,2.1638699219209713e-225,9.765899407858873e-156,-34.61156999593225,2.0,0.0,0.0,1.0552480000000002,46.16844849656831,21.107091236418533,0.0,0.0,0.0,7.0,6.0,0.6,1000,34.59841023183403,32.17274763585522,36.0,-1.0372325919110599,36074271_28
36178713_5,GAS_COST=6/SEED=16/36178713_5,6.0,16,0.03,inventory,50,15,100,1005,1000,CDM,-3.5332405774848956,20.22283671871244,0.0,-42.564194855707065,21.305338060385107,-57.33032480336446,-77.99773849329829,-1.0522042362743265,1.7037533008744603,0.46,4.2678271449391627e-08,0.0024290708815623142,-3.5332405774848956,1.0006959999999998,0.02199844503595652,0.004438421340972474,-8.544493999999998,96.9485334698569,150.83700636342516,-14.384,0.16404877323527906,0.7397368901620812,1.048,0.048,0.0048,1000,8.650402256170642,11.894121354617225,0.288,-0.0015214790383123525,36074271_28
36178713_10,GAS_COST=6/SEED=18/36178713_10,6.0,18,0.03,inventory,0,15,100,1005,1000,PPO,-1.7346465962489552,20.90852918227875,3.8941904255125337,-40.7287251885809,24.423802905355988,-57.199679219392195,-78.72536356900612,-1.1625225295391743,1.5595542166277534,0.624,0.008868637185173823,0.1352179244132018,-1.7346465962489552,20.0,0.0,0.0,7.0762,97.20257029467435,163.30558237108735,0.0,0.0,0.0,1.0,0.0,0.0,10,10.635149165392379,12.089488325534967,0.0,-0.28030743610636877,
36178713_10,GAS_COST=6/SEED=18/36178713_10,6.0,18,0.03,inventory,0,15,100,1005,1000,PPO_narrow,0.5134231994199807,13.51818295708993,1.6633664441250176,-26.497751489258047,19.261092982234636,-36.604796847247115,-49.35314971382687,-0.9635846817998882,2.6216744201536812,0.539,0.23025366012675252,1.5090893704051227e-05,0.5134231994199807,2.0,0.0,0.0,10.409502320783911,49.72928337467984,102.41711354691155,0.5403128760529483,0.0,1.6492712603800368,0.831,0.0,0.0,10,6.5816482499246485,5.98110679061346,0.0,-0.08711825989120893,
36178713_10,GAS_COST=6/SEED=18/36178713_10,6.0,18,0.03,inventory,0,15,100,1005,1000,DeployNarrow,0.0964713179157136,21.608472923836356,4.591528776128712,-39.48090507159393,30.516724477229925,-56.168761744772,-77.51757365376551,-0.9939289254221594,1.4110702917728162,0.639,0.8878117262763568,0.0004431826460404742,0.0964713179157136,2.0,0.0,0.0,6.296102000000001,96.94789970336959,150.87963598766268,0.0,0.0,0.0,1.0,0.0,0.0,1000,12.694181874704732,11.98994608484544,0.0,-0.60776447194358,36074271_28
36178713_10,GAS_COST=6/SEED=18/36178713_10,6.0,18,0.03,inventory,0,15,100,1005,1000,DeployWide,-2.1249120924062783,20.711410886736758,3.508260511740332,-40.699911794290735,23.251087766135786,-57.32995524756137,-78.77373364024155,-1.2065330299070676,1.5971025947457242,0.622,0.0012230019249894906,0.29595422476571565,-2.1249120924062783,30.0,0.0,0.0,6.296102000000001,96.94789970336959,150.87963598766268,0.0,0.0,0.0,1.0,0.0,0.0,1000,10.120122894412997,11.58370050935898,0.0,-0.6613344774602958,36074271_28
36178713_10,GAS_COST=6/SEED=18/36178713_10,6.0,18,0.03,inventory,0,15,100,1005,1000,ArrivalRebalance,-34.61156999593225,25.815785758478388,-31.004207320292778,-78.27928754309917,2.4083356132478166,-100.06872103184207,-132.35105539316427,-0.8179055485058999,1.665670949254686,0.064,2.1638699219209713e-225,9.765899407858873e-156,-34.61156999593225,2.0,0.0,0.0,1.0552480000000002,46.16844849656831,21.107091236418533,0.0,0.0,0.0,7.0,6.0,0.6,1000,34.59841023183403,32.17274763585522,36.0,-1.0372325919110599,36074271_28
36178713_10,GAS_COST=6/SEED=18/36178713_10,6.0,18,0.03,inventory,0,15,100,1005,1000,CDM,-3.5332405774848956,20.22283671871244,0.0,-42.564194855707065,21.305338060385107,-57.33032480336446,-77.99773849329829,-1.0522042362743265,1.7037533008744603,0.46,4.2678271449391627e-08,0.0024290708815623142,-3.5332405774848956,1.0006959999999998,0.02199844503595652,0.004438421340972474,-8.544493999999998,96.9485334698569,150.83700636342516,-14.384,0.16404877323527906,0.7397368901620812,1.048,0.048,0.0048,1000,8.650402256170642,11.894121354617225,0.288,-0.0015214790383123525,36074271_28
36178713_11,GAS_COST=6/SEED=18/36178713_11,6.0,18,0.03,inventory,50,15,100,1005,1000,PPO,0.0,0.0,0.0,0.0,0.0,0.0,0.0,,,0.0,,,0.0,,,,,,,,,,0.0,0.0,0.0,10,0.0,0.0,0.0,0.0,
36178713_11,GAS_COST=6/SEED=18/36178713_11,6.0,18,0.03,inventory,50,15,100,1005,1000,PPO_narrow,0.004502530650311542,0.19879480860474202,0.0,0.0,0.0,-0.031660099646908295,-0.15830049823454145,28.11385793599242,876.6335666196072,0.011,0.47423869011246184,0.12424711777943027,0.0021054544788795338,2.0,0.0,0.0,-175.5090773809524,56.032931584580126,71.03867180683449,-8.75,0.0,2.537222891273055,0.024,0.0,0.0,10,0.009022109295664724,0.004519578645353181,0.0,0.0,
36178713_11,GAS_COST=6/SEED=18/36178713_11,6.0,18,0.03,inventory,50,15,100,1005,1000,DeployNarrow,0.0964713179157136,21.608472923836356,4.591528776128712,-39.48090507159393,30.516724477229925,-56.168761744772,-77.51757365376551,-0.9939289254221594,1.4110702917728162,0.639,0.8878117262763568,0.0004431826460404742,0.0964713179157136,2.0,0.0,0.0,6.296102000000001,96.94789970336959,150.87963598766268,0.0,0.0,0.0,1.0,0.0,0.0,1000,12.694181874704732,11.98994608484544,0.0,-0.60776447194358,36074271_28
36178713_11,GAS_COST=6/SEED=18/36178713_11,6.0,18,0.03,inventory,50,15,100,1005,1000,DeployWide,-2.1249120924062783,20.711410886736758,3.508260511740332,-40.699911794290735,23.251087766135786,-57.32995524756137,-78.77373364024155,-1.2065330299070676,1.5971025947457242,0.622,0.0012230019249894906,0.29595422476571565,-2.1249120924062783,30.0,0.0,0.0,6.296102000000001,96.94789970336959,150.87963598766268,0.0,0.0,0.0,1.0,0.0,0.0,1000,10.120122894412997,11.58370050935898,0.0,-0.6613344774602958,36074271_28
36178713_11,GAS_COST=6/SEED=18/36178713_11,6.0,18,0.03,inventory,50,15,100,1005,1000,ArrivalRebalance,-34.61156999593225,25.815785758478388,-31.004207320292778,-78.27928754309917,2.4083356132478166,-100.06872103184207,-132.35105539316427,-0.8179055485058999,1.665670949254686,0.064,2.1638699219209713e-225,9.765899407858873e-156,-34.61156999593225,2.0,0.0,0.0,1.0552480000000002,46.16844849656831,21.107091236418533,0.0,0.0,0.0,7.0,6.0,0.6,1000,34.59841023183403,32.17274763585522,36.0,-1.0372325919110599,36074271_28
36178713_11,GAS_COST=6/SEED=18/36178713_11,6.0,18,0.03,inventory,50,15,100,1005,1000,CDM,-3.5332405774848956,20.22283671871244,0.0,-42.564194855707065,21.305338060385107,-57.33032480336446,-77.99773849329829,-1.0522042362743265,1.7037533008744603,0.46,4.2678271449391627e-08,0.0024290708815623142,-3.5332405774848956,1.0006959999999998,0.02199844503595652,0.004438421340972474,-8.544493999999998,96.9485334698569,150.83700636342516,-14.384,0.16404877323527906,0.7397368901620812,1.048,0.048,0.0048,1000,8.650402256170642,11.894121354617225,0.288,-0.0015214790383123525,36074271_28
36074271_4,GAS_COST=6/SEED=2/36074271_4,6.0,2,0.03,inventory,0,15,100,1005,1000,PPO,0.018589440782639032,12.804257867824733,1.3664636692613499,-24.673304185043655,15.960544567366439,-36.02309972764687,-51.02220543290756,-1.2664139283230083,2.771771635561853,0.548,0.963409066223949,0.00038396983131188604,0.018589440782639032,21.07544910179641,0.0,3.4958053061386782,6.012717422298261,53.72029402296852,104.43307279744486,-0.4658682634730539,0.0,2.16484631682248,0.835,0.0,0.0,10,6.352785844080881,6.1533848465699394,0.0,-0.18081155672830101,
36074271_4,GAS_COST=6/SEED=2/36074271_4,6.0,2,0.03,inventory,0,15,100,1005,1000,PPO_narrow,0.0964713179157136,21.608472923836356,4.591528776128712,-39.48090507159393,30.516724477229925,-56.168761744772,-77.51757365376551,-0.9939289254221594,1.4110702917728162,0.639,0.8878117262763568,0.0004431826460404742,0.0964713179157136,2.0,0.0,0.0,7.0762,97.20257029467435,163.30558237108735,0.0,0.0,0.0,1.0,0.0,0.0,10,12.693907298638926,12.311328055715348,0.0,-0.28610792500786386,
36074271_4,GAS_COST=6/SEED=2/36074271_4,6.0,2,0.03,inventory,0,15,100,1005,1000,DeployNarrow,0.0964713179157136,21.608472923836356,4.591528776128712,-39.48090507159393,30.516724477229925,-56.168761744772,-77.51757365376551,-0.9939289254221594,1.4110702917728162,0.639,0.8878117262763568,0.0004431826460404742,0.0964713179157136,2.0,0.0,0.0,6.296102000000001,96.94789970336959,150.87963598766268,0.0,0.0,0.0,1.0,0.0,0.0,1000,12.694181874704732,11.98994608484544,0.0,-0.60776447194358,36074271_28
36074271_4,GAS_COST=6/SEED=2/36074271_4,6.0,2,0.03,inventory,0,15,100,1005,1000,DeployWide,-2.1249120924062783,20.711410886736758,3.508260511740332,-40.699911794290735,23.251087766135786,-57.32995524756137,-78.77373364024155,-1.2065330299070676,1.5971025947457242,0.622,0.0012230019249894906,0.29595422476571565,-2.1249120924062783,30.0,0.0,0.0,6.296102000000001,96.94789970336959,150.87963598766268,0.0,0.0,0.0,1.0,0.0,0.0,1000,10.120122894412997,11.58370050935898,0.0,-0.6613344774602958,36074271_28
36074271_4,GAS_COST=6/SEED=2/36074271_4,6.0,2,0.03,inventory,0,15,100,1005,1000,ArrivalRebalance,-34.61156999593225,25.815785758478388,-31.004207320292778,-78.27928754309917,2.4083356132478166,-100.06872103184207,-132.35105539316427,-0.8179055485058999,1.665670949254686,0.064,2.1638699219209713e-225,9.765899407858873e-156,-34.61156999593225,2.0,0.0,0.0,1.0552480000000002,46.16844849656831,21.107091236418533,0.0,0.0,0.0,7.0,6.0,0.6,1000,34.59841023183403,32.17274763585522,36.0,-1.0372325919110599,36074271_28
36074271_4,GAS_COST=6/SEED=2/36074271_4,6.0,2,0.03,inventory,0,15,100,1005,1000,CDM,-3.5332405774848956,20.22283671871244,0.0,-42.564194855707065,21.305338060385107,-57.33032480336446,-77.99773849329829,-1.0522042362743265,1.7037533008744603,0.46,4.2678271449391627e-08,0.0024290708815623142,-3.5332405774848956,1.0006959999999998,0.02199844503595652,0.004438421340972474,-8.544493999999998,96.9485334698569,150.83700636342516,-14.384,0.16404877323527906,0.7397368901620812,1.048,0.048,0.0048,1000,8.650402256170642,11.894121354617225,0.288,-0.0015214790383123525,36074271_28
36074271_5,GAS_COST=6/SEED=2/36074271_5,6.0,2,0.03,inventory,50,15,100,1005,1000,PPO,0.0,0.0,0.0,0.0,0.0,0.0,0.0,,,0.0,,,0.0,,,,,,,,,,0.0,0.0,0.0,10,0.0,0.0,0.0,0.0,
36074271_5,GAS_COST=6/SEED=2/36074271_5,6.0,2,0.03,inventory,50,15,100,1005,1000,PPO_narrow,0.0,0.0,0.0,0.0,0.0,0.0,0.0,,,0.0,,,0.0,,,,,,,,,,0.0,0.0,0.0,10,0.0,0.0,0.0,0.0,
36074271_5,GAS_COST=6/SEED=2/36074271_5,6.0,2,0.03,inventory,50,15,100,1005,1000,DeployNarrow,0.0964713179157136,21.608472923836356,4.591528776128712,-39.48090507159393,30.516724477229925,-56.168761744772,-77.51757365376551,-0.9939289254221594,1.4110702917728162,0.639,0.8878117262763568,0.0004431826460404742,0.0964713179157136,2.0,0.0,0.0,6.296102000000001,96.94789970336959,150.87963598766268,0.0,0.0,0.0,1.0,0.0,0.0,1000,12.694181874704732,11.98994608484544,0.0,-0.60776447194358,36074271_28
36074271_5,GAS_COST=6/SEED=2/36074271_5,6.0,2,0.03,inventory,50,15,100,1005,1000,DeployWide,-2.1249120924062783,20.711410886736758,3.508260511740332,-40.699911794290735,23.251087766135786,-57.32995524756137,-78.77373364024155,-1.2065330299070676,1.5971025947457242,0.622,0.0012230019249894906,0.29595422476571565,-2.1249120924062783,30.0,0.0,0.0,6.296102000000001,96.94789970336959,150.87963598766268,0.0,0.0,0.0,1.0,0.0,0.0,1000,10.120122894412997,11.58370050935898,0.0,-0.6613344774602958,36074271_28
36074271_5,GAS_COST=6/SEED=2/36074271_5,6.0,2,0.03,inventory,50,15,100,1005,1000,ArrivalRebalance,-34.61156999593225,25.815785758478388,-31.004207320292778,-78.27928754309917,2.4083356132478166,-100.06872103184207,-132.35105539316427,-0.8179055485058999,1.665670949254686,0.064,2.1638699219209713e-225,9.765899407858873e-156,-34.61156999593225,2.0,0.0,0.0,1.0552480000000002,46.16844849656831,21.107091236418533,0.0,0.0,0.0,7.0,6.0,0.6,1000,34.59841023183403,32.17274763585522,36.0,-1.0372325919110599,36074271_28
36074271_5,GAS_COST=6/SEED=2/36074271_5,6.0,2,0.03,inventory,50,15,100,1005,1000,CDM,-3.5332405774848956,20.22283671871244,0.0,-42.564194855707065,21.305338060385107,-57.33032480336446,-77.99773849329829,-1.0522042362743265,1.7037533008744603,0.46,4.2678271449391627e-08,0.0024290708815623142,-3.5332405774848956,1.0006959999999998,0.02199844503595652,0.004438421340972474,-8.544493999999998,96.9485334698569,150.83700636342516,-14.384,0.16404877323527906,0.7397368901620812,1.048,0.048,0.0048,1000,8.650402256170642,11.894121354617225,0.288,-0.0015214790383123525,36074271_28
36178713_16,GAS_COST=6/SEED=20/36178713_16,6.0,20,0.03,inventory,0,15,100,1005,1000,PPO,-1.3733147243311319,21.08211656691114,4.494837192023056,-40.44699767406149,25.5744527291878,-57.21615287399751,-78.71229547121,-1.1355655599277878,1.554811241132657,0.627,0.039761095953087744,0.056654005313497346,-1.3733147243311319,12.0,0.0,0.0,8.0762,97.20257029467435,163.30558237108735,1.0,0.0,0.0,1.0,0.0,0.0,10,11.091433080164428,12.195978239294533,0.0,-0.2687695652010286,
36178713_16,GAS_COST=6/SEED=20/36178713_16,6.0,20,0.03,inventory,0,15,100,1005,1000,PPO_narrow,0.0964713179157136,21.608472923836356,4.591528776128712,-39.48090507159393,30.516724477229925,-56.168761744772,-77.51757365376551,-0.9939289254221594,1.4110702917728162,0.639,0.8878117262763568,0.0004431826460404742,0.0964713179157136,2.0,0.0,0.0,7.0762,97.20257029467435,163.30558237108735,0.0,0.0,0.0,1.0,0.0,0.0,10,12.693907298638926,12.311328055715348,0.0,-0.28610792500786386,
36178713_16,GAS_COST=6/SEED=20/36178713_16,6.0,20,0.03,inventory,0,15,100,1005,1000,DeployNarrow,0.0964713179157136,21.608472923836356,4.591528776128712,-39.48090507159393,30.516724477229925,-56.168761744772,-77.51757365376551,-0.9939289254221594,1.4110702917728162,0.639,0.8878117262763568,0.0004431826460404742,0.0964713179157136,2.0,0.0,0.0,6.296102000000001,96.94789970336959,150.87963598766268,0.0,0.0,0.0,1.0,0.0,0.0,1000,12.694181874704732,11.98994608484544,0.0,-0.60776447194358,36074271_28
36178713_16,GAS_COST=6/SEED=20/36178713_16,6.0,20,0.03,inventory,0,15,100,1005,1000,DeployWide,-2.1249120924062783,20.711410886736758,3.508260511740332,-40.699911794290735,23.251087766135786,-57.32995524756137,-78.77373364024155,-1.2065330299070676,1.5971025947457242,0.622,0.0012230019249894906,0.29595422476571565,-2.1249120924062783,30.0,0.0,0.0,6.296102000000001,96.94789970336959,150.87963598766268,0.0,0.0,0.0,1.0,0.0,0.0,1000,10.120122894412997,11.58370050935898,0.0,-0.6613344774602958,36074271_28
36178713_16,GAS_COST=6/SEED=20/36178713_16,6.0,20,0.03,inventory,0,15,100,1005,1000,ArrivalRebalance,-34.61156999593225,25.815785758478388,-31.004207320292778,-78.27928754309917,2.4083356132478166,-100.06872103184207,-132.35105539316427,-0.8179055485058999,1.665670949254686,0.064,2.1638699219209713e-225,9.765899407858873e-156,-34.61156999593225,2.0,0.0,0.0,1.0552480000000002,46.16844849656831,21.107091236418533,0.0,0.0,0.0,7.0,6.0,0.6,1000,34.59841023183403,32.17274763585522,36.0,-1.0372325919110599,36074271_28
36178713_16,GAS_COST=6/SEED=20/36178713_16,6.0,20,0.03,inventory,0,15,100,1005,1000,CDM,-3.5332405774848956,20.22283671871244,0.0,-42.564194855707065,21.305338060385107,-57.33032480336446,-77.99773849329829,-1.0522042362743265,1.7037533008744603,0.46,4.2678271449391627e-08,0.0024290708815623142,-3.5332405774848956,1.0006959999999998,0.02199844503595652,0.004438421340972474,-8.544493999999998,96.9485334698569,150.83700636342516,-14.384,0.16404877323527906,0.7397368901620812,1.048,0.048,0.0048,1000,8.650402256170642,11.894121354617225,0.288,-0.0015214790383123525,36074271_28
36178713_17,GAS_COST=6/SEED=20/36178713_17,6.0,20,0.03,inventory,50,15,100,1005,1000,PPO,0.0,0.0,0.0,0.0,0.0,0.0,0.0,,,0.0,,,0.0,,,,,,,,,,0.0,0.0,0.0,10,0.0,0.0,0.0,0.0,
36178713_17,GAS_COST=6/SEED=20/36178713_17,6.0,20,0.03,inventory,50,15,100,1005,1000,PPO_narrow,0.0,0.0,0.0,0.0,0.0,0.0,0.0,,,0.0,,,0.0,,,,,,,,,,0.0,0.0,0.0,10,0.0,0.0,0.0,0.0,
36178713_17,GAS_COST=6/SEED=20/36178713_17,6.0,20,0.03,inventory,50,15,100,1005,1000,DeployNarrow,0.0964713179157136,21.608472923836356,4.591528776128712,-39.48090507159393,30.516724477229925,-56.168761744772,-77.51757365376551,-0.9939289254221594,1.4110702917728162,0.639,0.8878117262763568,0.0004431826460404742,0.0964713179157136,2.0,0.0,0.0,6.296102000000001,96.94789970336959,150.87963598766268,0.0,0.0,0.0,1.0,0.0,0.0,1000,12.694181874704732,11.98994608484544,0.0,-0.60776447194358,36074271_28
36178713_17,GAS_COST=6/SEED=20/36178713_17,6.0,20,0.03,inventory,50,15,100,1005,1000,DeployWide,-2.1249120924062783,20.711410886736758,3.508260511740332,-40.699911794290735,23.251087766135786,-57.32995524756137,-78.77373364024155,-1.2065330299070676,1.5971025947457242,0.622,0.0012230019249894906,0.29595422476571565,-2.1249120924062783,30.0,0.0,0.0,6.296102000000001,96.94789970336959,150.87963598766268,0.0,0.0,0.0,1.0,0.0,0.0,1000,10.120122894412997,11.58370050935898,0.0,-0.6613344774602958,36074271_28
36178713_17,GAS_COST=6/SEED=20/36178713_17,6.0,20,0.03,inventory,50,15,100,1005,1000,ArrivalRebalance,-34.61156999593225,25.815785758478388,-31.004207320292778,-78.27928754309917,2.4083356132478166,-100.06872103184207,-132.35105539316427,-0.8179055485058999,1.665670949254686,0.064,2.1638699219209713e-225,9.765899407858873e-156,-34.61156999593225,2.0,0.0,0.0,1.0552480000000002,46.16844849656831,21.107091236418533,0.0,0.0,0.0,7.0,6.0,0.6,1000,34.59841023183403,32.17274763585522,36.0,-1.0372325919110599,36074271_28
36178713_17,GAS_COST=6/SEED=20/36178713_17,6.0,20,0.03,inventory,50,15,100,1005,1000,CDM,-3.5332405774848956,20.22283671871244,0.0,-42.564194855707065,21.305338060385107,-57.33032480336446,-77.99773849329829,-1.0522042362743265,1.7037533008744603,0.46,4.2678271449391627e-08,0.0024290708815623142,-3.5332405774848956,1.0006959999999998,0.02199844503595652,0.004438421340972474,-8.544493999999998,96.9485334698569,150.83700636342516,-14.384,0.16404877323527906,0.7397368901620812,1.048,0.048,0.0048,1000,8.650402256170642,11.894121354617225,0.288,-0.0015214790383123525,36074271_28
36074271_10,GAS_COST=6/SEED=4/36074271_10,6.0,4,0.03,inventory,0,15,100,1005,1000,PPO,-2.0914491091163185,20.758780496626816,3.6558834989437514,-40.70648506260047,23.344859422361797,-57.37101216963498,-78.83007565350515,-1.2017206303240626,1.5833006286301083,0.623,0.0014954064616446005,0.28634880384617756,-2.0914491091163185,29.0,0.0,0.0,7.5762,97.20257029467433,163.30558237108735,0.5,0.0,0.0,1.0,0.0,0.0,10,10.165730254595662,11.945526417522593,0.0,-0.3116529461893872,
36074271_10,GAS_COST=6/SEED=4/36074271_10,6.0,4,0.03,inventory,0,15,100,1005,1000,PPO_narrow,-0.46713026618843606,21.54692859938526,6.027048161931077,-40.118915360960415,28.03926846850437,-56.58750133318832,-77.35510022347786,-0.9843073545562355,1.4084516302955548,0.569,0.49335874241251115,0.019870203065928294,-0.46713026618843606,2.0,0.0,0.0,6.0762,97.20257029467435,163.30558237108735,-1.0,0.0,0.0,1.0,0.0,0.0,10,12.10608109675316,12.311510382966143,0.0,-0.2617009799754546,
36074271_10,GAS_COST=6/SEED=4/36074271_10,6.0,4,0.03,inventory,0,15,100,1005,1000,DeployNarrow,0.0964713179157136,21.608472923836356,4.591528776128712,-39.48090507159393,30.516724477229925,-56.168761744772,-77.51757365376551,-0.9939289254221594,1.4110702917728162,0.639,0.8878117262763568,0.0004431826460404742,0.0964713179157136,2.0,0.0,0.0,6.296102000000001,96.94789970336959,150.87963598766268,0.0,0.0,0.0,1.0,0.0,0.0,1000,12.694181874704732,11.98994608484544,0.0,-0.60776447194358,36074271_28
36074271_10,GAS_COST=6/SEED=4/36074271_10,6.0,4,0.03,inventory,0,15,100,1005,1000,DeployWide,-2.1249120924062783,20.711410886736758,3.508260511740332,-40.699911794290735,23.251087766135786,-57.32995524756137,-78.77373364024155,-1.2065330299070676,1.5971025947457242,0.622,0.0012230019249894906,0.29595422476571565,-2.1249120924062783,30.0,0.0,0.0,6.296102000000001,96.94789970336959,150.87963598766268,0.0,0.0,0.0,1.0,0.0,0.0,1000,10.120122894412997,11.58370050935898,0.0,-0.6613344774602958,36074271_28
36074271_10,GAS_COST=6/SEED=4/36074271_10,6.0,4,0.03,inventory,0,15,100,1005,1000,ArrivalRebalance,-34.61156999593225,25.815785758478388,-31.004207320292778,-78.27928754309917,2.4083356132478166,-100.06872103184207,-132.35105539316427,-0.8179055485058999,1.665670949254686,0.064,2.1638699219209713e-225,9.765899407858873e-156,-34.61156999593225,2.0,0.0,0.0,1.0552480000000002,46.16844849656831,21.107091236418533,0.0,0.0,0.0,7.0,6.0,0.6,1000,34.59841023183403,32.17274763585522,36.0,-1.0372325919110599,36074271_28
36074271_10,GAS_COST=6/SEED=4/36074271_10,6.0,4,0.03,inventory,0,15,100,1005,1000,CDM,-3.5332405774848956,20.22283671871244,0.0,-42.564194855707065,21.305338060385107,-57.33032480336446,-77.99773849329829,-1.0522042362743265,1.7037533008744603,0.46,4.2678271449391627e-08,0.0024290708815623142,-3.5332405774848956,1.0006959999999998,0.02199844503595652,0.004438421340972474,-8.544493999999998,96.9485334698569,150.83700636342516,-14.384,0.16404877323527906,0.7397368901620812,1.048,0.048,0.0048,1000,8.650402256170642,11.894121354617225,0.288,-0.0015214790383123525,36074271_28
36074271_11,GAS_COST=6/SEED=4/36074271_11,6.0,4,0.03,inventory,50,15,100,1005,1000,PPO,-0.0975629102664858,2.2404918885612664,0.0,0.0,0.0,-2.4749482642261613,-12.374741321130807,-13.568245868665734,295.83281155930104,0.001,0.16902639317815019,0.09096894797535773,-0.21440219651861497,12.391836734693879,3.8526912480983944,1.5033268673636626,49.5204081632653,45.52287307777307,62.480447772355554,8.247619047619049,2.3754414879743786,1.0239756232926178,0.023,0.016,0.16,10,0.045381446638364756,0.0891477812337975,0.096,0.042203424328946935,
36074271_11,GAS_COST=6/SEED=4/36074271_11,6.0,4,0.03,inventory,50,15,100,1005,1000,PPO_narrow,0.0,0.0,0.0,0.0,0.0,0.0,0.0,,,0.0,,,0.0,,,,,,,,,,0.0,0.0,0.0,10,0.0,0.0,0.0,0.0,
36074271_11,GAS_COST=6/SEED=4/36074271_11,6.0,4,0.03,inventory,50,15,100,1005,1000,DeployNarrow,0.0964713179157136,21.608472923836356,4.591528776128712,-39.48090507159393,30.516724477229925,-56.168761744772,-77.51757365376551,-0.9939289254221594,1.4110702917728162,0.639,0.8878117262763568,0.0004431826460404742,0.0964713179157136,2.0,0.0,0.0,6.296102000000001,96.94789970336959,150.87963598766268,0.0,0.0,0.0,1.0,0.0,0.0,1000,12.694181874704732,11.98994608484544,0.0,-0.60776447194358,36074271_28
36074271_11,GAS_COST=6/SEED=4/36074271_11,6.0,4,0.03,inventory,50,15,100,1005,1000,DeployWide,-2.1249120924062783,20.711410886736758,3.508260511740332,-40.699911794290735,23.251087766135786,-57.32995524756137,-78.77373364024155,-1.2065330299070676,1.5971025947457242,0.622,0.0012230019249894906,0.29595422476571565,-2.1249120924062783,30.0,0.0,0.0,6.296102000000001,96.94789970336959,150.87963598766268,0.0,0.0,0.0,1.0,0.0,0.0,1000,10.120122894412997,11.58370050935898,0.0,-0.6613344774602958,36074271_28
36074271_11,GAS_COST=6/SEED=4/36074271_11,6.0,4,0.03,inventory,50,15,100,1005,1000,ArrivalRebalance,-34.61156999593225,25.815785758478388,-31.004207320292778,-78.27928754309917,2.4083356132478166,-100.06872103184207,-132.35105539316427,-0.8179055485058999,1.665670949254686,0.064,2.1638699219209713e-225,9.765899407858873e-156,-34.61156999593225,2.0,0.0,0.0,1.0552480000000002,46.16844849656831,21.107091236418533,0.0,0.0,0.0,7.0,6.0,0.6,1000,34.59841023183403,32.17274763585522,36.0,-1.0372325919110599,36074271_28
36074271_11,GAS_COST=6/SEED=4/36074271_11,6.0,4,0.03,inventory,50,15,100,1005,1000,CDM,-3.5332405774848956,20.22283671871244,0.0,-42.564194855707065,21.305338060385107,-57.33032480336446,-77.99773849329829,-1.0522042362743265,1.7037533008744603,0.46,4.2678271449391627e-08,0.0024290708815623142,-3.5332405774848956,1.0006959999999998,0.02199844503595652,0.004438421340972474,-8.544493999999998,96.9485334698569,150.83700636342516,-14.384,0.16404877323527906,0.7397368901620812,1.048,0.048,0.0048,1000,8.650402256170642,11.894121354617225,0.288,-0.0015214790383123525,36074271_28
36074271_16,GAS_COST=6/SEED=6/36074271_16,6.0,6,0.03,inventory,0,15,100,1005,1000,PPO,-1.8944239464551147,20.566292397328663,2.9540604005425166,-40.56292827761218,23.88584558664923,-56.430368405614466,-77.91329011937101,-1.1363802411981705,1.6130831513088637,0.625,0.0036779352788861457,0.18884709377823516,-1.8944239464551147,20.0,0.0,0.0,2.0762000000000005,97.20257029467435,163.30558237108735,-5.0,0.0,0.0,1.0,0.0,0.0,10,10.405330644937992,11.974869267219352,0.0,-0.32488532417375715,
36074271_16,GAS_COST=6/SEED=6/36074271_16,6.0,6,0.03,inventory,0,15,100,1005,1000,PPO_narrow,0.0964713179157136,21.608472923836356,4.591528776128712,-39.48090507159393,30.516724477229925,-56.168761744772,-77.51757365376551,-0.9939289254221594,1.4110702917728162,0.639,0.8878117262763568,0.0004431826460404742,0.0964713179157136,2.0,0.0,0.0,7.0762,97.20257029467435,163.30558237108735,0.0,0.0,0.0,1.0,0.0,0.0,10,12.693907298638926,12.311328055715348,0.0,-0.28610792500786386,
36074271_16,GAS_COST=6/SEED=6/36074271_16,6.0,6,0.03,inventory,0,15,100,1005,1000,DeployNarrow,0.0964713179157136,21.608472923836356,4.591528776128712,-39.48090507159393,30.516724477229925,-56.168761744772,-77.51757365376551,-0.9939289254221594,1.4110702917728162,0.639,0.8878117262763568,0.0004431826460404742,0.0964713179157136,2.0,0.0,0.0,6.296102000000001,96.94789970336959,150.87963598766268,0.0,0.0,0.0,1.0,0.0,0.0,1000,12.694181874704732,11.98994608484544,0.0,-0.60776447194358,36074271_28
36074271_16,GAS_COST=6/SEED=6/36074271_16,6.0,6,0.03,inventory,0,15,100,1005,1000,DeployWide,-2.1249120924062783,20.711410886736758,3.508260511740332,-40.699911794290735,23.251087766135786,-57.32995524756137,-78.77373364024155,-1.2065330299070676,1.5971025947457242,0.622,0.0012230019249894906,0.29595422476571565,-2.1249120924062783,30.0,0.0,0.0,6.296102000000001,96.94789970336959,150.87963598766268,0.0,0.0,0.0,1.0,0.0,0.0,1000,10.120122894412997,11.58370050935898,0.0,-0.6613344774602958,36074271_28
36074271_16,GAS_COST=6/SEED=6/36074271_16,6.0,6,0.03,inventory,0,15,100,1005,1000,ArrivalRebalance,-34.61156999593225,25.815785758478388,-31.004207320292778,-78.27928754309917,2.4083356132478166,-100.06872103184207,-132.35105539316427,-0.8179055485058999,1.665670949254686,0.064,2.1638699219209713e-225,9.765899407858873e-156,-34.61156999593225,2.0,0.0,0.0,1.0552480000000002,46.16844849656831,21.107091236418533,0.0,0.0,0.0,7.0,6.0,0.6,1000,34.59841023183403,32.17274763585522,36.0,-1.0372325919110599,36074271_28
36074271_16,GAS_COST=6/SEED=6/36074271_16,6.0,6,0.03,inventory,0,15,100,1005,1000,CDM,-3.5332405774848956,20.22283671871244,0.0,-42.564194855707065,21.305338060385107,-57.33032480336446,-77.99773849329829,-1.0522042362743265,1.7037533008744603,0.46,4.2678271449391627e-08,0.0024290708815623142,-3.5332405774848956,1.0006959999999998,0.02199844503595652,0.004438421340972474,-8.544493999999998,96.9485334698569,150.83700636342516,-14.384,0.16404877323527906,0.7397368901620812,1.048,0.048,0.0048,1000,8.650402256170642,11.894121354617225,0.288,-0.0015214790383123525,36074271_28
36074271_17,GAS_COST=6/SEED=6/36074271_17,6.0,6,0.03,inventory,50,15,100,1005,1000,PPO,0.0,0.0,0.0,0.0,0.0,0.0,0.0,,,0.0,,,0.0,,,,,,,,,,0.0,0.0,0.0,10,0.0,0.0,0.0,0.0,
36074271_17,GAS_COST=6/SEED=6/36074271_17,6.0,6,0.03,inventory,50,15,100,1005,1000,PPO_narrow,0.0,0.0,0.0,0.0,0.0,0.0,0.0,,,0.0,,,0.0,,,,,,,,,,0.0,0.0,0.0,10,0.0,0.0,0.0,0.0,
36074271_17,GAS_COST=6/SEED=6/36074271_17,6.0,6,0.03,inventory,50,15,100,1005,1000,DeployNarrow,0.0964713179157136,21.608472923836356,4.591528776128712,-39.48090507159393,30.516724477229925,-56.168761744772,-77.51757365376551,-0.9939289254221594,1.4110702917728162,0.639,0.8878117262763568,0.0004431826460404742,0.0964713179157136,2.0,0.0,0.0,6.296102000000001,96.94789970336959,150.87963598766268,0.0,0.0,0.0,1.0,0.0,0.0,1000,12.694181874704732,11.98994608484544,0.0,-0.60776447194358,36074271_28
36074271_17,GAS_COST=6/SEED=6/36074271_17,6.0,6,0.03,inventory,50,15,100,1005,1000,DeployWide,-2.1249120924062783,20.711410886736758,3.508260511740332,-40.699911794290735,23.251087766135786,-57.32995524756137,-78.77373364024155,-1.2065330299070676,1.5971025947457242,0.622,0.0012230019249894906,0.29595422476571565,-2.1249120924062783,30.0,0.0,0.0,6.296102000000001,96.94789970336959,150.87963598766268,0.0,0.0,0.0,1.0,0.0,0.0,1000,10.120122894412997,11.58370050935898,0.0,-0.6613344774602958,36074271_28
36074271_17,GAS_COST=6/SEED=6/36074271_17,6.0,6,0.03,inventory,50,15,100,1005,1000,ArrivalRebalance,-34.61156999593225,25.815785758478388,-31.004207320292778,-78.27928754309917,2.4083356132478166,-100.06872103184207,-132.35105539316427,-0.8179055485058999,1.665670949254686,0.064,2.1638699219209713e-225,9.765899407858873e-156,-34.61156999593225,2.0,0.0,0.0,1.0552480000000002,46.16844849656831,21.107091236418533,0.0,0.0,0.0,7.0,6.0,0.6,1000,34.59841023183403,32.17274763585522,36.0,-1.0372325919110599,36074271_28
36074271_17,GAS_COST=6/SEED=6/36074271_17,6.0,6,0.03,inventory,50,15,100,1005,1000,CDM,-3.5332405774848956,20.22283671871244,0.0,-42.564194855707065,21.305338060385107,-57.33032480336446,-77.99773849329829,-1.0522042362743265,1.7037533008744603,0.46,4.2678271449391627e-08,0.0024290708815623142,-3.5332405774848956,1.0006959999999998,0.02199844503595652,0.004438421340972474,-8.544493999999998,96.9485334698569,150.83700636342516,-14.384,0.16404877323527906,0.7397368901620812,1.048,0.048,0.0048,1000,8.650402256170642,11.894121354617225,0.288,-0.0015214790383123525,36074271_28
36074271_22,GAS_COST=6/SEED=8/36074271_22,6.0,8,0.03,inventory,0,15,100,1005,1000,PPO,-1.746982190323657,20.68745712750515,2.9172964975213063,-40.66724276245224,24.84958080293282,-56.26563859869979,-77.77347260869314,-1.0936958390873217,1.5612656380131122,0.63,0.0077288972686209165,0.14670520335954304,-1.746982190323657,16.0,0.0,0.0,2.0762000000000005,97.20257029467435,163.30558237108735,-5.0,0.0,0.0,1.0,0.0,0.0,10,10.587358193143581,11.99789726391315,0.0,-0.3364431195540908,
36074271_22,GAS_COST=6/SEED=8/36074271_22,6.0,8,0.03,inventory,0,15,100,1005,1000,PPO_narrow,-0.46713026618843606,21.54692859938526,6.027048161931077,-40.118915360960415,28.03926846850437,-56.58750133318832,-77.35510022347786,-0.9843073545562355,1.4084516302955548,0.569,0.49335874241251115,0.019870203065928294,-0.46713026618843606,2.0,0.0,0.0,6.0762,97.20257029467435,163.30558237108735,-1.0,0.0,0.0,1.0,0.0,0.0,10,12.10608109675316,12.311510382966143,0.0,-0.2617009799754546,
36074271_22,GAS_COST=6/SEED=8/36074271_22,6.0,8,0.03,inventory,0,15,100,1005,1000,DeployNarrow,0.0964713179157136,21.608472923836356,4.591528776128712,-39.48090507159393,30.516724477229925,-56.168761744772,-77.51757365376551,-0.9939289254221594,1.4110702917728162,0.639,0.8878117262763568,0.0004431826460404742,0.0964713179157136,2.0,0.0,0.0,6.296102000000001,96.94789970336959,150.87963598766268,0.0,0.0,0.0,1.0,0.0,0.0,1000,12.694181874704732,11.98994608484544,0.0,-0.60776447194358,36074271_28
36074271_22,GAS_COST=6/SEED=8/36074271_22,6.0,8,0.03,inventory,0,15,100,1005,1000,DeployWide,-2.1249120924062783,20.711410886736758,3.508260511740332,-40.699911794290735,23.251087766135786,-57.32995524756137,-78.77373364024155,-1.2065330299070676,1.5971025947457242,0.622,0.0012230019249894906,0.29595422476571565,-2.1249120924062783,30.0,0.0,0.0,6.296102000000001,96.94789970336959,150.87963598766268,0.0,0.0,0.0,1.0,0.0,0.0,1000,10.120122894412997,11.58370050935898,0.0,-0.6613344774602958,36074271_28
36074271_22,GAS_COST=6/SEED=8/36074271_22,6.0,8,0.03,inventory,0,15,100,1005,1000,ArrivalRebalance,-34.61156999593225,25.815785758478388,-31.004207320292778,-78.27928754309917,2.4083356132478166,-100.06872103184207,-132.35105539316427,-0.8179055485058999,1.665670949254686,0.064,2.1638699219209713e-225,9.765899407858873e-156,-34.61156999593225,2.0,0.0,0.0,1.0552480000000002,46.16844849656831,21.107091236418533,0.0,0.0,0.0,7.0,6.0,0.6,1000,34.59841023183403,32.17274763585522,36.0,-1.0372325919110599,36074271_28
36074271_22,GAS_COST=6/SEED=8/36074271_22,6.0,8,0.03,inventory,0,15,100,1005,1000,CDM,-3.5332405774848956,20.22283671871244,0.0,-42.564194855707065,21.305338060385107,-57.33032480336446,-77.99773849329829,-1.0522042362743265,1.7037533008744603,0.46,4.2678271449391627e-08,0.0024290708815623142,-3.5332405774848956,1.0006959999999998,0.02199844503595652,0.004438421340972474,-8.544493999999998,96.9485334698569,150.83700636342516,-14.384,0.16404877323527906,0.7397368901620812,1.048,0.048,0.0048,1000,8.650402256170642,11.894121354617225,0.288,-0.0015214790383123525,36074271_28
36074271_23,GAS_COST=6/SEED=8/36074271_23,6.0,8,0.03,inventory,50,15,100,1005,1000,PPO,0.0052348044240941366,0.2617806342360213,0.0,0.0,0.0,-0.10791217190990893,-0.5395608595495446,-0.2853430221302227,309.096927157213,0.003,0.5275042820641885,0.7150006546880893,-0.006841051037281141,8.0,0.0,0.0,-4.5,0.0,43.072613108563544,6.0,0.0,0.0,0.004,0.0,0.0,10,0.012033438984971744,0.006798634560877607,0.0,0.0,
36074271_23,GAS_COST=6/SEED=8/36074271_23,6.0,8,0.03,inventory,50,15,100,1005,1000,PPO_narrow,0.0,0.0,0.0,0.0,0.0,0.0,0.0,,,0.0,,,0.0,,,,,,,,,,0.0,0.0,0.0,10,0.0,0.0,0.0,0.0,
36074271_23,GAS_COST=6/SEED=8/36074271_23,6.0,8,0.03,inventory,50,15,100,1005,1000,DeployNarrow,0.0964713179157136,21.608472923836356,4.591528776128712,-39.48090507159393,30.516724477229925,-56.168761744772,-77.51757365376551,-0.9939289254221594,1.4110702917728162,0.639,0.8878117262763568,0.0004431826460404742,0.0964713179157136,2.0,0.0,0.0,6.296102000000001,96.94789970336959,150.87963598766268,0.0,0.0,0.0,1.0,0.0,0.0,1000,12.694181874704732,11.98994608484544,0.0,-0.60776447194358,36074271_28
36074271_23,GAS_COST=6/SEED=8/36074271_23,6.0,8,0.03,inventory,50,15,100,1005,1000,DeployWide,-2.1249120924062783,20.711410886736758,3.508260511740332,-40.699911794290735,23.251087766135786,-57.32995524756137,-78.77373364024155,-1.2065330299070676,1.5971025947457242,0.622,0.0012230019249894906,0.29595422476571565,-2.1249120924062783,30.0,0.0,0.0,6.296102000000001,96.94789970336959,150.87963598766268,0.0,0.0,0.0,1.0,0.0,0.0,1000,10.120122894412997,11.58370050935898,0.0,-0.6613344774602958,36074271_28
36074271_23,GAS_COST=6/SEED=8/36074271_23,6.0,8,0.03,inventory,50,15,100,1005,1000,ArrivalRebalance,-34.61156999593225,25.815785758478388,-31.004207320292778,-78.27928754309917,2.4083356132478166,-100.06872103184207,-132.35105539316427,-0.8179055485058999,1.665670949254686,0.064,2.1638699219209713e-225,9.765899407858873e-156,-34.61156999593225,2.0,0.0,0.0,1.0552480000000002,46.16844849656831,21.107091236418533,0.0,0.0,0.0,7.0,6.0,0.6,1000,34.59841023183403,32.17274763585522,36.0,-1.0372325919110599,36074271_28
36074271_23,GAS_COST=6/SEED=8/36074271_23,6.0,8,0.03,inventory,50,15,100,1005,1000,CDM,-3.5332405774848956,20.22283671871244,0.0,-42.564194855707065,21.305338060385107,-57.33032480336446,-77.99773849329829,-1.0522042362743265,1.7037533008744603,0.46,4.2678271449391627e-08,0.0024290708815623142,-3.5332405774848956,1.0006959999999998,0.02199844503595652,0.004438421340972474,-8.544493999999998,96.9485334698569,150.83700636342516,-14.384,0.16404877323527906,0.7397368901620812,1.048,0.048,0.0048,1000,8.650402256170642,11.894121354617225,0.288,-0.0015214790383123525,36074271_28
