run_id,run_dir,gas_cost,train_seed,volatility,reward_kind,inventory_phi,tau,decision_stride,eval_seed,n_eval,agent,mean_pnl,std_pnl,median_pnl,p5_pnl,p95_pnl,cvar5_pnl,cvar1_pnl,skew_pnl,kurt_pnl,profitable_frac,p_ttest,p_wilcoxon,mean_utility,mean_spread,spread_std_within,spread_std_between,mean_center,center_std_within,center_std_between,deploy_mean_center,deploy_center_std_within,deploy_center_std_between,deploys_per_ep,rebalances_per_ep,rebalance_rate_pct,decisions_per_ep,attrib_fees,attrib_il,attrib_gas,attrib_hodl,baseline_source_run
36073252_24,GAS_COST=2/SEED=10/36073252_24,2.0,10,0.01,inventory,0,15,100,1005,1000,DeployNarrow,15.853083515013815,16.956191085381878,13.602949112645433,-8.712122030260673,46.928570278263656,-14.51668028381976,-24.147723319955094,0.5902063636490774,0.6281835443937513,0.853,2.0179327643643057e-138,1.312957613589948e-118,15.853083515013815,2.0,0.0,0.0,2.1089620000000004,36.82742706653936,56.63103662111931,0.0,0.0,0.0,1.0,0.0,0.0,1000,20.097888987877507,4.040975917870004,0.0,-0.2038295549936895,
36073252_24,GAS_COST=2/SEED=10/36073252_24,2.0,10,0.01,inventory,0,15,100,1005,1000,DeployWide,12.778933753980283,13.919367309882404,11.961434284768302,-9.371417503759556,37.770858544332846,-15.105149504433719,-23.347849320742046,0.1579411047030017,0.039718924975780556,0.838,9.102629756367264e-135,4.893484319113367e-110,12.778933753980283,30.0,0.0,0.0,2.1089620000000004,36.82742706653936,56.63103662111931,0.0,0.0,0.0,1.0,0.0,0.0,1000,16.685245762715283,3.6849859328057866,0.0,-0.22132607592921472,
36073252_24,GAS_COST=2/SEED=10/36073252_24,2.0,10,0.01,inventory,0,15,100,1005,1000,ArrivalRebalance,30.609372960446052,19.342621726104387,29.37027858997544,1.2689570261408507,66.0968112349984,-4.679519311254573,-13.464000839451945,0.500384365938578,0.4679963186620779,0.956,2.8145562623109036e-274,3.3007513620210018e-161,30.609372960446052,2.0,0.0,0.0,0.21988900000000006,25.84853499101164,10.696880282992748,0.0,0.0,0.0,5.51,4.51,0.451,1000,48.96146689415994,8.918276222902811,9.02,-0.4138177108110725,
36073252_24,GAS_COST=2/SEED=10/36073252_24,2.0,10,0.01,inventory,0,15,100,1005,1000,CDM,24.5565655138763,11.799920771427688,25.234650818770774,4.106808310302426,42.86796881336147,-2.427336274027143,-12.350241369351636,-0.3892137752724571,0.30982541411917364,0.973,0.0,1.3482951593962087e-162,24.5565655138763,29.914421,1.530331100545373,0.046296563144578966,0.10117349999999999,13.44940963671174,4.306702486490998,-1.9906157346738227,4.910211059961963,0.644396240959442,8.577,7.577,0.7577,1000,50.60152991375624,10.665572111111327,15.154,-0.22539228876861264,
36073252_25,GAS_COST=2/SEED=10/36073252_25,2.0,10,0.01,inventory,50,15,100,1005,1000,DeployNarrow,15.853083515013815,16.956191085381878,13.602949112645433,-8.712122030260673,46.928570278263656,-14.51668028381976,-24.147723319955094,0.5902063636490774,0.6281835443937513,0.853,2.0179327643643057e-138,1.312957613589948e-118,15.853083515013815,2.0,0.0,0.0,2.1089620000000004,36.82742706653936,56.63103662111931,0.0,0.0,0.0,1.0,0.0,0.0,1000,20.097888987877507,4.040975917870004,0.0,-0.2038295549936895,36073252_24
36073252_25,GAS_COST=2/SEED=10/36073252_25,2.0,10,0.01,inventory,50,15,100,1005,1000,DeployWide,12.778933753980283,13.919367309882404,11.961434284768302,-9.371417503759556,37.770858544332846,-15.105149504433719,-23.347849320742046,0.1579411047030017,0.039718924975780556,0.838,9.102629756367264e-135,4.893484319113367e-110,12.778933753980283,30.0,0.0,0.0,2.1089620000000004,36.82742706653936,56.63103662111931,0.0,0.0,0.0,1.0,0.0,0.0,1000,16.685245762715283,3.6849859328057866,0.0,-0.22132607592921472,36073252_24
36073252_25,GAS_COST=2/SEED=10/36073252_25,2.0,10,0.01,inventory,50,15,100,1005,1000,ArrivalRebalance,30.609372960446052,19.342621726104387,29.37027858997544,1.2689570261408507,66.0968112349984,-4.679519311254573,-13.464000839451945,0.500384365938578,0.4679963186620779,0.956,2.8145562623109036e-274,3.3007513620210018e-161,30.609372960446052,2.0,0.0,0.0,0.21988900000000006,25.84853499101164,10.696880282992748,0.0,0.0,0.0,5.51,4.51,0.451,1000,48.96146689415994,8.918276222902811,9.02,-0.4138177108110725,36073252_24
36073252_25,GAS_COST=2/SEED=10/36073252_25,2.0,10,0.01,inventory,50,15,100,1005,1000,CDM,24.5565655138763,11.799920771427688,25.234650818770774,4.106808310302426,42.86796881336147,-2.427336274027143,-12.350241369351636,-0.3892137752724571,0.30982541411917364,0.973,0.0,1.3482951593962087e-162,24.5565655138763,29.914421,1.530331100545373,0.046296563144578966,0.10117349999999999,13.44940963671174,4.306702486490998,-1.9906157346738227,4.910211059961963,0.644396240959442,8.577,7.577,0.7577,1000,50.60152991375624,10.665572111111327,15.154,-0.22539228876861264,36073252_24
36073252_26,GAS_COST=2/SEED=10/36073252_26,2.0,10,0.02,inventory,0,15,100,1005,1000,DeployNarrow,6.477607686199505,17.950551852566374,7.581377161501109,-23.96664213352248,34.81409255433276,-35.36628440504408,-50.708465953253054,-0.29864590423878545,0.9643093515796797,0.73,2.0575071009793284e-28,4.557474664873838e-33,6.477607686199505,2.0,0.0,0.0,4.403665000000001,69.87534397238362,108.28602515580104,0.0,0.0,0.0,1.0,0.0,0.0,1000,14.95097553137955,8.066962979097362,0.0,-0.406404866082683,
36073252_26,GAS_COST=2/SEED=10/36073252_26,2.0,10,0.02,inventory,0,15,100,1005,1000,DeployWide,4.09478718770963,16.271817552955877,6.268138593964352,-24.95742360716701,27.8048911655416,-36.48392899469141,-51.603535519010464,-0.7388667337633585,0.9833922200896059,0.689,4.873609609898465e-15,1.7472770175243966e-21,4.09478718770963,30.0,0.0,0.0,4.403665000000001,69.87534397238362,108.28602515580104,0.0,0.0,0.0,1.0,0.0,0.0,1000,12.223730533503973,7.687185265063061,0.0,-0.4417580807312825,
36073252_26,GAS_COST=2/SEED=10/36073252_26,2.0,10,0.02,inventory,0,15,100,1005,1000,ArrivalRebalance,7.9542108106550735,20.468076960484634,8.04554329460376,-25.91876936542635,41.71659917191731,-39.10763501601193,-59.241280621473,-0.28426781920580285,0.7413585847173905,0.672,2.1329464550171011e-32,1.6586785104452489e-34,7.9542108106550735,2.0,0.0,0.0,0.6782760000000001,39.306576008267555,16.047503532195407,0.0,0.0,0.0,6.806,5.806,0.5806,1000,40.69666078599231,20.822017744512873,11.612,-0.3084322308243573,
36073252_26,GAS_COST=2/SEED=10/36073252_26,2.0,10,0.02,inventory,0,15,100,1005,1000,CDM,-39.33079240042577,50.64273073289341,-26.15777584032037,-135.39859009041567,13.729645117584532,-191.29110076161808,-281.4110959807993,-1.9828179189535695,6.100684951856943,0.176,1.6901169318502788e-104,5.930358451732921e-119,-39.33079240042577,29.533332,3.251946265746878,0.49245512666231855,0.110292,14.773391864330144,4.419248094895329,-2.876108921926836,5.288100168901639,1.8604629990144108,29.551,28.551,2.8550999999999997,1000,53.766239694272095,35.51913915333303,57.102,-0.4758929413648286,
36073252_27,GAS_COST=2/SEED=10/36073252_27,2.0,10,0.02,inventory,50,15,100,1005,1000,DeployNarrow,6.477607686199505,17.950551852566374,7.581377161501109,-23.96664213352248,34.81409255433276,-35.36628440504408,-50.708465953253054,-0.29864590423878545,0.9643093515796797,0.73,2.0575071009793284e-28,4.557474664873838e-33,6.477607686199505,2.0,0.0,0.0,4.403665000000001,69.87534397238362,108.28602515580104,0.0,0.0,0.0,1.0,0.0,0.0,1000,14.95097553137955,8.066962979097362,0.0,-0.406404866082683,36073252_26
36073252_27,GAS_COST=2/SEED=10/36073252_27,2.0,10,0.02,inventory,50,15,100,1005,1000,DeployWide,4.09478718770963,16.271817552955877,6.268138593964352,-24.95742360716701,27.8048911655416,-36.48392899469141,-51.603535519010464,-0.7388667337633585,0.9833922200896059,0.689,4.873609609898465e-15,1.7472770175243966e-21,4.09478718770963,30.0,0.0,0.0,4.403665000000001,69.87534397238362,108.28602515580104,0.0,0.0,0.0,1.0,0.0,0.0,1000,12.223730533503973,7.687185265063061,0.0,-0.4417580807312825,36073252_26
36073252_27,GAS_COST=2/SEED=10/36073252_27,2.0,10,0.02,inventory,50,15,100,1005,1000,ArrivalRebalance,7.9542108106550735,20.468076960484634,8.04554329460376,-25.91876936542635,41.71659917191731,-39.10763501601193,-59.241280621473,-0.28426781920580285,0.7413585847173905,0.672,2.1329464550171011e-32,1.6586785104452489e-34,7.9542108106550735,2.0,0.0,0.0,0.6782760000000001,39.306576008267555,16.047503532195407,0.0,0.0,0.0,6.806,5.806,0.5806,1000,40.69666078599231,20.822017744512873,11.612,-0.3084322308243573,36073252_26
36073252_27,GAS_COST=2/SEED=10/36073252_27,2.0,10,0.02,inventory,50,15,100,1005,1000,CDM,-39.33079240042577,50.64273073289341,-26.15777584032037,-135.39859009041567,13.729645117584532,-191.29110076161808,-281.4110959807993,-1.9828179189535695,6.100684951856943,0.176,1.6901169318502788e-104,5.930358451732921e-119,-39.33079240042577,29.533332,3.251946265746878,0.49245512666231855,0.110292,14.773391864330144,4.419248094895329,-2.876108921926836,5.288100168901639,1.8604629990144108,29.551,28.551,2.8550999999999997,1000,53.766239694272095,35.51913915333303,57.102,-0.4758929413648286,36073252_26
36073252_28,GAS_COST=2/SEED=10/36073252_28,2.0,10,0.03,inventory,0,15,100,1005,1000,DeployNarrow,0.0964713179157136,21.608472923836356,4.591528776128712,-39.48090507159393,30.516724477229925,-56.168761744772,-77.51757365376551,-0.9939289254221594,1.4110702917728162,0.639,0.8878117262763568,0.0004431826460404742,0.0964713179157136,2.0,0.0,0.0,6.296102000000001,96.94789970336959,150.87963598766268,0.0,0.0,0.0,1.0,0.0,0.0,1000,12.694181874704732,11.98994608484544,0.0,-0.60776447194358,
36073252_28,GAS_COST=2/SEED=10/36073252_28,2.0,10,0.03,inventory,0,15,100,1005,1000,DeployWide,-2.1249120924062783,20.711410886736758,3.508260511740332,-40.699911794290735,23.251087766135786,-57.32995524756137,-78.77373364024155,-1.2065330299070676,1.5971025947457242,0.622,0.0012230019249894906,0.29595422476571565,-2.1249120924062783,30.0,0.0,0.0,6.296102000000001,96.94789970336959,150.87963598766268,0.0,0.0,0.0,1.0,0.0,0.0,1000,10.120122894412997,11.58370050935898,0.0,-0.6613344774602958,
36073252_28,GAS_COST=2/SEED=10/36073252_28,2.0,10,0.03,inventory,0,15,100,1005,1000,ArrivalRebalance,-10.637955146642154,26.119650471557517,-6.951198806330183,-54.48687365750829,26.982942469402392,-76.86715457142787,-109.57899863637826,-0.818489455241239,1.6695173594505563,0.367,3.3899341038360466e-35,7.734396534428271e-30,-10.637955146642154,2.0,0.0,0.0,1.0552480000000002,46.16844849656831,21.107091236418533,0.0,0.0,0.0,7.0,6.0,0.6,1000,34.96805478287428,32.5546964405458,12.0,-1.0513134889706421,
36073252_28,GAS_COST=2/SEED=10/36073252_28,2.0,10,0.03,inventory,0,15,100,1005,1000,CDM,-3.341656629503986,20.250305824244503,0.0,-41.70806257779816,22.65908810637193,-57.04780737247353,-77.99773849329829,-1.0443350840906989,1.7042676560015781,0.462,2.2257865805073595e-07,0.007270418425179352,-3.341656629503986,1.0006959999999998,0.02199844503595652,0.004438421340972474,-8.544493999999998,96.9485334698569,150.83700636342516,-14.384,0.16404877323527906,0.7397368901620812,1.048,0.048,0.0048,1000,8.652451791979411,11.896580876162732,0.096,-0.0015275453206637243,
36073252_29,GAS_COST=2/SEED=10/36073252_29,2.0,10,0.03,inventory,50,15,100,1005,1000,DeployNarrow,0.0964713179157136,21.608472923836356,4.591528776128712,-39.48090507159393,30.516724477229925,-56.168761744772,-77.51757365376551,-0.9939289254221594,1.4110702917728162,0.639,0.8878117262763568,0.0004431826460404742,0.0964713179157136,2.0,0.0,0.0,6.296102000000001,96.94789970336959,150.87963598766268,0.0,0.0,0.0,1.0,0.0,0.0,1000,12.694181874704732,11.98994608484544,0.0,-0.60776447194358,36073252_28
36073252_29,GAS_COST=2/SEED=10/36073252_29,2.0,10,0.03,inventory,50,15,100,1005,1000,DeployWide,-2.1249120924062783,20.711410886736758,3.508260511740332,-40.699911794290735,23.251087766135786,-57.32995524756137,-78.77373364024155,-1.2065330299070676,1.5971025947457242,0.622,0.0012230019249894906,0.29595422476571565,-2.1249120924062783,30.0,0.0,0.0,6.296102000000001,96.94789970336959,150.87963598766268,0.0,0.0,0.0,1.0,0.0,0.0,1000,10.120122894412997,11.58370050935898,0.0,-0.6613344774602958,36073252_28
36073252_29,GAS_COST=2/SEED=10/36073252_29,2.0,10,0.03,inventory,50,15,100,1005,1000,ArrivalRebalance,-10.637955146642154,26.119650471557517,-6.951198806330183,-54.48687365750829,26.982942469402392,-76.86715457142787,-109.57899863637826,-0.818489455241239,1.6695173594505563,0.367,3.3899341038360466e-35,7.734396534428271e-30,-10.637955146642154,2.0,0.0,0.0,1.0552480000000002,46.16844849656831,21.107091236418533,0.0,0.0,0.0,7.0,6.0,0.6,1000,34.96805478287428,32.5546964405458,12.0,-1.0513134889706421,36073252_28
36073252_29,GAS_COST=2/SEED=10/36073252_29,2.0,10,0.03,inventory,50,15,100,1005,1000,CDM,-3.341656629503986,20.250305824244503,0.0,-41.70806257779816,22.65908810637193,-57.04780737247353,-77.99773849329829,-1.0443350840906989,1.7042676560015781,0.462,2.2257865805073595e-07,0.007270418425179352,-3.341656629503986,1.0006959999999998,0.02199844503595652,0.004438421340972474,-8.544493999999998,96.9485334698569,150.83700636342516,-14.384,0.16404877323527906,0.7397368901620812,1.048,0.048,0.0048,1000,8.652451791979411,11.896580876162732,0.096,-0.0015275453206637243,36073252_28
36160714_0,GAS_COST=2/SEED=12/36160714_0,2.0,12,0.01,inventory,0,15,100,1005,1000,DeployNarrow,15.853083515013815,16.956191085381878,13.602949112645433,-8.712122030260673,46.928570278263656,-14.51668028381976,-24.147723319955094,0.5902063636490774,0.6281835443937513,0.853,2.0179327643643057e-138,1.312957613589948e-118,15.853083515013815,2.0,0.0,0.0,2.1089620000000004,36.82742706653936,56.63103662111931,0.0,0.0,0.0,1.0,0.0,0.0,1000,20.097888987877507,4.040975917870004,0.0,-0.2038295549936895,36073252_24
36160714_0,GAS_COST=2/SEED=12/36160714_0,2.0,12,0.01,inventory,0,15,100,1005,1000,DeployWide,12.778933753980283,13.919367309882404,11.961434284768302,-9.371417503759556,37.770858544332846,-15.105149504433719,-23.347849320742046,0.1579411047030017,0.039718924975780556,0.838,9.102629756367264e-135,4.893484319113367e-110,12.778933753980283,30.0,0.0,0.0,2.1089620000000004,36.82742706653936,56.63103662111931,0.0,0.0,0.0,1.0,0.0,0.0,1000,16.685245762715283,3.6849859328057866,0.0,-0.22132607592921472,36073252_24
36160714_0,GAS_COST=2/SEED=12/36160714_0,2.0,12,0.01,inventory,0,15,100,1005,1000,ArrivalRebalance,30.609372960446052,19.342621726104387,29.37027858997544,1.2689570261408507,66.0968112349984,-4.679519311254573,-13.464000839451945,0.500384365938578,0.4679963186620779,0.956,2.8145562623109036e-274,3.3007513620210018e-161,30.609372960446052,2.0,0.0,0.0,0.21988900000000006,25.84853499101164,10.696880282992748,0.0,0.0,0.0,5.51,4.51,0.451,1000,48.96146689415994,8.918276222902811,9.02,-0.4138177108110725,36073252_24
36160714_0,GAS_COST=2/SEED=12/36160714_0,2.0,12,0.01,inventory,0,15,100,1005,1000,CDM,24.5565655138763,11.799920771427688,25.234650818770774,4.106808310302426,42.86796881336147,-2.427336274027143,-12.350241369351636,-0.3892137752724571,0.30982541411917364,0.973,0.0,1.3482951593962087e-162,24.5565655138763,29.914421,1.530331100545373,0.046296563144578966,0.10117349999999999,13.44940963671174,4.306702486490998,-1.9906157346738227,4.910211059961963,0.644396240959442,8.577,7.577,0.7577,1000,50.60152991375624,10.665572111111327,15.154,-0.22539228876861264,36073252_24
36160714_1,GAS_COST=2/SEED=12/36160714_1,2.0,12,0.01,inventory,50,15,100,1005,1000,DeployNarrow,15.853083515013815,16.956191085381878,13.602949112645433,-8.712122030260673,46.928570278263656,-14.51668028381976,-24.147723319955094,0.5902063636490774,0.6281835443937513,0.853,2.0179327643643057e-138,1.312957613589948e-118,15.853083515013815,2.0,0.0,0.0,2.1089620000000004,36.82742706653936,56.63103662111931,0.0,0.0,0.0,1.0,0.0,0.0,1000,20.097888987877507,4.040975917870004,0.0,-0.2038295549936895,36073252_24
36160714_1,GAS_COST=2/SEED=12/36160714_1,2.0,12,0.01,inventory,50,15,100,1005,1000,DeployWide,12.778933753980283,13.919367309882404,11.961434284768302,-9.371417503759556,37.770858544332846,-15.105149504433719,-23.347849320742046,0.1579411047030017,0.039718924975780556,0.838,9.102629756367264e-135,4.893484319113367e-110,12.778933753980283,30.0,0.0,0.0,2.1089620000000004,36.82742706653936,56.63103662111931,0.0,0.0,0.0,1.0,0.0,0.0,1000,16.685245762715283,3.6849859328057866,0.0,-0.22132607592921472,36073252_24
36160714_1,GAS_COST=2/SEED=12/36160714_1,2.0,12,0.01,inventory,50,15,100,1005,1000,ArrivalRebalance,30.609372960446052,19.342621726104387,29.37027858997544,1.2689570261408507,66.0968112349984,-4.679519311254573,-13.464000839451945,0.500384365938578,0.4679963186620779,0.956,2.8145562623109036e-274,3.3007513620210018e-161,30.609372960446052,2.0,0.0,0.0,0.21988900000000006,25.84853499101164,10.696880282992748,0.0,0.0,0.0,5.51,4.51,0.451,1000,48.96146689415994,8.918276222902811,9.02,-0.4138177108110725,36073252_24
36160714_1,GAS_COST=2/SEED=12/36160714_1,2.0,12,0.01,inventory,50,15,100,1005,1000,CDM,24.5565655138763,11.799920771427688,25.234650818770774,4.106808310302426,42.86796881336147,-2.427336274027143,-12.350241369351636,-0.3892137752724571,0.30982541411917364,0.973,0.0,1.3482951593962087e-162,24.5565655138763,29.914421,1.530331100545373,0.046296563144578966,0.10117349999999999,13.44940963671174,4.306702486490998,-1.9906157346738227,4.910211059961963,0.644396240959442,8.577,7.577,0.7577,1000,50.60152991375624,10.665572111111327,15.154,-0.22539228876861264,36073252_24
36160714_2,GAS_COST=2/SEED=12/36160714_2,2.0,12,0.02,inventory,0,15,100,1005,1000,DeployNarrow,6.477607686199505,17.950551852566374,7.581377161501109,-23.96664213352248,34.81409255433276,-35.36628440504408,-50.708465953253054,-0.29864590423878545,0.9643093515796797,0.73,2.0575071009793284e-28,4.557474664873838e-33,6.477607686199505,2.0,0.0,0.0,4.403665000000001,69.87534397238362,108.28602515580104,0.0,0.0,0.0,1.0,0.0,0.0,1000,14.95097553137955,8.066962979097362,0.0,-0.406404866082683,36073252_26
36160714_2,GAS_COST=2/SEED=12/36160714_2,2.0,12,0.02,inventory,0,15,100,1005,1000,DeployWide,4.09478718770963,16.271817552955877,6.268138593964352,-24.95742360716701,27.8048911655416,-36.48392899469141,-51.603535519010464,-0.7388667337633585,0.9833922200896059,0.689,4.873609609898465e-15,1.7472770175243966e-21,4.09478718770963,30.0,0.0,0.0,4.403665000000001,69.87534397238362,108.28602515580104,0.0,0.0,0.0,1.0,0.0,0.0,1000,12.223730533503973,7.687185265063061,0.0,-0.4417580807312825,36073252_26
36160714_2,GAS_COST=2/SEED=12/36160714_2,2.0,12,0.02,inventory,0,15,100,1005,1000,ArrivalRebalance,7.9542108106550735,20.468076960484634,8.04554329460376,-25.91876936542635,41.71659917191731,-39.10763501601193,-59.241280621473,-0.28426781920580285,0.7413585847173905,0.672,2.1329464550171011e-32,1.6586785104452489e-34,7.9542108106550735,2.0,0.0,0.0,0.6782760000000001,39.306576008267555,16.047503532195407,0.0,0.0,0.0,6.806,5.806,0.5806,1000,40.69666078599231,20.822017744512873,11.612,-0.3084322308243573,36073252_26
36160714_2,GAS_COST=2/SEED=12/36160714_2,2.0,12,0.02,inventory,0,15,100,1005,1000,CDM,-39.33079240042577,50.64273073289341,-26.15777584032037,-135.39859009041567,13.729645117584532,-191.29110076161808,-281.4110959807993,-1.9828179189535695,6.100684951856943,0.176,1.6901169318502788e-104,5.930358451732921e-119,-39.33079240042577,29.533332,3.251946265746878,0.49245512666231855,0.110292,14.773391864330144,4.419248094895329,-2.876108921926836,5.288100168901639,1.8604629990144108,29.551,28.551,2.8550999999999997,1000,53.766239694272095,35.51913915333303,57.102,-0.4758929413648286,36073252_26
36160714_3,GAS_COST=2/SEED=12/36160714_3,2.0,12,0.02,inventory,50,15,100,1005,1000,DeployNarrow,6.477607686199505,17.950551852566374,7.581377161501109,-23.96664213352248,34.81409255433276,-35.36628440504408,-50.708465953253054,-0.29864590423878545,0.9643093515796797,0.73,2.0575071009793284e-28,4.557474664873838e-33,6.477607686199505,2.0,0.0,0.0,4.403665000000001,69.87534397238362,108.28602515580104,0.0,0.0,0.0,1.0,0.0,0.0,1000,14.95097553137955,8.066962979097362,0.0,-0.406404866082683,36073252_26
36160714_3,GAS_COST=2/SEED=12/36160714_3,2.0,12,0.02,inventory,50,15,100,1005,1000,DeployWide,4.09478718770963,16.271817552955877,6.268138593964352,-24.95742360716701,27.8048911655416,-36.48392899469141,-51.603535519010464,-0.7388667337633585,0.9833922200896059,0.689,4.873609609898465e-15,1.7472770175243966e-21,4.09478718770963,30.0,0.0,0.0,4.403665000000001,69.87534397238362,108.28602515580104,0.0,0.0,0.0,1.0,0.0,0.0,1000,12.223730533503973,7.687185265063061,0.0,-0.4417580807312825,36073252_26
36160714_3,GAS_COST=2/SEED=12/36160714_3,2.0,12,0.02,inventory,50,15,100,1005,1000,ArrivalRebalance,7.9542108106550735,20.468076960484634,8.04554329460376,-25.91876936542635,41.71659917191731,-39.10763501601193,-59.241280621473,-0.28426781920580285,0.7413585847173905,0.672,2.1329464550171011e-32,1.6586785104452489e-34,7.9542108106550735,2.0,0.0,0.0,0.6782760000000001,39.306576008267555,16.047503532195407,0.0,0.0,0.0,6.806,5.806,0.5806,1000,40.69666078599231,20.822017744512873,11.612,-0.3084322308243573,36073252_26
36160714_3,GAS_COST=2/SEED=12/36160714_3,2.0,12,0.02,inventory,50,15,100,1005,1000,CDM,-39.33079240042577,50.64273073289341,-26.15777584032037,-135.39859009041567,13.729645117584532,-191.29110076161808,-281.4110959807993,-1.9828179189535695,6.100684951856943,0.176,1.6901169318502788e-104,5.930358451732921e-119,-39.33079240042577,29.533332,3.251946265746878,0.49245512666231855,0.110292,14.773391864330144,4.419248094895329,-2.876108921926836,5.288100168901639,1.8604629990144108,29.551,28.551,2.8550999999999997,1000,53.766239694272095,35.51913915333303,57.102,-0.4758929413648286,36073252_26
36160714_4,GAS_COST=2/SEED=12/36160714_4,2.0,12,0.03,inventory,0,15,100,1005,1000,DeployNarrow,0.0964713179157136,21.608472923836356,4.591528776128712,-39.48090507159393,30.516724477229925,-56.168761744772,-77.51757365376551,-0.9939289254221594,1.4110702917728162,0.639,0.8878117262763568,0.0004431826460404742,0.0964713179157136,2.0,0.0,0.0,6.296102000000001,96.94789970336959,150.87963598766268,0.0,0.0,0.0,1.0,0.0,0.0,1000,12.694181874704732,11.98994608484544,0.0,-0.60776447194358,36073252_28
36160714_4,GAS_COST=2/SEED=12/36160714_4,2.0,12,0.03,inventory,0,15,100,1005,1000,DeployWide,-2.1249120924062783,20.711410886736758,3.508260511740332,-40.699911794290735,23.251087766135786,-57.32995524756137,-78.77373364024155,-1.2065330299070676,1.5971025947457242,0.622,0.0012230019249894906,0.29595422476571565,-2.1249120924062783,30.0,0.0,0.0,6.296102000000001,96.94789970336959,150.87963598766268,0.0,0.0,0.0,1.0,0.0,0.0,1000,10.120122894412997,11.58370050935898,0.0,-0.6613344774602958,36073252_28
36160714_4,GAS_COST=2/SEED=12/36160714_4,2.0,12,0.03,inventory,0,15,100,1005,1000,ArrivalRebalance,-10.637955146642154,26.119650471557517,-6.951198806330183,-54.48687365750829,26.982942469402392,-76.86715457142787,-109.57899863637826,-0.818489455241239,1.6695173594505563,0.367,3.3899341038360466e-35,7.734396534428271e-30,-10.637955146642154,2.0,0.0,0.0,1.0552480000000002,46.16844849656831,21.107091236418533,0.0,0.0,0.0,7.0,6.0,0.6,1000,34.96805478287428,32.5546964405458,12.0,-1.0513134889706421,36073252_28
36160714_4,GAS_COST=2/SEED=12/36160714_4,2.0,12,0.03,inventory,0,15,100,1005,1000,CDM,-3.341656629503986,20.250305824244503,0.0,-41.70806257779816,22.65908810637193,-57.04780737247353,-77.99773849329829,-1.0443350840906989,1.7042676560015781,0.462,2.2257865805073595e-07,0.007270418425179352,-3.341656629503986,1.0006959999999998,0.02199844503595652,0.004438421340972474,-8.544493999999998,96.9485334698569,150.83700636342516,-14.384,0.16404877323527906,0.7397368901620812,1.048,0.048,0.0048,1000,8.652451791979411,11.896580876162732,0.096,-0.0015275453206637243,36073252_28
36160714_5,GAS_COST=2/SEED=12/36160714_5,2.0,12,0.03,inventory,50,15,100,1005,1000,DeployNarrow,0.0964713179157136,21.608472923836356,4.591528776128712,-39.48090507159393,30.516724477229925,-56.168761744772,-77.51757365376551,-0.9939289254221594,1.4110702917728162,0.639,0.8878117262763568,0.0004431826460404742,0.0964713179157136,2.0,0.0,0.0,6.296102000000001,96.94789970336959,150.87963598766268,0.0,0.0,0.0,1.0,0.0,0.0,1000,12.694181874704732,11.98994608484544,0.0,-0.60776447194358,36073252_28
36160714_5,GAS_COST=2/SEED=12/36160714_5,2.0,12,0.03,inventory,50,15,100,1005,1000,DeployWide,-2.1249120924062783,20.711410886736758,3.508260511740332,-40.699911794290735,23.251087766135786,-57.32995524756137,-78.77373364024155,-1.2065330299070676,1.5971025947457242,0.622,0.0012230019249894906,0.29595422476571565,-2.1249120924062783,30.0,0.0,0.0,6.296102000000001,96.94789970336959,150.87963598766268,0.0,0.0,0.0,1.0,0.0,0.0,1000,10.120122894412997,11.58370050935898,0.0,-0.6613344774602958,36073252_28
36160714_5,GAS_COST=2/SEED=12/36160714_5,2.0,12,0.03,inventory,50,15,100,1005,1000,ArrivalRebalance,-10.637955146642154,26.119650471557517,-6.951198806330183,-54.48687365750829,26.982942469402392,-76.86715457142787,-109.57899863637826,-0.818489455241239,1.6695173594505563,0.367,3.3899341038360466e-35,7.734396534428271e-30,-10.637955146642154,2.0,0.0,0.0,1.0552480000000002,46.16844849656831,21.107091236418533,0.0,0.0,0.0,7.0,6.0,0.6,1000,34.96805478287428,32.5546964405458,12.0,-1.0513134889706421,36073252_28
36160714_5,GAS_COST=2/SEED=12/36160714_5,2.0,12,0.03,inventory,50,15,100,1005,1000,CDM,-3.341656629503986,20.250305824244503,0.0,-41.70806257779816,22.65908810637193,-57.04780737247353,-77.99773849329829,-1.0443350840906989,1.7042676560015781,0.462,2.2257865805073595e-07,0.007270418425179352,-3.341656629503986,1.0006959999999998,0.02199844503595652,0.004438421340972474,-8.544493999999998,96.9485334698569,150.83700636342516,-14.384,0.16404877323527906,0.7397368901620812,1.048,0.048,0.0048,1000,8.652451791979411,11.896580876162732,0.096,-0.0015275453206637243,36073252_28
36160714_10,GAS_COST=2/SEED=14/36160714_10,2.0,14,0.03,inventory,0,15,100,1005,1000,DeployNarrow,0.0964713179157136,21.608472923836356,4.591528776128712,-39.48090507159393,30.516724477229925,-56.168761744772,-77.51757365376551,-0.9939289254221594,1.4110702917728162,0.639,0.8878117262763568,0.0004431826460404742,0.0964713179157136,2.0,0.0,0.0,6.296102000000001,96.94789970336959,150.87963598766268,0.0,0.0,0.0,1.0,0.0,0.0,1000,12.694181874704732,11.98994608484544,0.0,-0.60776447194358,36073252_28
36160714_10,GAS_COST=2/SEED=14/36160714_10,2.0,14,0.03,inventory,0,15,100,1005,1000,DeployWide,-2.1249120924062783,20.711410886736758,3.508260511740332,-40.699911794290735,23.251087766135786,-57.32995524756137,-78.77373364024155,-1.2065330299070676,1.5971025947457242,0.622,0.0012230019249894906,0.29595422476571565,-2.1249120924062783,30.0,0.0,0.0,6.296102000000001,96.94789970336959,150.87963598766268,0.0,0.0,0.0,1.0,0.0,0.0,1000,10.120122894412997,11.58370050935898,0.0,-0.6613344774602958,36073252_28
36160714_10,GAS_COST=2/SEED=14/36160714_10,2.0,14,0.03,inventory,0,15,100,1005,1000,ArrivalRebalance,-10.637955146642154,26.119650471557517,-6.951198806330183,-54.48687365750829,26.982942469402392,-76.86715457142787,-109.57899863637826,-0.818489455241239,1.6695173594505563,0.367,3.3899341038360466e-35,7.734396534428271e-30,-10.637955146642154,2.0,0.0,0.0,1.0552480000000002,46.16844849656831,21.107091236418533,0.0,0.0,0.0,7.0,6.0,0.6,1000,34.96805478287428,32.5546964405458,12.0,-1.0513134889706421,36073252_28
36160714_10,GAS_COST=2/SEED=14/36160714_10,2.0,14,0.03,inventory,0,15,100,1005,1000,CDM,-3.341656629503986,20.250305824244503,0.0,-41.70806257779816,22.65908810637193,-57.04780737247353,-77.99773849329829,-1.0443350840906989,1.7042676560015781,0.462,2.2257865805073595e-07,0.007270418425179352,-3.341656629503986,1.0006959999999998,0.02199844503595652,0.004438421340972474,-8.544493999999998,96.9485334698569,150.83700636342516,-14.384,0.16404877323527906,0.7397368901620812,1.048,0.048,0.0048,1000,8.652451791979411,11.896580876162732,0.096,-0.0015275453206637243,36073252_28
36160714_11,GAS_COST=2/SEED=14/36160714_11,2.0,14,0.03,inventory,50,15,100,1005,1000,DeployNarrow,0.0964713179157136,21.608472923836356,4.591528776128712,-39.48090507159393,30.516724477229925,-56.168761744772,-77.51757365376551,-0.9939289254221594,1.4110702917728162,0.639,0.8878117262763568,0.0004431826460404742,0.0964713179157136,2.0,0.0,0.0,6.296102000000001,96.94789970336959,150.87963598766268,0.0,0.0,0.0,1.0,0.0,0.0,1000,12.694181874704732,11.98994608484544,0.0,-0.60776447194358,36073252_28
36160714_11,GAS_COST=2/SEED=14/36160714_11,2.0,14,0.03,inventory,50,15,100,1005,1000,DeployWide,-2.1249120924062783,20.711410886736758,3.508260511740332,-40.699911794290735,23.251087766135786,-57.32995524756137,-78.77373364024155,-1.2065330299070676,1.5971025947457242,0.622,0.0012230019249894906,0.29595422476571565,-2.1249120924062783,30.0,0.0,0.0,6.296102000000001,96.94789970336959,150.87963598766268,0.0,0.0,0.0,1.0,0.0,0.0,1000,10.120122894412997,11.58370050935898,0.0,-0.6613344774602958,36073252_28
36160714_11,GAS_COST=2/SEED=14/36160714_11,2.0,14,0.03,inventory,50,15,100,1005,1000,ArrivalRebalance,-10.637955146642154,26.119650471557517,-6.951198806330183,-54.48687365750829,26.982942469402392,-76.86715457142787,-109.57899863637826,-0.818489455241239,1.6695173594505563,0.367,3.3899341038360466e-35,7.734396534428271e-30,-10.637955146642154,2.0,0.0,0.0,1.0552480000000002,46.16844849656831,21.107091236418533,0.0,0.0,0.0,7.0,6.0,0.6,1000,34.96805478287428,32.5546964405458,12.0,-1.0513134889706421,36073252_28
36160714_11,GAS_COST=2/SEED=14/36160714_11,2.0,14,0.03,inventory,50,15,100,1005,1000,CDM,-3.341656629503986,20.250305824244503,0.0,-41.70806257779816,22.65908810637193,-57.04780737247353,-77.99773849329829,-1.0443350840906989,1.7042676560015781,0.462,2.2257865805073595e-07,0.007270418425179352,-3.341656629503986,1.0006959999999998,0.02199844503595652,0.004438421340972474,-8.544493999999998,96.9485334698569,150.83700636342516,-14.384,0.16404877323527906,0.7397368901620812,1.048,0.048,0.0048,1000,8.652451791979411,11.896580876162732,0.096,-0.0015275453206637243,36073252_28
36160714_6,GAS_COST=2/SEED=14/36160714_6,2.0,14,0.01,inventory,0,15,100,1005,1000,DeployNarrow,15.853083515013815,16.956191085381878,13.602949112645433,-8.712122030260673,46.928570278263656,-14.51668028381976,-24.147723319955094,0.5902063636490774,0.6281835443937513,0.853,2.0179327643643057e-138,1.312957613589948e-118,15.853083515013815,2.0,0.0,0.0,2.1089620000000004,36.82742706653936,56.63103662111931,0.0,0.0,0.0,1.0,0.0,0.0,1000,20.097888987877507,4.040975917870004,0.0,-0.2038295549936895,36073252_24
36160714_6,GAS_COST=2/SEED=14/36160714_6,2.0,14,0.01,inventory,0,15,100,1005,1000,DeployWide,12.778933753980283,13.919367309882404,11.961434284768302,-9.371417503759556,37.770858544332846,-15.105149504433719,-23.347849320742046,0.1579411047030017,0.039718924975780556,0.838,9.102629756367264e-135,4.893484319113367e-110,12.778933753980283,30.0,0.0,0.0,2.1089620000000004,36.82742706653936,56.63103662111931,0.0,0.0,0.0,1.0,0.0,0.0,1000,16.685245762715283,3.6849859328057866,0.0,-0.22132607592921472,36073252_24
36160714_6,GAS_COST=2/SEED=14/36160714_6,2.0,14,0.01,inventory,0,15,100,1005,1000,ArrivalRebalance,30.609372960446052,19.342621726104387,29.37027858997544,1.2689570261408507,66.0968112349984,-4.679519311254573,-13.464000839451945,0.500384365938578,0.4679963186620779,0.956,2.8145562623109036e-274,3.3007513620210018e-161,30.609372960446052,2.0,0.0,0.0,0.21988900000000006,25.84853499101164,10.696880282992748,0.0,0.0,0.0,5.51,4.51,0.451,1000,48.96146689415994,8.918276222902811,9.02,-0.4138177108110725,36073252_24
36160714_6,GAS_COST=2/SEED=14/36160714_6,2.0,14,0.01,inventory,0,15,100,1005,1000,CDM,24.5565655138763,11.799920771427688,25.234650818770774,4.106808310302426,42.86796881336147,-2.427336274027143,-12.350241369351636,-0.3892137752724571,0.30982541411917364,0.973,0.0,1.3482951593962087e-162,24.5565655138763,29.914421,1.530331100545373,0.046296563144578966,0.10117349999999999,13.44940963671174,4.306702486490998,-1.9906157346738227,4.910211059961963,0.644396240959442,8.577,7.577,0.7577,1000,50.60152991375624,10.665572111111327,15.154,-0.22539228876861264,36073252_24
36160714_7,GAS_COST=2/SEED=14/36160714_7,2.0,14,0.01,inventory,50,15,100,1005,1000,DeployNarrow,15.853083515013815,16.956191085381878,13.602949112645433,-8.712122030260673,46.928570278263656,-14.51668028381976,-24.147723319955094,0.5902063636490774,0.6281835443937513,0.853,2.0179327643643057e-138,1.312957613589948e-118,15.853083515013815,2.0,0.0,0.0,2.1089620000000004,36.82742706653936,56.63103662111931,0.0,0.0,0.0,1.0,0.0,0.0,1000,20.097888987877507,4.040975917870004,0.0,-0.2038295549936895,36073252_24
36160714_7,GAS_COST=2/SEED=14/36160714_7,2.0,14,0.01,inventory,50,15,100,1005,1000,DeployWide,12.778933753980283,13.919367309882404,11.961434284768302,-9.371417503759556,37.770858544332846,-15.105149504433719,-23.347849320742046,0.1579411047030017,0.039718924975780556,0.838,9.102629756367264e-135,4.893484319113367e-110,12.778933753980283,30.0,0.0,0.0,2.1089620000000004,36.82742706653936,56.63103662111931,0.0,0.0,0.0,1.0,0.0,0.0,1000,16.685245762715283,3.6849859328057866,0.0,-0.22132607592921472,36073252_24
36160714_7,GAS_COST=2/SEED=14/36160714_7,2.0,14,0.01,inventory,50,15,100,1005,1000,ArrivalRebalance,30.609372960446052,19.342621726104387,29.37027858997544,1.2689570261408507,66.0968112349984,-4.679519311254573,-13.464000839451945,0.500384365938578,0.4679963186620779,0.956,2.8145562623109036e-274,3.3007513620210018e-161,30.609372960446052,2.0,0.0,0.0,0.21988900000000006,25.84853499101164,10.696880282992748,0.0,0.0,0.0,5.51,4.51,0.451,1000,48.96146689415994,8.918276222902811,9.02,-0.4138177108110725,36073252_24
36160714_7,GAS_COST=2/SEED=14/36160714_7,2.0,14,0.01,inventory,50,15,100,1005,1000,CDM,24.5565655138763,11.799920771427688,25.234650818770774,4.106808310302426,42.86796881336147,-2.427336274027143,-12.350241369351636,-0.3892137752724571,0.30982541411917364,0.973,0.0,1.3482951593962087e-162,24.5565655138763,29.914421,1.530331100545373,0.046296563144578966,0.10117349999999999,13.44940963671174,4.306702486490998,-1.9906157346738227,4.910211059961963,0.644396240959442,8.577,7.577,0.7577,1000,50.60152991375624,10.665572111111327,15.154,-0.22539228876861264,36073252_24
36160714_8,GAS_COST=2/SEED=14/36160714_8,2.0,14,0.02,inventory,0,15,100,1005,1000,DeployNarrow,6.477607686199505,17.950551852566374,7.581377161501109,-23.96664213352248,34.81409255433276,-35.36628440504408,-50.708465953253054,-0.29864590423878545,0.9643093515796797,0.73,2.0575071009793284e-28,4.557474664873838e-33,6.477607686199505,2.0,0.0,0.0,4.403665000000001,69.87534397238362,108.28602515580104,0.0,0.0,0.0,1.0,0.0,0.0,1000,14.95097553137955,8.066962979097362,0.0,-0.406404866082683,36073252_26
36160714_8,GAS_COST=2/SEED=14/36160714_8,2.0,14,0.02,inventory,0,15,100,1005,1000,DeployWide,4.09478718770963,16.271817552955877,6.268138593964352,-24.95742360716701,27.8048911655416,-36.48392899469141,-51.603535519010464,-0.7388667337633585,0.9833922200896059,0.689,4.873609609898465e-15,1.7472770175243966e-21,4.09478718770963,30.0,0.0,0.0,4.403665000000001,69.87534397238362,108.28602515580104,0.0,0.0,0.0,1.0,0.0,0.0,1000,12.223730533503973,7.687185265063061,0.0,-0.4417580807312825,36073252_26
36160714_8,GAS_COST=2/SEED=14/36160714_8,2.0,14,0.02,inventory,0,15,100,1005,1000,ArrivalRebalance,7.9542108106550735,20.468076960484634,8.04554329460376,-25.91876936542635,41.71659917191731,-39.10763501601193,-59.241280621473,-0.28426781920580285,0.7413585847173905,0.672,2.1329464550171011e-32,1.6586785104452489e-34,7.9542108106550735,2.0,0.0,0.0,0.6782760000000001,39.306576008267555,16.047503532195407,0.0,0.0,0.0,6.806,5.806,0.5806,1000,40.69666078599231,20.822017744512873,11.612,-0.3084322308243573,36073252_26
36160714_8,GAS_COST=2/SEED=14/36160714_8,2.0,14,0.02,inventory,0,15,100,1005,1000,CDM,-39.33079240042577,50.64273073289341,-26.15777584032037,-135.39859009041567,13.729645117584532,-191.29110076161808,-281.4110959807993,-1.9828179189535695,6.100684951856943,0.176,1.6901169318502788e-104,5.930358451732921e-119,-39.33079240042577,29.533332,3.251946265746878,0.49245512666231855,0.110292,14.773391864330144,4.419248094895329,-2.876108921926836,5.288100168901639,1.8604629990144108,29.551,28.551,2.8550999999999997,1000,53.766239694272095,35.51913915333303,57.102,-0.4758929413648286,36073252_26
36160714_9,GAS_COST=2/SEED=14/36160714_9,2.0,14,0.02,inventory,50,15,100,1005,1000,DeployNarrow,6.477607686199505,17.950551852566374,7.581377161501109,-23.96664213352248,34.81409255433276,-35.36628440504408,-50.708465953253054,-0.29864590423878545,0.9643093515796797,0.73,2.0575071009793284e-28,4.557474664873838e-33,6.477607686199505,2.0,0.0,0.0,4.403665000000001,69.87534397238362,108.28602515580104,0.0,0.0,0.0,1.0,0.0,0.0,1000,14.95097553137955,8.066962979097362,0.0,-0.406404866082683,36073252_26
36160714_9,GAS_COST=2/SEED=14/36160714_9,2.0,14,0.02,inventory,50,15,100,1005,1000,DeployWide,4.09478718770963,16.271817552955877,6.268138593964352,-24.95742360716701,27.8048911655416,-36.48392899469141,-51.603535519010464,-0.7388667337633585,0.9833922200896059,0.689,4.873609609898465e-15,1.7472770175243966e-21,4.09478718770963,30.0,0.0,0.0,4.403665000000001,69.87534397238362,108.28602515580104,0.0,0.0,0.0,1.0,0.0,0.0,1000,12.223730533503973,7.687185265063061,0.0,-0.4417580807312825,36073252_26
36160714_9,GAS_COST=2/SEED=14/36160714_9,2.0,14,0.02,inventory,50,15,100,1005,1000,ArrivalRebalance,7.9542108106550735,20.468076960484634,8.04554329460376,-25.91876936542635,41.71659917191731,-39.10763501601193,-59.241280621473,-0.28426781920580285,0.7413585847173905,0.672,2.1329464550171011e-32,1.6586785104452489e-34,7.9542108106550735,2.0,0.0,0.0,0.6782760000000001,39.306576008267555,16.047503532195407,0.0,0.0,0.0,6.806,5.806,0.5806,1000,40.69666078599231,20.822017744512873,11.612,-0.3084322308243573,36073252_26
36160714_9,GAS_COST=2/SEED=14/36160714_9,2.0,14,0.02,inventory,50,15,100,1005,1000,CDM,-39.33079240042577,50.64273073289341,-26.15777584032037,-135.39859009041567,13.729645117584532,-191.29110076161808,-281.4110959807993,-1.9828179189535695,6.100684951856943,0.176,1.6901169318502788e-104,5.930358451732921e-119,-39.33079240042577,29.533332,3.251946265746878,0.49245512666231855,0.110292,14.773391864330144,4.419248094895329,-2.876108921926836,5.288100168901639,1.8604629990144108,29.551,28.551,2.8550999999999997,1000,53.766239694272095,35.51913915333303,57.102,-0.4758929413648286,36073252_26
36160714_12,GAS_COST=2/SEED=16/36160714_12,2.0,16,0.01,inventory,0,15,100,1005,1000,DeployNarrow,15.853083515013815,16.956191085381878,13.602949112645433,-8.712122030260673,46.928570278263656,-14.51668028381976,-24.147723319955094,0.5902063636490774,0.6281835443937513,0.853,2.0179327643643057e-138,1.312957613589948e-118,15.853083515013815,2.0,0.0,0.0,2.1089620000000004,36.82742706653936,56.63103662111931,0.0,0.0,0.0,1.0,0.0,0.0,1000,20.097888987877507,4.040975917870004,0.0,-0.2038295549936895,36073252_24
36160714_12,GAS_COST=2/SEED=16/36160714_12,2.0,16,0.01,inventory,0,15,100,1005,1000,DeployWide,12.778933753980283,13.919367309882404,11.961434284768302,-9.371417503759556,37.770858544332846,-15.105149504433719,-23.347849320742046,0.1579411047030017,0.039718924975780556,0.838,9.102629756367264e-135,4.893484319113367e-110,12.778933753980283,30.0,0.0,0.0,2.1089620000000004,36.82742706653936,56.63103662111931,0.0,0.0,0.0,1.0,0.0,0.0,1000,16.685245762715283,3.6849859328057866,0.0,-0.22132607592921472,36073252_24
36160714_12,GAS_COST=2/SEED=16/36160714_12,2.0,16,0.01,inventory,0,15,100,1005,1000,ArrivalRebalance,30.609372960446052,19.342621726104387,29.37027858997544,1.2689570261408507,66.0968112349984,-4.679519311254573,-13.464000839451945,0.500384365938578,0.4679963186620779,0.956,2.8145562623109036e-274,3.3007513620210018e-161,30.609372960446052,2.0,0.0,0.0,0.21988900000000006,25.84853499101164,10.696880282992748,0.0,0.0,0.0,5.51,4.51,0.451,1000,48.96146689415994,8.918276222902811,9.02,-0.4138177108110725,36073252_24
36160714_12,GAS_COST=2/SEED=16/36160714_12,2.0,16,0.01,inventory,0,15,100,1005,1000,CDM,24.5565655138763,11.799920771427688,25.234650818770774,4.106808310302426,42.86796881336147,-2.427336274027143,-12.350241369351636,-0.3892137752724571,0.30982541411917364,0.973,0.0,1.3482951593962087e-162,24.5565655138763,29.914421,1.530331100545373,0.046296563144578966,0.10117349999999999,13.44940963671174,4.306702486490998,-1.9906157346738227,4.910211059961963,0.644396240959442,8.577,7.577,0.7577,1000,50.60152991375624,10.665572111111327,15.154,-0.22539228876861264,36073252_24
36160714_13,GAS_COST=2/SEED=16/36160714_13,2.0,16,0.01,inventory,50,15,100,1005,1000,DeployNarrow,15.853083515013815,16.956191085381878,13.602949112645433,-8.712122030260673,46.928570278263656,-14.51668028381976,-24.147723319955094,0.5902063636490774,0.6281835443937513,0.853,2.0179327643643057e-138,1.312957613589948e-118,15.853083515013815,2.0,0.0,0.0,2.1089620000000004,36.82742706653936,56.63103662111931,0.0,0.0,0.0,1.0,0.0,0.0,1000,20.097888987877507,4.040975917870004,0.0,-0.2038295549936895,36073252_24
36160714_13,GAS_COST=2/SEED=16/36160714_13,2.0,16,0.01,inventory,50,15,100,1005,1000,DeployWide,12.778933753980283,13.919367309882404,11.961434284768302,-9.371417503759556,37.770858544332846,-15.105149504433719,-23.347849320742046,0.1579411047030017,0.039718924975780556,0.838,9.102629756367264e-135,4.893484319113367e-110,12.778933753980283,30.0,0.0,0.0,2.1089620000000004,36.82742706653936,56.63103662111931,0.0,0.0,0.0,1.0,0.0,0.0,1000,16.685245762715283,3.6849859328057866,0.0,-0.22132607592921472,36073252_24
36160714_13,GAS_COST=2/SEED=16/36160714_13,2.0,16,0.01,inventory,50,15,100,1005,1000,ArrivalRebalance,30.609372960446052,19.342621726104387,29.37027858997544,1.2689570261408507,66.0968112349984,-4.679519311254573,-13.464000839451945,0.500384365938578,0.4679963186620779,0.956,2.8145562623109036e-274,3.3007513620210018e-161,30.609372960446052,2.0,0.0,0.0,0.21988900000000006,25.84853499101164,10.696880282992748,0.0,0.0,0.0,5.51,4.51,0.451,1000,48.96146689415994,8.918276222902811,9.02,-0.4138177108110725,36073252_24
36160714_13,GAS_COST=2/SEED=16/36160714_13,2.0,16,0.01,inventory,50,15,100,1005,1000,CDM,24.5565655138763,11.799920771427688,25.234650818770774,4.106808310302426,42.86796881336147,-2.427336274027143,-12.350241369351636,-0.3892137752724571,0.30982541411917364,0.973,0.0,1.3482951593962087e-162,24.5565655138763,29.914421,1.530331100545373,0.046296563144578966,0.10117349999999999,13.44940963671174,4.306702486490998,-1.9906157346738227,4.910211059961963,0.644396240959442,8.577,7.577,0.7577,1000,50.60152991375624,10.665572111111327,15.154,-0.22539228876861264,36073252_24
36160714_14,GAS_COST=2/SEED=16/36160714_14,2.0,16,0.02,inventory,0,15,100,1005,1000,DeployNarrow,6.477607686199505,17.950551852566374,7.581377161501109,-23.96664213352248,34.81409255433276,-35.36628440504408,-50.708465953253054,-0.29864590423878545,0.9643093515796797,0.73,2.0575071009793284e-28,4.557474664873838e-33,6.477607686199505,2.0,0.0,0.0,4.403665000000001,69.87534397238362,108.28602515580104,0.0,0.0,0.0,1.0,0.0,0.0,1000,14.95097553137955,8.066962979097362,0.0,-0.406404866082683,36073252_26
36160714_14,GAS_COST=2/SEED=16/36160714_14,2.0,16,0.02,inventory,0,15,100,1005,1000,DeployWide,4.09478718770963,16.271817552955877,6.268138593964352,-24.95742360716701,27.8048911655416,-36.48392899469141,-51.603535519010464,-0.7388667337633585,0.9833922200896059,0.689,4.873609609898465e-15,1.7472770175243966e-21,4.09478718770963,30.0,0.0,0.0,4.403665000000001,69.87534397238362,108.28602515580104,0.0,0.0,0.0,1.0,0.0,0.0,1000,12.223730533503973,7.687185265063061,0.0,-0.4417580807312825,36073252_26
36160714_14,GAS_COST=2/SEED=16/36160714_14,2.0,16,0.02,inventory,0,15,100,1005,1000,ArrivalRebalance,7.9542108106550735,20.468076960484634,8.04554329460376,-25.91876936542635,41.71659917191731,-39.10763501601193,-59.241280621473,-0.28426781920580285,0.7413585847173905,0.672,2.1329464550171011e-32,1.6586785104452489e-34,7.9542108106550735,2.0,0.0,0.0,0.6782760000000001,39.306576008267555,16.047503532195407,0.0,0.0,0.0,6.806,5.806,0.5806,1000,40.69666078599231,20.822017744512873,11.612,-0.3084322308243573,36073252_26
36160714_14,GAS_COST=2/SEED=16/36160714_14,2.0,16,0.02,inventory,0,15,100,1005,1000,CDM,-39.33079240042577,50.64273073289341,-26.15777584032037,-135.39859009041567,13.729645117584532,-191.29110076161808,-281.4110959807993,-1.9828179189535695,6.100684951856943,0.176,1.6901169318502788e-104,5.930358451732921e-119,-39.33079240042577,29.533332,3.251946265746878,0.49245512666231855,0.110292,14.773391864330144,4.419248094895329,-2.876108921926836,5.288100168901639,1.8604629990144108,29.551,28.551,2.8550999999999997,1000,53.766239694272095,35.51913915333303,57.102,-0.4758929413648286,36073252_26
36160714_15,GAS_COST=2/SEED=16/36160714_15,2.0,16,0.02,inventory,50,15,100,1005,1000,DeployNarrow,6.477607686199505,17.950551852566374,7.581377161501109,-23.96664213352248,34.81409255433276,-35.36628440504408,-50.708465953253054,-0.29864590423878545,0.9643093515796797,0.73,2.0575071009793284e-28,4.557474664873838e-33,6.477607686199505,2.0,0.0,0.0,4.403665000000001,69.87534397238362,108.28602515580104,0.0,0.0,0.0,1.0,0.0,0.0,1000,14.95097553137955,8.066962979097362,0.0,-0.406404866082683,36073252_26
36160714_15,GAS_COST=2/SEED=16/36160714_15,2.0,16,0.02,inventory,50,15,100,1005,1000,DeployWide,4.09478718770963,16.271817552955877,6.268138593964352,-24.95742360716701,27.8048911655416,-36.48392899469141,-51.603535519010464,-0.7388667337633585,0.9833922200896059,0.689,4.873609609898465e-15,1.7472770175243966e-21,4.09478718770963,30.0,0.0,0.0,4.403665000000001,69.87534397238362,108.28602515580104,0.0,0.0,0.0,1.0,0.0,0.0,1000,12.223730533503973,7.687185265063061,0.0,-0.4417580807312825,36073252_26
36160714_15,GAS_COST=2/SEED=16/36160714_15,2.0,16,0.02,inventory,50,15,100,1005,1000,ArrivalRebalance,7.9542108106550735,20.468076960484634,8.04554329460376,-25.91876936542635,41.71659917191731,-39.10763501601193,-59.241280621473,-0.28426781920580285,0.7413585847173905,0.672,2.1329464550171011e-32,1.6586785104452489e-34,7.9542108106550735,2.0,0.0,0.0,0.6782760000000001,39.306576008267555,16.047503532195407,0.0,0.0,0.0,6.806,5.806,0.5806,1000,40.69666078599231,20.822017744512873,11.612,-0.3084322308243573,36073252_26
36160714_15,GAS_COST=2/SEED=16/36160714_15,2.0,16,0.02,inventory,50,15,100,1005,1000,CDM,-39.33079240042577,50.64273073289341,-26.15777584032037,-135.39859009041567,13.729645117584532,-191.29110076161808,-281.4110959807993,-1.9828179189535695,6.100684951856943,0.176,1.6901169318502788e-104,5.930358451732921e-119,-39.33079240042577,29.533332,3.251946265746878,0.49245512666231855,0.110292,14.773391864330144,4.419248094895329,-2.876108921926836,5.288100168901639,1.8604629990144108,29.551,28.551,2.8550999999999997,1000,53.766239694272095,35.51913915333303,57.102,-0.4758929413648286,36073252_26
36160714_16,GAS_COST=2/SEED=16/36160714_16,2.0,16,0.03,inventory,0,15,100,1005,1000,DeployNarrow,0.0964713179157136,21.608472923836356,4.591528776128712,-39.48090507159393,30.516724477229925,-56.168761744772,-77.51757365376551,-0.9939289254221594,1.4110702917728162,0.639,0.8878117262763568,0.0004431826460404742,0.0964713179157136,2.0,0.0,0.0,6.296102000000001,96.94789970336959,150.87963598766268,0.0,0.0,0.0,1.0,0.0,0.0,1000,12.694181874704732,11.98994608484544,0.0,-0.60776447194358,36073252_28
36160714_16,GAS_COST=2/SEED=16/36160714_16,2.0,16,0.03,inventory,0,15,100,1005,1000,DeployWide,-2.1249120924062783,20.711410886736758,3.508260511740332,-40.699911794290735,23.251087766135786,-57.32995524756137,-78.77373364024155,-1.2065330299070676,1.5971025947457242,0.622,0.0012230019249894906,0.29595422476571565,-2.1249120924062783,30.0,0.0,0.0,6.296102000000001,96.94789970336959,150.87963598766268,0.0,0.0,0.0,1.0,0.0,0.0,1000,10.120122894412997,11.58370050935898,0.0,-0.6613344774602958,36073252_28
36160714_16,GAS_COST=2/SEED=16/36160714_16,2.0,16,0.03,inventory,0,15,100,1005,1000,ArrivalRebalance,-10.637955146642154,26.119650471557517,-6.951198806330183,-54.48687365750829,26.982942469402392,-76.86715457142787,-109.57899863637826,-0.818489455241239,1.6695173594505563,0.367,3.3899341038360466e-35,7.734396534428271e-30,-10.637955146642154,2.0,0.0,0.0,1.0552480000000002,46.16844849656831,21.107091236418533,0.0,0.0,0.0,7.0,6.0,0.6,1000,34.96805478287428,32.5546964405458,12.0,-1.0513134889706421,36073252_28
36160714_16,GAS_COST=2/SEED=16/36160714_16,2.0,16,0.03,inventory,0,15,100,1005,1000,CDM,-3.341656629503986,20.250305824244503,0.0,-41.70806257779816,22.65908810637193,-57.04780737247353,-77.99773849329829,-1.0443350840906989,1.7042676560015781,0.462,2.2257865805073595e-07,0.007270418425179352,-3.341656629503986,1.0006959999999998,0.02199844503595652,0.004438421340972474,-8.544493999999998,96.9485334698569,150.83700636342516,-14.384,0.16404877323527906,0.7397368901620812,1.048,0.048,0.0048,1000,8.652451791979411,11.896580876162732,0.096,-0.0015275453206637243,36073252_28
36160714_17,GAS_COST=2/SEED=16/36160714_17,2.0,16,0.03,inventory,50,15,100,1005,1000,DeployNarrow,0.0964713179157136,21.608472923836356,4.591528776128712,-39.48090507159393,30.516724477229925,-56.168761744772,-77.51757365376551,-0.9939289254221594,1.4110702917728162,0.639,0.8878117262763568,0.0004431826460404742,0.0964713179157136,2.0,0.0,0.0,6.296102000000001,96.94789970336959,150.87963598766268,0.0,0.0,0.0,1.0,0.0,0.0,1000,12.694181874704732,11.98994608484544,0.0,-0.60776447194358,36073252_28
36160714_17,GAS_COST=2/SEED=16/36160714_17,2.0,16,0.03,inventory,50,15,100,1005,1000,DeployWide,-2.1249120924062783,20.711410886736758,3.508260511740332,-40.699911794290735,23.251087766135786,-57.32995524756137,-78.77373364024155,-1.2065330299070676,1.5971025947457242,0.622,0.0012230019249894906,0.29595422476571565,-2.1249120924062783,30.0,0.0,0.0,6.296102000000001,96.94789970336959,150.87963598766268,0.0,0.0,0.0,1.0,0.0,0.0,1000,10.120122894412997,11.58370050935898,0.0,-0.6613344774602958,36073252_28
36160714_17,GAS_COST=2/SEED=16/36160714_17,2.0,16,0.03,inventory,50,15,100,1005,1000,ArrivalRebalance,-10.637955146642154,26.119650471557517,-6.951198806330183,-54.48687365750829,26.982942469402392,-76.86715457142787,-109.57899863637826,-0.818489455241239,1.6695173594505563,0.367,3.3899341038360466e-35,7.734396534428271e-30,-10.637955146642154,2.0,0.0,0.0,1.0552480000000002,46.16844849656831,21.107091236418533,0.0,0.0,0.0,7.0,6.0,0.6,1000,34.96805478287428,32.5546964405458,12.0,-1.0513134889706421,36073252_28
36160714_17,GAS_COST=2/SEED=16/36160714_17,2.0,16,0.03,inventory,50,15,100,1005,1000,CDM,-3.341656629503986,20.250305824244503,0.0,-41.70806257779816,22.65908810637193,-57.04780737247353,-77.99773849329829,-1.0443350840906989,1.7042676560015781,0.462,2.2257865805073595e-07,0.007270418425179352,-3.341656629503986,1.0006959999999998,0.02199844503595652,0.004438421340972474,-8.544493999999998,96.9485334698569,150.83700636342516,-14.384,0.16404877323527906,0.7397368901620812,1.048,0.048,0.0048,1000,8.652451791979411,11.896580876162732,0.096,-0.0015275453206637243,36073252_28
36160714_18,GAS_COST=2/SEED=18/36160714_18,2.0,18,0.01,inventory,0,15,100,1005,1000,DeployNarrow,15.853083515013815,16.956191085381878,13.602949112645433,-8.712122030260673,46.928570278263656,-14.51668028381976,-24.147723319955094,0.5902063636490774,0.6281835443937513,0.853,2.0179327643643057e-138,1.312957613589948e-118,15.853083515013815,2.0,0.0,0.0,2.1089620000000004,36.82742706653936,56.63103662111931,0.0,0.0,0.0,1.0,0.0,0.0,1000,20.097888987877507,4.040975917870004,0.0,-0.2038295549936895,36073252_24
36160714_18,GAS_COST=2/SEED=18/36160714_18,2.0,18,0.01,inventory,0,15,100,1005,1000,DeployWide,12.778933753980283,13.919367309882404,11.961434284768302,-9.371417503759556,37.770858544332846,-15.105149504433719,-23.347849320742046,0.1579411047030017,0.039718924975780556,0.838,9.102629756367264e-135,4.893484319113367e-110,12.778933753980283,30.0,0.0,0.0,2.1089620000000004,36.82742706653936,56.63103662111931,0.0,0.0,0.0,1.0,0.0,0.0,1000,16.685245762715283,3.6849859328057866,0.0,-0.22132607592921472,36073252_24
36160714_18,GAS_COST=2/SEED=18/36160714_18,2.0,18,0.01,inventory,0,15,100,1005,1000,ArrivalRebalance,30.609372960446052,19.342621726104387,29.37027858997544,1.2689570261408507,66.0968112349984,-4.679519311254573,-13.464000839451945,0.500384365938578,0.4679963186620779,0.956,2.8145562623109036e-274,3.3007513620210018e-161,30.609372960446052,2.0,0.0,0.0,0.21988900000000006,25.84853499101164,10.696880282992748,0.0,0.0,0.0,5.51,4.51,0.451,1000,48.96146689415994,8.918276222902811,9.02,-0.4138177108110725,36073252_24
36160714_18,GAS_COST=2/SEED=18/36160714_18,2.0,18,0.01,inventory,0,15,100,1005,1000,CDM,24.5565655138763,11.799920771427688,25.234650818770774,4.106808310302426,42.86796881336147,-2.427336274027143,-12.350241369351636,-0.3892137752724571,0.30982541411917364,0.973,0.0,1.3482951593962087e-162,24.5565655138763,29.914421,1.530331100545373,0.046296563144578966,0.10117349999999999,13.44940963671174,4.306702486490998,-1.9906157346738227,4.910211059961963,0.644396240959442,8.577,7.577,0.7577,1000,50.60152991375624,10.665572111111327,15.154,-0.22539228876861264,36073252_24
36160714_19,GAS_COST=2/SEED=18/36160714_19,2.0,18,0.01,inventory,50,15,100,1005,1000,DeployNarrow,15.853083515013815,16.956191085381878,13.602949112645433,-8.712122030260673,46.928570278263656,-14.51668028381976,-24.147723319955094,0.5902063636490774,0.6281835443937513,0.853,2.0179327643643057e-138,1.312957613589948e-118,15.853083515013815,2.0,0.0,0.0,2.1089620000000004,36.82742706653936,56.63103662111931,0.0,0.0,0.0,1.0,0.0,0.0,1000,20.097888987877507,4.040975917870004,0.0,-0.2038295549936895,36073252_24
36160714_19,GAS_COST=2/SEED=18/36160714_19,2.0,18,0.01,inventory,50,15,100,1005,1000,DeployWide,12.778933753980283,13.919367309882404,11.961434284768302,-9.371417503759556,37.770858544332846,-15.105149504433719,-23.347849320742046,0.1579411047030017,0.039718924975780556,0.838,9.102629756367264e-135,4.893484319113367e-110,12.778933753980283,30.0,0.0,0.0,2.1089620000000004,36.82742706653936,56.63103662111931,0.0,0.0,0.0,1.0,0.0,0.0,1000,16.685245762715283,3.6849859328057866,0.0,-0.22132607592921472,36073252_24
36160714_19,GAS_COST=2/SEED=18/36160714_19,2.0,18,0.01,inventory,50,15,100,1005,1000,ArrivalRebalance,30.609372960446052,19.342621726104387,29.37027858997544,1.2689570261408507,66.0968112349984,-4.679519311254573,-13.464000839451945,0.500384365938578,0.4679963186620779,0.956,2.8145562623109036e-274,3.3007513620210018e-161,30.609372960446052,2.0,0.0,0.0,0.21988900000000006,25.84853499101164,10.696880282992748,0.0,0.0,0.0,5.51,4.51,0.451,1000,48.96146689415994,8.918276222902811,9.02,-0.4138177108110725,36073252_24
36160714_19,GAS_COST=2/SEED=18/36160714_19,2.0,18,0.01,inventory,50,15,100,1005,1000,CDM,24.5565655138763,11.799920771427688,25.234650818770774,4.106808310302426,42.86796881336147,-2.427336274027143,-12.350241369351636,-0.3892137752724571,0.30982541411917364,0.973,0.0,1.3482951593962087e-162,24.5565655138763,29.914421,1.530331100545373,0.046296563144578966,0.10117349999999999,13.44940963671174,4.306702486490998,-1.9906157346738227,4.910211059961963,0.644396240959442,8.577,7.577,0.7577,1000,50.60152991375624,10.665572111111327,15.154,-0.22539228876861264,36073252_24
36160714_20,GAS_COST=2/SEED=18/36160714_20,2.0,18,0.02,inventory,0,15,100,1005,1000,DeployNarrow,6.477607686199505,17.950551852566374,7.581377161501109,-23.96664213352248,34.81409255433276,-35.36628440504408,-50.708465953253054,-0.29864590423878545,0.9643093515796797,0.73,2.0575071009793284e-28,4.557474664873838e-33,6.477607686199505,2.0,0.0,0.0,4.403665000000001,69.87534397238362,108.28602515580104,0.0,0.0,0.0,1.0,0.0,0.0,1000,14.95097553137955,8.066962979097362,0.0,-0.406404866082683,36073252_26
36160714_20,GAS_COST=2/SEED=18/36160714_20,2.0,18,0.02,inventory,0,15,100,1005,1000,DeployWide,4.09478718770963,16.271817552955877,6.268138593964352,-24.95742360716701,27.8048911655416,-36.48392899469141,-51.603535519010464,-0.7388667337633585,0.9833922200896059,0.689,4.873609609898465e-15,1.7472770175243966e-21,4.09478718770963,30.0,0.0,0.0,4.403665000000001,69.87534397238362,108.28602515580104,0.0,0.0,0.0,1.0,0.0,0.0,1000,12.223730533503973,7.687185265063061,0.0,-0.4417580807312825,36073252_26
36160714_20,GAS_COST=2/SEED=18/36160714_20,2.0,18,0.02,inventory,0,15,100,1005,1000,ArrivalRebalance,7.9542108106550735,20.468076960484634,8.04554329460376,-25.91876936542635,41.71659917191731,-39.10763501601193,-59.241280621473,-0.28426781920580285,0.7413585847173905,0.672,2.1329464550171011e-32,1.6586785104452489e-34,7.9542108106550735,2.0,0.0,0.0,0.6782760000000001,39.306576008267555,16.047503532195407,0.0,0.0,0.0,6.806,5.806,0.5806,1000,40.69666078599231,20.822017744512873,11.612,-0.3084322308243573,36073252_26
36160714_20,GAS_COST=2/SEED=18/36160714_20,2.0,18,0.02,inventory,0,15,100,1005,1000,CDM,-39.33079240042577,50.64273073289341,-26.15777584032037,-135.39859009041567,13.729645117584532,-191.29110076161808,-281.4110959807993,-1.9828179189535695,6.100684951856943,0.176,1.6901169318502788e-104,5.930358451732921e-119,-39.33079240042577,29.533332,3.251946265746878,0.49245512666231855,0.110292,14.773391864330144,4.419248094895329,-2.876108921926836,5.288100168901639,1.8604629990144108,29.551,28.551,2.8550999999999997,1000,53.766239694272095,35.51913915333303,57.102,-0.4758929413648286,36073252_26
36160714_21,GAS_COST=2/SEED=18/36160714_21,2.0,18,0.02,inventory,50,15,100,1005,1000,DeployNarrow,6.477607686199505,17.950551852566374,7.581377161501109,-23.96664213352248,34.81409255433276,-35.36628440504408,-50.708465953253054,-0.29864590423878545,0.9643093515796797,0.73,2.0575071009793284e-28,4.557474664873838e-33,6.477607686199505,2.0,0.0,0.0,4.403665000000001,69.87534397238362,108.28602515580104,0.0,0.0,0.0,1.0,0.0,0.0,1000,14.95097553137955,8.066962979097362,0.0,-0.406404866082683,36073252_26
36160714_21,GAS_COST=2/SEED=18/36160714_21,2.0,18,0.02,inventory,50,15,100,1005,1000,DeployWide,4.09478718770963,16.271817552955877,6.268138593964352,-24.95742360716701,27.8048911655416,-36.48392899469141,-51.603535519010464,-0.7388667337633585,0.9833922200896059,0.689,4.873609609898465e-15,1.7472770175243966e-21,4.09478718770963,30.0,0.0,0.0,4.403665000000001,69.87534397238362,108.28602515580104,0.0,0.0,0.0,1.0,0.0,0.0,1000,12.223730533503973,7.687185265063061,0.0,-0.4417580807312825,36073252_26
36160714_21,GAS_COST=2/SEED=18/36160714_21,2.0,18,0.02,inventory,50,15,100,1005,1000,ArrivalRebalance,7.9542108106550735,20.468076960484634,8.04554329460376,-25.91876936542635,41.71659917191731,-39.10763501601193,-59.241280621473,-0.28426781920580285,0.7413585847173905,0.672,2.1329464550171011e-32,1.6586785104452489e-34,7.9542108106550735,2.0,0.0,0.0,0.6782760000000001,39.306576008267555,16.047503532195407,0.0,0.0,0.0,6.806,5.806,0.5806,1000,40.69666078599231,20.822017744512873,11.612,-0.3084322308243573,36073252_26
36160714_21,GAS_COST=2/SEED=18/36160714_21,2.0,18,0.02,inventory,50,15,100,1005,1000,CDM,-39.33079240042577,50.64273073289341,-26.15777584032037,-135.39859009041567,13.729645117584532,-191.29110076161808,-281.4110959807993,-1.9828179189535695,6.100684951856943,0.176,1.6901169318502788e-104,5.930358451732921e-119,-39.33079240042577,29.533332,3.251946265746878,0.49245512666231855,0.110292,14.773391864330144,4.419248094895329,-2.876108921926836,5.288100168901639,1.8604629990144108,29.551,28.551,2.8550999999999997,1000,53.766239694272095,35.51913915333303,57.102,-0.4758929413648286,36073252_26
36160714_22,GAS_COST=2/SEED=18/36160714_22,2.0,18,0.03,inventory,0,15,100,1005,1000,DeployNarrow,0.0964713179157136,21.608472923836356,4.591528776128712,-39.48090507159393,30.516724477229925,-56.168761744772,-77.51757365376551,-0.9939289254221594,1.4110702917728162,0.639,0.8878117262763568,0.0004431826460404742,0.0964713179157136,2.0,0.0,0.0,6.296102000000001,96.94789970336959,150.87963598766268,0.0,0.0,0.0,1.0,0.0,0.0,1000,12.694181874704732,11.98994608484544,0.0,-0.60776447194358,36073252_28
36160714_22,GAS_COST=2/SEED=18/36160714_22,2.0,18,0.03,inventory,0,15,100,1005,1000,DeployWide,-2.1249120924062783,20.711410886736758,3.508260511740332,-40.699911794290735,23.251087766135786,-57.32995524756137,-78.77373364024155,-1.2065330299070676,1.5971025947457242,0.622,0.0012230019249894906,0.29595422476571565,-2.1249120924062783,30.0,0.0,0.0,6.296102000000001,96.94789970336959,150.87963598766268,0.0,0.0,0.0,1.0,0.0,0.0,1000,10.120122894412997,11.58370050935898,0.0,-0.6613344774602958,36073252_28
36160714_22,GAS_COST=2/SEED=18/36160714_22,2.0,18,0.03,inventory,0,15,100,1005,1000,ArrivalRebalance,-10.637955146642154,26.119650471557517,-6.951198806330183,-54.48687365750829,26.982942469402392,-76.86715457142787,-109.57899863637826,-0.818489455241239,1.6695173594505563,0.367,3.3899341038360466e-35,7.734396534428271e-30,-10.637955146642154,2.0,0.0,0.0,1.0552480000000002,46.16844849656831,21.107091236418533,0.0,0.0,0.0,7.0,6.0,0.6,1000,34.96805478287428,32.5546964405458,12.0,-1.0513134889706421,36073252_28
36160714_22,GAS_COST=2/SEED=18/36160714_22,2.0,18,0.03,inventory,0,15,100,1005,1000,CDM,-3.341656629503986,20.250305824244503,0.0,-41.70806257779816,22.65908810637193,-57.04780737247353,-77.99773849329829,-1.0443350840906989,1.7042676560015781,0.462,2.2257865805073595e-07,0.007270418425179352,-3.341656629503986,1.0006959999999998,0.02199844503595652,0.004438421340972474,-8.544493999999998,96.9485334698569,150.83700636342516,-14.384,0.16404877323527906,0.7397368901620812,1.048,0.048,0.0048,1000,8.652451791979411,11.896580876162732,0.096,-0.0015275453206637243,36073252_28
36160714_23,GAS_COST=2/SEED=18/36160714_23,2.0,18,0.03,inventory,50,15,100,1005,1000,DeployNarrow,0.0964713179157136,21.608472923836356,4.591528776128712,-39.48090507159393,30.516724477229925,-56.168761744772,-77.51757365376551,-0.9939289254221594,1.4110702917728162,0.639,0.8878117262763568,0.0004431826460404742,0.0964713179157136,2.0,0.0,0.0,6.296102000000001,96.94789970336959,150.87963598766268,0.0,0.0,0.0,1.0,0.0,0.0,1000,12.694181874704732,11.98994608484544,0.0,-0.60776447194358,36073252_28
36160714_23,GAS_COST=2/SEED=18/36160714_23,2.0,18,0.03,inventory,50,15,100,1005,1000,DeployWide,-2.1249120924062783,20.711410886736758,3.508260511740332,-40.699911794290735,23.251087766135786,-57.32995524756137,-78.77373364024155,-1.2065330299070676,1.5971025947457242,0.622,0.0012230019249894906,0.29595422476571565,-2.1249120924062783,30.0,0.0,0.0,6.296102000000001,96.94789970336959,150.87963598766268,0.0,0.0,0.0,1.0,0.0,0.0,1000,10.120122894412997,11.58370050935898,0.0,-0.6613344774602958,36073252_28
36160714_23,GAS_COST=2/SEED=18/36160714_23,2.0,18,0.03,inventory,50,15,100,1005,1000,ArrivalRebalance,-10.637955146642154,26.119650471557517,-6.951198806330183,-54.48687365750829,26.982942469402392,-76.86715457142787,-109.57899863637826,-0.818489455241239,1.6695173594505563,0.367,3.3899341038360466e-35,7.734396534428271e-30,-10.637955146642154,2.0,0.0,0.0,1.0552480000000002,46.16844849656831,21.107091236418533,0.0,0.0,0.0,7.0,6.0,0.6,1000,34.96805478287428,32.5546964405458,12.0,-1.0513134889706421,36073252_28
36160714_23,GAS_COST=2/SEED=18/36160714_23,2.0,18,0.03,inventory,50,15,100,1005,1000,CDM,-3.341656629503986,20.250305824244503,0.0,-41.70806257779816,22.65908810637193,-57.04780737247353,-77.99773849329829,-1.0443350840906989,1.7042676560015781,0.462,2.2257865805073595e-07,0.007270418425179352,-3.341656629503986,1.0006959999999998,0.02199844503595652,0.004438421340972474,-8.544493999999998,96.9485334698569,150.83700636342516,-14.384,0.16404877323527906,0.7397368901620812,1.048,0.048,0.0048,1000,8.652451791979411,11.896580876162732,0.096,-0.0015275453206637243,36073252_28
36073252_0,GAS_COST=2/SEED=2/36073252_0,2.0,2,0.01,inventory,0,15,100,1005,1000,DeployNarrow,15.853083515013815,16.956191085381878,13.602949112645433,-8.712122030260673,46.928570278263656,-14.51668028381976,-24.147723319955094,0.5902063636490774,0.6281835443937513,0.853,2.0179327643643057e-138,1.312957613589948e-118,15.853083515013815,2.0,0.0,0.0,2.1089620000000004,36.82742706653936,56.63103662111931,0.0,0.0,0.0,1.0,0.0,0.0,1000,20.097888987877507,4.040975917870004,0.0,-0.2038295549936895,36073252_24
36073252_0,GAS_COST=2/SEED=2/36073252_0,2.0,2,0.01,inventory,0,15,100,1005,1000,DeployWide,12.778933753980283,13.919367309882404,11.961434284768302,-9.371417503759556,37.770858544332846,-15.105149504433719,-23.347849320742046,0.1579411047030017,0.039718924975780556,0.838,9.102629756367264e-135,4.893484319113367e-110,12.778933753980283,30.0,0.0,0.0,2.1089620000000004,36.82742706653936,56.63103662111931,0.0,0.0,0.0,1.0,0.0,0.0,1000,16.685245762715283,3.6849859328057866,0.0,-0.22132607592921472,36073252_24
36073252_0,GAS_COST=2/SEED=2/36073252_0,2.0,2,0.01,inventory,0,15,100,1005,1000,ArrivalRebalance,30.609372960446052,19.342621726104387,29.37027858997544,1.2689570261408507,66.0968112349984,-4.679519311254573,-13.464000839451945,0.500384365938578,0.4679963186620779,0.956,2.8145562623109036e-274,3.3007513620210018e-161,30.609372960446052,2.0,0.0,0.0,0.21988900000000006,25.84853499101164,10.696880282992748,0.0,0.0,0.0,5.51,4.51,0.451,1000,48.96146689415994,8.918276222902811,9.02,-0.4138177108110725,36073252_24
36073252_0,GAS_COST=2/SEED=2/36073252_0,2.0,2,0.01,inventory,0,15,100,1005,1000,CDM,24.5565655138763,11.799920771427688,25.234650818770774,4.106808310302426,42.86796881336147,-2.427336274027143,-12.350241369351636,-0.3892137752724571,0.30982541411917364,0.973,0.0,1.3482951593962087e-162,24.5565655138763,29.914421,1.530331100545373,0.046296563144578966,0.10117349999999999,13.44940963671174,4.306702486490998,-1.9906157346738227,4.910211059961963,0.644396240959442,8.577,7.577,0.7577,1000,50.60152991375624,10.665572111111327,15.154,-0.22539228876861264,36073252_24
36073252_1,GAS_COST=2/SEED=2/36073252_1,2.0,2,0.01,inventory,50,15,100,1005,1000,DeployNarrow,15.853083515013815,16.956191085381878,13.602949112645433,-8.712122030260673,46.928570278263656,-14.51668028381976,-24.147723319955094,0.5902063636490774,0.6281835443937513,0.853,2.0179327643643057e-138,1.312957613589948e-118,15.853083515013815,2.0,0.0,0.0,2.1089620000000004,36.82742706653936,56.63103662111931,0.0,0.0,0.0,1.0,0.0,0.0,1000,20.097888987877507,4.040975917870004,0.0,-0.2038295549936895,36073252_24
36073252_1,GAS_COST=2/SEED=2/36073252_1,2.0,2,0.01,inventory,50,15,100,1005,1000,DeployWide,12.778933753980283,13.919367309882404,11.961434284768302,-9.371417503759556,37.770858544332846,-15.105149504433719,-23.347849320742046,0.1579411047030017,0.039718924975780556,0.838,9.102629756367264e-135,4.893484319113367e-110,12.778933753980283,30.0,0.0,0.0,2.1089620000000004,36.82742706653936,56.63103662111931,0.0,0.0,0.0,1.0,0.0,0.0,1000,16.685245762715283,3.6849859328057866,0.0,-0.22132607592921472,36073252_24
36073252_1,GAS_COST=2/SEED=2/36073252_1,2.0,2,0.01,inventory,50,15,100,1005,1000,ArrivalRebalance,30.609372960446052,19.342621726104387,29.37027858997544,1.2689570261408507,66.0968112349984,-4.679519311254573,-13.464000839451945,0.500384365938578,0.4679963186620779,0.956,2.8145562623109036e-274,3.3007513620210018e-161,30.609372960446052,2.0,0.0,0.0,0.21988900000000006,25.84853499101164,10.696880282992748,0.0,0.0,0.0,5.51,4.51,0.451,1000,48.96146689415994,8.918276222902811,9.02,-0.4138177108110725,36073252_24
36073252_1,GAS_COST=2/SEED=2/36073252_1,2.0,2,0.01,inventory,50,15,100,1005,1000,CDM,24.5565655138763,11.799920771427688,25.234650818770774,4.106808310302426,42.86796881336147,-2.427336274027143,-12.350241369351636,-0.3892137752724571,0.30982541411917364,0.973,0.0,1.3482951593962087e-162,24.5565655138763,29.914421,1.530331100545373,0.046296563144578966,0.10117349999999999,13.44940963671174,4.306702486490998,-1.9906157346738227,4.910211059961963,0.644396240959442,8.577,7.577,0.7577,1000,50.60152991375624,10.665572111111327,15.154,-0.22539228876861264,36073252_24
36073252_4,GAS_COST=2/SEED=2/36073252_4,2.0,2,0.03,inventory,0,15,100,1005,1000,DeployNarrow,0.0964713179157136,21.608472923836356,4.591528776128712,-39.48090507159393,30.516724477229925,-56.168761744772,-77.51757365376551,-0.9939289254221594,1.4110702917728162,0.639,0.8878117262763568,0.0004431826460404742,0.0964713179157136,2.0,0.0,0.0,6.296102000000001,96.94789970336959,150.87963598766268,0.0,0.0,0.0,1.0,0.0,0.0,1000,12.694181874704732,11.98994608484544,0.0,-0.60776447194358,36073252_28
36073252_4,GAS_COST=2/SEED=2/36073252_4,2.0,2,0.03,inventory,0,15,100,1005,1000,DeployWide,-2.1249120924062783,20.711410886736758,3.508260511740332,-40.699911794290735,23.251087766135786,-57.32995524756137,-78.77373364024155,-1.2065330299070676,1.5971025947457242,0.622,0.0012230019249894906,0.29595422476571565,-2.1249120924062783,30.0,0.0,0.0,6.296102000000001,96.94789970336959,150.87963598766268,0.0,0.0,0.0,1.0,0.0,0.0,1000,10.120122894412997,11.58370050935898,0.0,-0.6613344774602958,36073252_28
36073252_4,GAS_COST=2/SEED=2/36073252_4,2.0,2,0.03,inventory,0,15,100,1005,1000,ArrivalRebalance,-10.637955146642154,26.119650471557517,-6.951198806330183,-54.48687365750829,26.982942469402392,-76.86715457142787,-109.57899863637826,-0.818489455241239,1.6695173594505563,0.367,3.3899341038360466e-35,7.734396534428271e-30,-10.637955146642154,2.0,0.0,0.0,1.0552480000000002,46.16844849656831,21.107091236418533,0.0,0.0,0.0,7.0,6.0,0.6,1000,34.96805478287428,32.5546964405458,12.0,-1.0513134889706421,36073252_28
36073252_4,GAS_COST=2/SEED=2/36073252_4,2.0,2,0.03,inventory,0,15,100,1005,1000,CDM,-3.341656629503986,20.250305824244503,0.0,-41.70806257779816,22.65908810637193,-57.04780737247353,-77.99773849329829,-1.0443350840906989,1.7042676560015781,0.462,2.2257865805073595e-07,0.007270418425179352,-3.341656629503986,1.0006959999999998,0.02199844503595652,0.004438421340972474,-8.544493999999998,96.9485334698569,150.83700636342516,-14.384,0.16404877323527906,0.7397368901620812,1.048,0.048,0.0048,1000,8.652451791979411,11.896580876162732,0.096,-0.0015275453206637243,36073252_28
36073252_5,GAS_COST=2/SEED=2/36073252_5,2.0,2,0.03,inventory,50,15,100,1005,1000,DeployNarrow,0.0964713179157136,21.608472923836356,4.591528776128712,-39.48090507159393,30.516724477229925,-56.168761744772,-77.51757365376551,-0.9939289254221594,1.4110702917728162,0.639,0.8878117262763568,0.0004431826460404742,0.0964713179157136,2.0,0.0,0.0,6.296102000000001,96.94789970336959,150.87963598766268,0.0,0.0,0.0,1.0,0.0,0.0,1000,12.694181874704732,11.98994608484544,0.0,-0.60776447194358,36073252_28
36073252_5,GAS_COST=2/SEED=2/36073252_5,2.0,2,0.03,inventory,50,15,100,1005,1000,DeployWide,-2.1249120924062783,20.711410886736758,3.508260511740332,-40.699911794290735,23.251087766135786,-57.32995524756137,-78.77373364024155,-1.2065330299070676,1.5971025947457242,0.622,0.0012230019249894906,0.29595422476571565,-2.1249120924062783,30.0,0.0,0.0,6.296102000000001,96.94789970336959,150.87963598766268,0.0,0.0,0.0,1.0,0.0,0.0,1000,10.120122894412997,11.58370050935898,0.0,-0.6613344774602958,36073252_28
36073252_5,GAS_COST=2/SEED=2/36073252_5,2.0,2,0.03,inventory,50,15,100,1005,1000,ArrivalRebalance,-10.637955146642154,26.119650471557517,-6.951198806330183,-54.48687365750829,26.982942469402392,-76.86715457142787,-109.57899863637826,-0.818489455241239,1.6695173594505563,0.367,3.3899341038360466e-35,7.734396534428271e-30,-10.637955146642154,2.0,0.0,0.0,1.0552480000000002,46.16844849656831,21.107091236418533,0.0,0.0,0.0,7.0,6.0,0.6,1000,34.96805478287428,32.5546964405458,12.0,-1.0513134889706421,36073252_28
36073252_5,GAS_COST=2/SEED=2/36073252_5,2.0,2,0.03,inventory,50,15,100,1005,1000,CDM,-3.341656629503986,20.250305824244503,0.0,-41.70806257779816,22.65908810637193,-57.04780737247353,-77.99773849329829,-1.0443350840906989,1.7042676560015781,0.462,2.2257865805073595e-07,0.007270418425179352,-3.341656629503986,1.0006959999999998,0.02199844503595652,0.004438421340972474,-8.544493999999998,96.9485334698569,150.83700636342516,-14.384,0.16404877323527906,0.7397368901620812,1.048,0.048,0.0048,1000,8.652451791979411,11.896580876162732,0.096,-0.0015275453206637243,36073252_28
36152394_0,GAS_COST=2/SEED=2/36152394_0,2.0,2,0.02,inventory,0,15,100,1005,1000,DeployNarrow,6.477607686199505,17.950551852566374,7.581377161501109,-23.96664213352248,34.81409255433276,-35.36628440504408,-50.708465953253054,-0.29864590423878545,0.9643093515796797,0.73,2.0575071009793284e-28,4.557474664873838e-33,6.477607686199505,2.0,0.0,0.0,4.403665000000001,69.87534397238362,108.28602515580104,0.0,0.0,0.0,1.0,0.0,0.0,1000,14.95097553137955,8.066962979097362,0.0,-0.406404866082683,36073252_26
36152394_0,GAS_COST=2/SEED=2/36152394_0,2.0,2,0.02,inventory,0,15,100,1005,1000,DeployWide,4.09478718770963,16.271817552955877,6.268138593964352,-24.95742360716701,27.8048911655416,-36.48392899469141,-51.603535519010464,-0.7388667337633585,0.9833922200896059,0.689,4.873609609898465e-15,1.7472770175243966e-21,4.09478718770963,30.0,0.0,0.0,4.403665000000001,69.87534397238362,108.28602515580104,0.0,0.0,0.0,1.0,0.0,0.0,1000,12.223730533503973,7.687185265063061,0.0,-0.4417580807312825,36073252_26
36152394_0,GAS_COST=2/SEED=2/36152394_0,2.0,2,0.02,inventory,0,15,100,1005,1000,ArrivalRebalance,7.9542108106550735,20.468076960484634,8.04554329460376,-25.91876936542635,41.71659917191731,-39.10763501601193,-59.241280621473,-0.28426781920580285,0.7413585847173905,0.672,2.1329464550171011e-32,1.6586785104452489e-34,7.9542108106550735,2.0,0.0,0.0,0.6782760000000001,39.306576008267555,16.047503532195407,0.0,0.0,0.0,6.806,5.806,0.5806,1000,40.69666078599231,20.822017744512873,11.612,-0.3084322308243573,36073252_26
36152394_0,GAS_COST=2/SEED=2/36152394_0,2.0,2,0.02,inventory,0,15,100,1005,1000,CDM,-39.33079240042577,50.64273073289341,-26.15777584032037,-135.39859009041567,13.729645117584532,-191.29110076161808,-281.4110959807993,-1.9828179189535695,6.100684951856943,0.176,1.6901169318502788e-104,5.930358451732921e-119,-39.33079240042577,29.533332,3.251946265746878,0.49245512666231855,0.110292,14.773391864330144,4.419248094895329,-2.876108921926836,5.288100168901639,1.8604629990144108,29.551,28.551,2.8550999999999997,1000,53.766239694272095,35.51913915333303,57.102,-0.4758929413648286,36073252_26
36152394_1,GAS_COST=2/SEED=2/36152394_1,2.0,2,0.02,inventory,50,15,100,1005,1000,DeployNarrow,6.477607686199505,17.950551852566374,7.581377161501109,-23.96664213352248,34.81409255433276,-35.36628440504408,-50.708465953253054,-0.29864590423878545,0.9643093515796797,0.73,2.0575071009793284e-28,4.557474664873838e-33,6.477607686199505,2.0,0.0,0.0,4.403665000000001,69.87534397238362,108.28602515580104,0.0,0.0,0.0,1.0,0.0,0.0,1000,14.95097553137955,8.066962979097362,0.0,-0.406404866082683,36073252_26
36152394_1,GAS_COST=2/SEED=2/36152394_1,2.0,2,0.02,inventory,50,15,100,1005,1000,DeployWide,4.09478718770963,16.271817552955877,6.268138593964352,-24.95742360716701,27.8048911655416,-36.48392899469141,-51.603535519010464,-0.7388667337633585,0.9833922200896059,0.689,4.873609609898465e-15,1.7472770175243966e-21,4.09478718770963,30.0,0.0,0.0,4.403665000000001,69.87534397238362,108.28602515580104,0.0,0.0,0.0,1.0,0.0,0.0,1000,12.223730533503973,7.687185265063061,0.0,-0.4417580807312825,36073252_26
36152394_1,GAS_COST=2/SEED=2/36152394_1,2.0,2,0.02,inventory,50,15,100,1005,1000,ArrivalRebalance,7.9542108106550735,20.468076960484634,8.04554329460376,-25.91876936542635,41.71659917191731,-39.10763501601193,-59.241280621473,-0.28426781920580285,0.7413585847173905,0.672,2.1329464550171011e-32,1.6586785104452489e-34,7.9542108106550735,2.0,0.0,0.0,0.6782760000000001,39.306576008267555,16.047503532195407,0.0,0.0,0.0,6.806,5.806,0.5806,1000,40.69666078599231,20.822017744512873,11.612,-0.3084322308243573,36073252_26
36152394_1,GAS_COST=2/SEED=2/36152394_1,2.0,2,0.02,inventory,50,15,100,1005,1000,CDM,-39.33079240042577,50.64273073289341,-26.15777584032037,-135.39859009041567,13.729645117584532,-191.29110076161808,-281.4110959807993,-1.9828179189535695,6.100684951856943,0.176,1.6901169318502788e-104,5.930358451732921e-119,-39.33079240042577,29.533332,3.251946265746878,0.49245512666231855,0.110292,14.773391864330144,4.419248094895329,-2.876108921926836,5.288100168901639,1.8604629990144108,29.551,28.551,2.8550999999999997,1000,53.766239694272095,35.51913915333303,57.102,-0.4758929413648286,36073252_26
36160714_24,GAS_COST=2/SEED=20/36160714_24,2.0,20,0.01,inventory,0,15,100,1005,1000,DeployNarrow,15.853083515013815,16.956191085381878,13.602949112645433,-8.712122030260673,46.928570278263656,-14.51668028381976,-24.147723319955094,0.5902063636490774,0.6281835443937513,0.853,2.0179327643643057e-138,1.312957613589948e-118,15.853083515013815,2.0,0.0,0.0,2.1089620000000004,36.82742706653936,56.63103662111931,0.0,0.0,0.0,1.0,0.0,0.0,1000,20.097888987877507,4.040975917870004,0.0,-0.2038295549936895,36073252_24
36160714_24,GAS_COST=2/SEED=20/36160714_24,2.0,20,0.01,inventory,0,15,100,1005,1000,DeployWide,12.778933753980283,13.919367309882404,11.961434284768302,-9.371417503759556,37.770858544332846,-15.105149504433719,-23.347849320742046,0.1579411047030017,0.039718924975780556,0.838,9.102629756367264e-135,4.893484319113367e-110,12.778933753980283,30.0,0.0,0.0,2.1089620000000004,36.82742706653936,56.63103662111931,0.0,0.0,0.0,1.0,0.0,0.0,1000,16.685245762715283,3.6849859328057866,0.0,-0.22132607592921472,36073252_24
36160714_24,GAS_COST=2/SEED=20/36160714_24,2.0,20,0.01,inventory,0,15,100,1005,1000,ArrivalRebalance,30.609372960446052,19.342621726104387,29.37027858997544,1.2689570261408507,66.0968112349984,-4.679519311254573,-13.464000839451945,0.500384365938578,0.4679963186620779,0.956,2.8145562623109036e-274,3.3007513620210018e-161,30.609372960446052,2.0,0.0,0.0,0.21988900000000006,25.84853499101164,10.696880282992748,0.0,0.0,0.0,5.51,4.51,0.451,1000,48.96146689415994,8.918276222902811,9.02,-0.4138177108110725,36073252_24
36160714_24,GAS_COST=2/SEED=20/36160714_24,2.0,20,0.01,inventory,0,15,100,1005,1000,CDM,24.5565655138763,11.799920771427688,25.234650818770774,4.106808310302426,42.86796881336147,-2.427336274027143,-12.350241369351636,-0.3892137752724571,0.30982541411917364,0.973,0.0,1.3482951593962087e-162,24.5565655138763,29.914421,1.530331100545373,0.046296563144578966,0.10117349999999999,13.44940963671174,4.306702486490998,-1.9906157346738227,4.910211059961963,0.644396240959442,8.577,7.577,0.7577,1000,50.60152991375624,10.665572111111327,15.154,-0.22539228876861264,36073252_24
36160714_25,GAS_COST=2/SEED=20/36160714_25,2.0,20,0.01,inventory,50,15,100,1005,1000,DeployNarrow,15.853083515013815,16.956191085381878,13.602949112645433,-8.712122030260673,46.928570278263656,-14.51668028381976,-24.147723319955094,0.5902063636490774,0.6281835443937513,0.853,2.0179327643643057e-138,1.312957613589948e-118,15.853083515013815,2.0,0.0,0.0,2.1089620000000004,36.82742706653936,56.63103662111931,0.0,0.0,0.0,1.0,0.0,0.0,1000,20.097888987877507,4.040975917870004,0.0,-0.2038295549936895,36073252_24
36160714_25,GAS_COST=2/SEED=20/36160714_25,2.0,20,0.01,inventory,50,15,100,1005,1000,DeployWide,12.778933753980283,13.919367309882404,11.961434284768302,-9.371417503759556,37.770858544332846,-15.105149504433719,-23.347849320742046,0.1579411047030017,0.039718924975780556,0.838,9.102629756367264e-135,4.893484319113367e-110,12.778933753980283,30.0,0.0,0.0,2.1089620000000004,36.82742706653936,56.63103662111931,0.0,0.0,0.0,1.0,0.0,0.0,1000,16.685245762715283,3.6849859328057866,0.0,-0.22132607592921472,36073252_24
36160714_25,GAS_COST=2/SEED=20/36160714_25,2.0,20,0.01,inventory,50,15,100,1005,1000,ArrivalRebalance,30.609372960446052,19.342621726104387,29.37027858997544,1.2689570261408507,66.0968112349984,-4.679519311254573,-13.464000839451945,0.500384365938578,0.4679963186620779,0.956,2.8145562623109036e-274,3.3007513620210018e-161,30.609372960446052,2.0,0.0,0.0,0.21988900000000006,25.84853499101164,10.696880282992748,0.0,0.0,0.0,5.51,4.51,0.451,1000,48.96146689415994,8.918276222902811,9.02,-0.4138177108110725,36073252_24
36160714_25,GAS_COST=2/SEED=20/36160714_25,2.0,20,0.01,inventory,50,15,100,1005,1000,CDM,24.5565655138763,11.799920771427688,25.234650818770774,4.106808310302426,42.86796881336147,-2.427336274027143,-12.350241369351636,-0.3892137752724571,0.30982541411917364,0.973,0.0,1.3482951593962087e-162,24.5565655138763,29.914421,1.530331100545373,0.046296563144578966,0.10117349999999999,13.44940963671174,4.306702486490998,-1.9906157346738227,4.910211059961963,0.644396240959442,8.577,7.577,0.7577,1000,50.60152991375624,10.665572111111327,15.154,-0.22539228876861264,36073252_24
36160714_26,GAS_COST=2/SEED=20/36160714_26,2.0,20,0.02,inventory,0,15,100,1005,1000,DeployNarrow,6.477607686199505,17.950551852566374,7.581377161501109,-23.96664213352248,34.81409255433276,-35.36628440504408,-50.708465953253054,-0.29864590423878545,0.9643093515796797,0.73,2.0575071009793284e-28,4.557474664873838e-33,6.477607686199505,2.0,0.0,0.0,4.403665000000001,69.87534397238362,108.28602515580104,0.0,0.0,0.0,1.0,0.0,0.0,1000,14.95097553137955,8.066962979097362,0.0,-0.406404866082683,36073252_26
36160714_26,GAS_COST=2/SEED=20/36160714_26,2.0,20,0.02,inventory,0,15,100,1005,1000,DeployWide,4.09478718770963,16.271817552955877,6.268138593964352,-24.95742360716701,27.8048911655416,-36.48392899469141,-51.603535519010464,-0.7388667337633585,0.9833922200896059,0.689,4.873609609898465e-15,1.7472770175243966e-21,4.09478718770963,30.0,0.0,0.0,4.403665000000001,69.87534397238362,108.28602515580104,0.0,0.0,0.0,1.0,0.0,0.0,1000,12.223730533503973,7.687185265063061,0.0,-0.4417580807312825,36073252_26
36160714_26,GAS_COST=2/SEED=20/36160714_26,2.0,20,0.02,inventory,0,15,100,1005,1000,ArrivalRebalance,7.9542108106550735,20.468076960484634,8.04554329460376,-25.91876936542635,41.71659917191731,-39.10763501601193,-59.241280621473,-0.28426781920580285,0.7413585847173905,0.672,2.1329464550171011e-32,1.6586785104452489e-34,7.9542108106550735,2.0,0.0,0.0,0.6782760000000001,39.306576008267555,16.047503532195407,0.0,0.0,0.0,6.806,5.806,0.5806,1000,40.69666078599231,20.822017744512873,11.612,-0.3084322308243573,36073252_26
36160714_26,GAS_COST=2/SEED=20/36160714_26,2.0,20,0.02,inventory,0,15,100,1005,1000,CDM,-39.33079240042577,50.64273073289341,-26.15777584032037,-135.39859009041567,13.729645117584532,-191.29110076161808,-281.4110959807993,-1.9828179189535695,6.100684951856943,0.176,1.6901169318502788e-104,5.930358451732921e-119,-39.33079240042577,29.533332,3.251946265746878,0.49245512666231855,0.110292,14.773391864330144,4.419248094895329,-2.876108921926836,5.288100168901639,1.8604629990144108,29.551,28.551,2.8550999999999997,1000,53.766239694272095,35.51913915333303,57.102,-0.4758929413648286,36073252_26
36160714_27,GAS_COST=2/SEED=20/36160714_27,2.0,20,0.02,inventory,50,15,100,1005,1000,DeployNarrow,6.477607686199505,17.950551852566374,7.581377161501109,-23.96664213352248,34.81409255433276,-35.36628440504408,-50.708465953253054,-0.29864590423878545,0.9643093515796797,0.73,2.0575071009793284e-28,4.557474664873838e-33,6.477607686199505,2.0,0.0,0.0,4.403665000000001,69.87534397238362,108.28602515580104,0.0,0.0,0.0,1.0,0.0,0.0,1000,14.95097553137955,8.066962979097362,0.0,-0.406404866082683,36073252_26
36160714_27,GAS_COST=2/SEED=20/36160714_27,2.0,20,0.02,inventory,50,15,100,1005,1000,DeployWide,4.09478718770963,16.271817552955877,6.268138593964352,-24.95742360716701,27.8048911655416,-36.48392899469141,-51.603535519010464,-0.7388667337633585,0.9833922200896059,0.689,4.873609609898465e-15,1.7472770175243966e-21,4.09478718770963,30.0,0.0,0.0,4.403665000000001,69.87534397238362,108.28602515580104,0.0,0.0,0.0,1.0,0.0,0.0,1000,12.223730533503973,7.687185265063061,0.0,-0.4417580807312825,36073252_26
36160714_27,GAS_COST=2/SEED=20/36160714_27,2.0,20,0.02,inventory,50,15,100,1005,1000,ArrivalRebalance,7.9542108106550735,20.468076960484634,8.04554329460376,-25.91876936542635,41.71659917191731,-39.10763501601193,-59.241280621473,-0.28426781920580285,0.7413585847173905,0.672,2.1329464550171011e-32,1.6586785104452489e-34,7.9542108106550735,2.0,0.0,0.0,0.6782760000000001,39.306576008267555,16.047503532195407,0.0,0.0,0.0,6.806,5.806,0.5806,1000,40.69666078599231,20.822017744512873,11.612,-0.3084322308243573,36073252_26
36160714_27,GAS_COST=2/SEED=20/36160714_27,2.0,20,0.02,inventory,50,15,100,1005,1000,CDM,-39.33079240042577,50.64273073289341,-26.15777584032037,-135.39859009041567,13.729645117584532,-191.29110076161808,-281.4110959807993,-1.9828179189535695,6.100684951856943,0.176,1.6901169318502788e-104,5.930358451732921e-119,-39.33079240042577,29.533332,3.251946265746878,0.49245512666231855,0.110292,14.773391864330144,4.419248094895329,-2.876108921926836,5.288100168901639,1.8604629990144108,29.551,28.551,2.8550999999999997,1000,53.766239694272095,35.51913915333303,57.102,-0.4758929413648286,36073252_26
36160714_28,GAS_COST=2/SEED=20/36160714_28,2.0,20,0.03,inventory,0,15,100,1005,1000,DeployNarrow,0.0964713179157136,21.608472923836356,4.591528776128712,-39.48090507159393,30.516724477229925,-56.168761744772,-77.51757365376551,-0.9939289254221594,1.4110702917728162,0.639,0.8878117262763568,0.0004431826460404742,0.0964713179157136,2.0,0.0,0.0,6.296102000000001,96.94789970336959,150.87963598766268,0.0,0.0,0.0,1.0,0.0,0.0,1000,12.694181874704732,11.98994608484544,0.0,-0.60776447194358,36073252_28
36160714_28,GAS_COST=2/SEED=20/36160714_28,2.0,20,0.03,inventory,0,15,100,1005,1000,DeployWide,-2.1249120924062783,20.711410886736758,3.508260511740332,-40.699911794290735,23.251087766135786,-57.32995524756137,-78.77373364024155,-1.2065330299070676,1.5971025947457242,0.622,0.0012230019249894906,0.29595422476571565,-2.1249120924062783,30.0,0.0,0.0,6.296102000000001,96.94789970336959,150.87963598766268,0.0,0.0,0.0,1.0,0.0,0.0,1000,10.120122894412997,11.58370050935898,0.0,-0.6613344774602958,36073252_28
36160714_28,GAS_COST=2/SEED=20/36160714_28,2.0,20,0.03,inventory,0,15,100,1005,1000,ArrivalRebalance,-10.637955146642154,26.119650471557517,-6.951198806330183,-54.48687365750829,26.982942469402392,-76.86715457142787,-109.57899863637826,-0.818489455241239,1.6695173594505563,0.367,3.3899341038360466e-35,7.734396534428271e-30,-10.637955146642154,2.0,0.0,0.0,1.0552480000000002,46.16844849656831,21.107091236418533,0.0,0.0,0.0,7.0,6.0,0.6,1000,34.96805478287428,32.5546964405458,12.0,-1.0513134889706421,36073252_28
36160714_28,GAS_COST=2/SEED=20/36160714_28,2.0,20,0.03,inventory,0,15,100,1005,1000,CDM,-3.341656629503986,20.250305824244503,0.0,-41.70806257779816,22.65908810637193,-57.04780737247353,-77.99773849329829,-1.0443350840906989,1.7042676560015781,0.462,2.2257865805073595e-07,0.007270418425179352,-3.341656629503986,1.0006959999999998,0.02199844503595652,0.004438421340972474,-8.544493999999998,96.9485334698569,150.83700636342516,-14.384,0.16404877323527906,0.7397368901620812,1.048,0.048,0.0048,1000,8.652451791979411,11.896580876162732,0.096,-0.0015275453206637243,36073252_28
36160714_29,GAS_COST=2/SEED=20/36160714_29,2.0,20,0.03,inventory,50,15,100,1005,1000,DeployNarrow,0.0964713179157136,21.608472923836356,4.591528776128712,-39.48090507159393,30.516724477229925,-56.168761744772,-77.51757365376551,-0.9939289254221594,1.4110702917728162,0.639,0.8878117262763568,0.0004431826460404742,0.0964713179157136,2.0,0.0,0.0,6.296102000000001,96.94789970336959,150.87963598766268,0.0,0.0,0.0,1.0,0.0,0.0,1000,12.694181874704732,11.98994608484544,0.0,-0.60776447194358,36073252_28
36160714_29,GAS_COST=2/SEED=20/36160714_29,2.0,20,0.03,inventory,50,15,100,1005,1000,DeployWide,-2.1249120924062783,20.711410886736758,3.508260511740332,-40.699911794290735,23.251087766135786,-57.32995524756137,-78.77373364024155,-1.2065330299070676,1.5971025947457242,0.622,0.0012230019249894906,0.29595422476571565,-2.1249120924062783,30.0,0.0,0.0,6.296102000000001,96.94789970336959,150.87963598766268,0.0,0.0,0.0,1.0,0.0,0.0,1000,10.120122894412997,11.58370050935898,0.0,-0.6613344774602958,36073252_28
36160714_29,GAS_COST=2/SEED=20/36160714_29,2.0,20,0.03,inventory,50,15,100,1005,1000,ArrivalRebalance,-10.637955146642154,26.119650471557517,-6.951198806330183,-54.48687365750829,26.982942469402392,-76.86715457142787,-109.57899863637826,-0.818489455241239,1.6695173594505563,0.367,3.3899341038360466e-35,7.734396534428271e-30,-10.637955146642154,2.0,0.0,0.0,1.0552480000000002,46.16844849656831,21.107091236418533,0.0,0.0,0.0,7.0,6.0,0.6,1000,34.96805478287428,32.5546964405458,12.0,-1.0513134889706421,36073252_28
36160714_29,GAS_COST=2/SEED=20/36160714_29,2.0,20,0.03,inventory,50,15,100,1005,1000,CDM,-3.341656629503986,20.250305824244503,0.0,-41.70806257779816,22.65908810637193,-57.04780737247353,-77.99773849329829,-1.0443350840906989,1.7042676560015781,0.462,2.2257865805073595e-07,0.007270418425179352,-3.341656629503986,1.0006959999999998,0.02199844503595652,0.004438421340972474,-8.544493999999998,96.9485334698569,150.83700636342516,-14.384,0.16404877323527906,0.7397368901620812,1.048,0.048,0.0048,1000,8.652451791979411,11.896580876162732,0.096,-0.0015275453206637243,36073252_28
36073252_10,GAS_COST=2/SEED=4/36073252_10,2.0,4,0.03,inventory,0,15,100,1005,1000,DeployNarrow,0.0964713179157136,21.608472923836356,4.591528776128712,-39.48090507159393,30.516724477229925,-56.168761744772,-77.51757365376551,-0.9939289254221594,1.4110702917728162,0.639,0.8878117262763568,0.0004431826460404742,0.0964713179157136,2.0,0.0,0.0,6.296102000000001,96.94789970336959,150.87963598766268,0.0,0.0,0.0,1.0,0.0,0.0,1000,12.694181874704732,11.98994608484544,0.0,-0.60776447194358,36073252_28
36073252_10,GAS_COST=2/SEED=4/36073252_10,2.0,4,0.03,inventory,0,15,100,1005,1000,DeployWide,-2.1249120924062783,20.711410886736758,3.508260511740332,-40.699911794290735,23.251087766135786,-57.32995524756137,-78.77373364024155,-1.2065330299070676,1.5971025947457242,0.622,0.0012230019249894906,0.29595422476571565,-2.1249120924062783,30.0,0.0,0.0,6.296102000000001,96.94789970336959,150.87963598766268,0.0,0.0,0.0,1.0,0.0,0.0,1000,10.120122894412997,11.58370050935898,0.0,-0.6613344774602958,36073252_28
36073252_10,GAS_COST=2/SEED=4/36073252_10,2.0,4,0.03,inventory,0,15,100,1005,1000,ArrivalRebalance,-10.637955146642154,26.119650471557517,-6.951198806330183,-54.48687365750829,26.982942469402392,-76.86715457142787,-109.57899863637826,-0.818489455241239,1.6695173594505563,0.367,3.3899341038360466e-35,7.734396534428271e-30,-10.637955146642154,2.0,0.0,0.0,1.0552480000000002,46.16844849656831,21.107091236418533,0.0,0.0,0.0,7.0,6.0,0.6,1000,34.96805478287428,32.5546964405458,12.0,-1.0513134889706421,36073252_28
36073252_10,GAS_COST=2/SEED=4/36073252_10,2.0,4,0.03,inventory,0,15,100,1005,1000,CDM,-3.341656629503986,20.250305824244503,0.0,-41.70806257779816,22.65908810637193,-57.04780737247353,-77.99773849329829,-1.0443350840906989,1.7042676560015781,0.462,2.2257865805073595e-07,0.007270418425179352,-3.341656629503986,1.0006959999999998,0.02199844503595652,0.004438421340972474,-8.544493999999998,96.9485334698569,150.83700636342516,-14.384,0.16404877323527906,0.7397368901620812,1.048,0.048,0.0048,1000,8.652451791979411,11.896580876162732,0.096,-0.0015275453206637243,36073252_28
36073252_11,GAS_COST=2/SEED=4/36073252_11,2.0,4,0.03,inventory,50,15,100,1005,1000,DeployNarrow,0.0964713179157136,21.608472923836356,4.591528776128712,-39.48090507159393,30.516724477229925,-56.168761744772,-77.51757365376551,-0.9939289254221594,1.4110702917728162,0.639,0.8878117262763568,0.0004431826460404742,0.0964713179157136,2.0,0.0,0.0,6.296102000000001,96.94789970336959,150.87963598766268,0.0,0.0,0.0,1.0,0.0,0.0,1000,12.694181874704732,11.98994608484544,0.0,-0.60776447194358,36073252_28
36073252_11,GAS_COST=2/SEED=4/36073252_11,2.0,4,0.03,inventory,50,15,100,1005,1000,DeployWide,-2.1249120924062783,20.711410886736758,3.508260511740332,-40.699911794290735,23.251087766135786,-57.32995524756137,-78.77373364024155,-1.2065330299070676,1.5971025947457242,0.622,0.0012230019249894906,0.29595422476571565,-2.1249120924062783,30.0,0.0,0.0,6.296102000000001,96.94789970336959,150.87963598766268,0.0,0.0,0.0,1.0,0.0,0.0,1000,10.120122894412997,11.58370050935898,0.0,-0.6613344774602958,36073252_28
36073252_11,GAS_COST=2/SEED=4/36073252_11,2.0,4,0.03,inventory,50,15,100,1005,1000,ArrivalRebalance,-10.637955146642154,26.119650471557517,-6.951198806330183,-54.48687365750829,26.982942469402392,-76.86715457142787,-109.57899863637826,-0.818489455241239,1.6695173594505563,0.367,3.3899341038360466e-35,7.734396534428271e-30,-10.637955146642154,2.0,0.0,0.0,1.0552480000000002,46.16844849656831,21.107091236418533,0.0,0.0,0.0,7.0,6.0,0.6,1000,34.96805478287428,32.5546964405458,12.0,-1.0513134889706421,36073252_28
36073252_11,GAS_COST=2/SEED=4/36073252_11,2.0,4,0.03,inventory,50,15,100,1005,1000,CDM,-3.341656629503986,20.250305824244503,0.0,-41.70806257779816,22.65908810637193,-57.04780737247353,-77.99773849329829,-1.0443350840906989,1.7042676560015781,0.462,2.2257865805073595e-07,0.007270418425179352,-3.341656629503986,1.0006959999999998,0.02199844503595652,0.004438421340972474,-8.544493999999998,96.9485334698569,150.83700636342516,-14.384,0.16404877323527906,0.7397368901620812,1.048,0.048,0.0048,1000,8.652451791979411,11.896580876162732,0.096,-0.0015275453206637243,36073252_28
36073252_6,GAS_COST=2/SEED=4/36073252_6,2.0,4,0.01,inventory,0,15,100,1005,1000,DeployNarrow,15.853083515013815,16.956191085381878,13.602949112645433,-8.712122030260673,46.928570278263656,-14.51668028381976,-24.147723319955094,0.5902063636490774,0.6281835443937513,0.853,2.0179327643643057e-138,1.312957613589948e-118,15.853083515013815,2.0,0.0,0.0,2.1089620000000004,36.82742706653936,56.63103662111931,0.0,0.0,0.0,1.0,0.0,0.0,1000,20.097888987877507,4.040975917870004,0.0,-0.2038295549936895,36073252_24
36073252_6,GAS_COST=2/SEED=4/36073252_6,2.0,4,0.01,inventory,0,15,100,1005,1000,DeployWide,12.778933753980283,13.919367309882404,11.961434284768302,-9.371417503759556,37.770858544332846,-15.105149504433719,-23.347849320742046,0.1579411047030017,0.039718924975780556,0.838,9.102629756367264e-135,4.893484319113367e-110,12.778933753980283,30.0,0.0,0.0,2.1089620000000004,36.82742706653936,56.63103662111931,0.0,0.0,0.0,1.0,0.0,0.0,1000,16.685245762715283,3.6849859328057866,0.0,-0.22132607592921472,36073252_24
36073252_6,GAS_COST=2/SEED=4/36073252_6,2.0,4,0.01,inventory,0,15,100,1005,1000,ArrivalRebalance,30.609372960446052,19.342621726104387,29.37027858997544,1.2689570261408507,66.0968112349984,-4.679519311254573,-13.464000839451945,0.500384365938578,0.4679963186620779,0.956,2.8145562623109036e-274,3.3007513620210018e-161,30.609372960446052,2.0,0.0,0.0,0.21988900000000006,25.84853499101164,10.696880282992748,0.0,0.0,0.0,5.51,4.51,0.451,1000,48.96146689415994,8.918276222902811,9.02,-0.4138177108110725,36073252_24
36073252_6,GAS_COST=2/SEED=4/36073252_6,2.0,4,0.01,inventory,0,15,100,1005,1000,CDM,24.5565655138763,11.799920771427688,25.234650818770774,4.106808310302426,42.86796881336147,-2.427336274027143,-12.350241369351636,-0.3892137752724571,0.30982541411917364,0.973,0.0,1.3482951593962087e-162,24.5565655138763,29.914421,1.530331100545373,0.046296563144578966,0.10117349999999999,13.44940963671174,4.306702486490998,-1.9906157346738227,4.910211059961963,0.644396240959442,8.577,7.577,0.7577,1000,50.60152991375624,10.665572111111327,15.154,-0.22539228876861264,36073252_24
36073252_7,GAS_COST=2/SEED=4/36073252_7,2.0,4,0.01,inventory,50,15,100,1005,1000,DeployNarrow,15.853083515013815,16.956191085381878,13.602949112645433,-8.712122030260673,46.928570278263656,-14.51668028381976,-24.147723319955094,0.5902063636490774,0.6281835443937513,0.853,2.0179327643643057e-138,1.312957613589948e-118,15.853083515013815,2.0,0.0,0.0,2.1089620000000004,36.82742706653936,56.63103662111931,0.0,0.0,0.0,1.0,0.0,0.0,1000,20.097888987877507,4.040975917870004,0.0,-0.2038295549936895,36073252_24
36073252_7,GAS_COST=2/SEED=4/36073252_7,2.0,4,0.01,inventory,50,15,100,1005,1000,DeployWide,12.778933753980283,13.919367309882404,11.961434284768302,-9.371417503759556,37.770858544332846,-15.105149504433719,-23.347849320742046,0.1579411047030017,0.039718924975780556,0.838,9.102629756367264e-135,4.893484319113367e-110,12.778933753980283,30.0,0.0,0.0,2.1089620000000004,36.82742706653936,56.63103662111931,0.0,0.0,0.0,1.0,0.0,0.0,1000,16.685245762715283,3.6849859328057866,0.0,-0.22132607592921472,36073252_24
36073252_7,GAS_COST=2/SEED=4/36073252_7,2.0,4,0.01,inventory,50,15,100,1005,1000,ArrivalRebalance,30.609372960446052,19.342621726104387,29.37027858997544,1.2689570261408507,66.0968112349984,-4.679519311254573,-13.464000839451945,0.500384365938578,0.4679963186620779,0.956,2.8145562623109036e-274,3.3007513620210018e-161,30.609372960446052,2.0,0.0,0.0,0.21988900000000006,25.84853499101164,10.696880282992748,0.0,0.0,0.0,5.51,4.51,0.451,1000,48.96146689415994,8.918276222902811,9.02,-0.4138177108110725,36073252_24
36073252_7,GAS_COST=2/SEED=4/36073252_7,2.0,4,0.01,inventory,50,15,100,1005,1000,CDM,24.5565655138763,11.799920771427688,25.234650818770774,4.106808310302426,42.86796881336147,-2.427336274027143,-12.350241369351636,-0.3892137752724571,0.30982541411917364,0.973,0.0,1.3482951593962087e-162,24.5565655138763,29.914421,1.530331100545373,0.046296563144578966,0.10117349999999999,13.44940963671174,4.306702486490998,-1.9906157346738227,4.910211059961963,0.644396240959442,8.577,7.577,0.7577,1000,50.60152991375624,10.665572111111327,15.154,-0.22539228876861264,36073252_24
36073252_8,GAS_COST=2/SEED=4/36073252_8,2.0,4,0.02,inventory,0,15,100,1005,1000,DeployNarrow,6.477607686199505,17.950551852566374,7.581377161501109,-23.96664213352248,34.81409255433276,-35.36628440504408,-50.708465953253054,-0.29864590423878545,0.9643093515796797,0.73,2.0575071009793284e-28,4.557474664873838e-33,6.477607686199505,2.0,0.0,0.0,4.403665000000001,69.87534397238362,108.28602515580104,0.0,0.0,0.0,1.0,0.0,0.0,1000,14.95097553137955,8.066962979097362,0.0,-0.406404866082683,36073252_26
36073252_8,GAS_COST=2/SEED=4/36073252_8,2.0,4,0.02,inventory,0,15,100,1005,1000,DeployWide,4.09478718770963,16.271817552955877,6.268138593964352,-24.95742360716701,27.8048911655416,-36.48392899469141,-51.603535519010464,-0.7388667337633585,0.9833922200896059,0.689,4.873609609898465e-15,1.7472770175243966e-21,4.09478718770963,30.0,0.0,0.0,4.403665000000001,69.87534397238362,108.28602515580104,0.0,0.0,0.0,1.0,0.0,0.0,1000,12.223730533503973,7.687185265063061,0.0,-0.4417580807312825,36073252_26
36073252_8,GAS_COST=2/SEED=4/36073252_8,2.0,4,0.02,inventory,0,15,100,1005,1000,ArrivalRebalance,7.9542108106550735,20.468076960484634,8.04554329460376,-25.91876936542635,41.71659917191731,-39.10763501601193,-59.241280621473,-0.28426781920580285,0.7413585847173905,0.672,2.1329464550171011e-32,1.6586785104452489e-34,7.9542108106550735,2.0,0.0,0.0,0.6782760000000001,39.306576008267555,16.047503532195407,0.0,0.0,0.0,6.806,5.806,0.5806,1000,40.69666078599231,20.822017744512873,11.612,-0.3084322308243573,36073252_26
36073252_8,GAS_COST=2/SEED=4/36073252_8,2.0,4,0.02,inventory,0,15,100,1005,1000,CDM,-39.33079240042577,50.64273073289341,-26.15777584032037,-135.39859009041567,13.729645117584532,-191.29110076161808,-281.4110959807993,-1.9828179189535695,6.100684951856943,0.176,1.6901169318502788e-104,5.930358451732921e-119,-39.33079240042577,29.533332,3.251946265746878,0.49245512666231855,0.110292,14.773391864330144,4.419248094895329,-2.876108921926836,5.288100168901639,1.8604629990144108,29.551,28.551,2.8550999999999997,1000,53.766239694272095,35.51913915333303,57.102,-0.4758929413648286,36073252_26
36073252_9,GAS_COST=2/SEED=4/36073252_9,2.0,4,0.02,inventory,50,15,100,1005,1000,DeployNarrow,6.477607686199505,17.950551852566374,7.581377161501109,-23.96664213352248,34.81409255433276,-35.36628440504408,-50.708465953253054,-0.29864590423878545,0.9643093515796797,0.73,2.0575071009793284e-28,4.557474664873838e-33,6.477607686199505,2.0,0.0,0.0,4.403665000000001,69.87534397238362,108.28602515580104,0.0,0.0,0.0,1.0,0.0,0.0,1000,14.95097553137955,8.066962979097362,0.0,-0.406404866082683,36073252_26
36073252_9,GAS_COST=2/SEED=4/36073252_9,2.0,4,0.02,inventory,50,15,100,1005,1000,DeployWide,4.09478718770963,16.271817552955877,6.268138593964352,-24.95742360716701,27.8048911655416,-36.48392899469141,-51.603535519010464,-0.7388667337633585,0.9833922200896059,0.689,4.873609609898465e-15,1.7472770175243966e-21,4.09478718770963,30.0,0.0,0.0,4.403665000000001,69.87534397238362,108.28602515580104,0.0,0.0,0.0,1.0,0.0,0.0,1000,12.223730533503973,7.687185265063061,0.0,-0.4417580807312825,36073252_26
36073252_9,GAS_COST=2/SEED=4/36073252_9,2.0,4,0.02,inventory,50,15,100,1005,1000,ArrivalRebalance,7.9542108106550735,20.468076960484634,8.04554329460376,-25.91876936542635,41.71659917191731,-39.10763501601193,-59.241280621473,-0.28426781920580285,0.7413585847173905,0.672,2.1329464550171011e-32,1.6586785104452489e-34,7.9542108106550735,2.0,0.0,0.0,0.6782760000000001,39.306576008267555,16.047503532195407,0.0,0.0,0.0,6.806,5.806,0.5806,1000,40.69666078599231,20.822017744512873,11.612,-0.3084322308243573,36073252_26
36073252_9,GAS_COST=2/SEED=4/36073252_9,2.0,4,0.02,inventory,50,15,100,1005,1000,CDM,-39.33079240042577,50.64273073289341,-26.15777584032037,-135.39859009041567,13.729645117584532,-191.29110076161808,-281.4110959807993,-1.9828179189535695,6.100684951856943,0.176,1.6901169318502788e-104,5.930358451732921e-119,-39.33079240042577,29.533332,3.251946265746878,0.49245512666231855,0.110292,14.773391864330144,4.419248094895329,-2.876108921926836,5.288100168901639,1.8604629990144108,29.551,28.551,2.8550999999999997,1000,53.766239694272095,35.51913915333303,57.102,-0.4758929413648286,36073252_26
36073252_12,GAS_COST=2/SEED=6/36073252_12,2.0,6,0.01,inventory,0,15,100,1005,1000,DeployNarrow,15.853083515013815,16.956191085381878,13.602949112645433,-8.712122030260673,46.928570278263656,-14.51668028381976,-24.147723319955094,0.5902063636490774,0.6281835443937513,0.853,2.0179327643643057e-138,1.312957613589948e-118,15.853083515013815,2.0,0.0,0.0,2.1089620000000004,36.82742706653936,56.63103662111931,0.0,0.0,0.0,1.0,0.0,0.0,1000,20.097888987877507,4.040975917870004,0.0,-0.2038295549936895,36073252_24
36073252_12,GAS_COST=2/SEED=6/36073252_12,2.0,6,0.01,inventory,0,15,100,1005,1000,DeployWide,12.778933753980283,13.919367309882404,11.961434284768302,-9.371417503759556,37.770858544332846,-15.105149504433719,-23.347849320742046,0.1579411047030017,0.039718924975780556,0.838,9.102629756367264e-135,4.893484319113367e-110,12.778933753980283,30.0,0.0,0.0,2.1089620000000004,36.82742706653936,56.63103662111931,0.0,0.0,0.0,1.0,0.0,0.0,1000,16.685245762715283,3.6849859328057866,0.0,-0.22132607592921472,36073252_24
36073252_12,GAS_COST=2/SEED=6/36073252_12,2.0,6,0.01,inventory,0,15,100,1005,1000,ArrivalRebalance,30.609372960446052,19.342621726104387,29.37027858997544,1.2689570261408507,66.0968112349984,-4.679519311254573,-13.464000839451945,0.500384365938578,0.4679963186620779,0.956,2.8145562623109036e-274,3.3007513620210018e-161,30.609372960446052,2.0,0.0,0.0,0.21988900000000006,25.84853499101164,10.696880282992748,0.0,0.0,0.0,5.51,4.51,0.451,1000,48.96146689415994,8.918276222902811,9.02,-0.4138177108110725,36073252_24
36073252_12,GAS_COST=2/SEED=6/36073252_12,2.0,6,0.01,inventory,0,15,100,1005,1000,CDM,24.5565655138763,11.799920771427688,25.234650818770774,4.106808310302426,42.86796881336147,-2.427336274027143,-12.350241369351636,-0.3892137752724571,0.30982541411917364,0.973,0.0,1.3482951593962087e-162,24.5565655138763,29.914421,1.530331100545373,0.046296563144578966,0.10117349999999999,13.44940963671174,4.306702486490998,-1.9906157346738227,4.910211059961963,0.644396240959442,8.577,7.577,0.7577,1000,50.60152991375624,10.665572111111327,15.154,-0.22539228876861264,36073252_24
36073252_13,GAS_COST=2/SEED=6/36073252_13,2.0,6,0.01,inventory,50,15,100,1005,1000,DeployNarrow,15.853083515013815,16.956191085381878,13.602949112645433,-8.712122030260673,46.928570278263656,-14.51668028381976,-24.147723319955094,0.5902063636490774,0.6281835443937513,0.853,2.0179327643643057e-138,1.312957613589948e-118,15.853083515013815,2.0,0.0,0.0,2.1089620000000004,36.82742706653936,56.63103662111931,0.0,0.0,0.0,1.0,0.0,0.0,1000,20.097888987877507,4.040975917870004,0.0,-0.2038295549936895,36073252_24
36073252_13,GAS_COST=2/SEED=6/36073252_13,2.0,6,0.01,inventory,50,15,100,1005,1000,DeployWide,12.778933753980283,13.919367309882404,11.961434284768302,-9.371417503759556,37.770858544332846,-15.105149504433719,-23.347849320742046,0.1579411047030017,0.039718924975780556,0.838,9.102629756367264e-135,4.893484319113367e-110,12.778933753980283,30.0,0.0,0.0,2.1089620000000004,36.82742706653936,56.63103662111931,0.0,0.0,0.0,1.0,0.0,0.0,1000,16.685245762715283,3.6849859328057866,0.0,-0.22132607592921472,36073252_24
36073252_13,GAS_COST=2/SEED=6/36073252_13,2.0,6,0.01,inventory,50,15,100,1005,1000,ArrivalRebalance,30.609372960446052,19.342621726104387,29.37027858997544,1.2689570261408507,66.0968112349984,-4.679519311254573,-13.464000839451945,0.500384365938578,0.4679963186620779,0.956,2.8145562623109036e-274,3.3007513620210018e-161,30.609372960446052,2.0,0.0,0.0,0.21988900000000006,25.84853499101164,10.696880282992748,0.0,0.0,0.0,5.51,4.51,0.451,1000,48.96146689415994,8.918276222902811,9.02,-0.4138177108110725,36073252_24
36073252_13,GAS_COST=2/SEED=6/36073252_13,2.0,6,0.01,inventory,50,15,100,1005,1000,CDM,24.5565655138763,11.799920771427688,25.234650818770774,4.106808310302426,42.86796881336147,-2.427336274027143,-12.350241369351636,-0.3892137752724571,0.30982541411917364,0.973,0.0,1.3482951593962087e-162,24.5565655138763,29.914421,1.530331100545373,0.046296563144578966,0.10117349999999999,13.44940963671174,4.306702486490998,-1.9906157346738227,4.910211059961963,0.644396240959442,8.577,7.577,0.7577,1000,50.60152991375624,10.665572111111327,15.154,-0.22539228876861264,36073252_24
36073252_14,GAS_COST=2/SEED=6/36073252_14,2.0,6,0.02,inventory,0,15,100,1005,1000,DeployNarrow,6.477607686199505,17.950551852566374,7.581377161501109,-23.96664213352248,34.81409255433276,-35.36628440504408,-50.708465953253054,-0.29864590423878545,0.9643093515796797,0.73,2.0575071009793284e-28,4.557474664873838e-33,6.477607686199505,2.0,0.0,0.0,4.403665000000001,69.87534397238362,108.28602515580104,0.0,0.0,0.0,1.0,0.0,0.0,1000,14.95097553137955,8.066962979097362,0.0,-0.406404866082683,36073252_26
36073252_14,GAS_COST=2/SEED=6/36073252_14,2.0,6,0.02,inventory,0,15,100,1005,1000,DeployWide,4.09478718770963,16.271817552955877,6.268138593964352,-24.95742360716701,27.8048911655416,-36.48392899469141,-51.603535519010464,-0.7388667337633585,0.9833922200896059,0.689,4.873609609898465e-15,1.7472770175243966e-21,4.09478718770963,30.0,0.0,0.0,4.403665000000001,69.87534397238362,108.28602515580104,0.0,0.0,0.0,1.0,0.0,0.0,1000,12.223730533503973,7.687185265063061,0.0,-0.4417580807312825,36073252_26
36073252_14,GAS_COST=2/SEED=6/36073252_14,2.0,6,0.02,inventory,0,15,100,1005,1000,ArrivalRebalance,7.9542108106550735,20.468076960484634,8.04554329460376,-25.91876936542635,41.71659917191731,-39.10763501601193,-59.241280621473,-0.28426781920580285,0.7413585847173905,0.672,2.1329464550171011e-32,1.6586785104452489e-34,7.9542108106550735,2.0,0.0,0.0,0.6782760000000001,39.306576008267555,16.047503532195407,0.0,0.0,0.0,6.806,5.806,0.5806,1000,40.69666078599231,20.822017744512873,11.612,-0.3084322308243573,36073252_26
36073252_14,GAS_COST=2/SEED=6/36073252_14,2.0,6,0.02,inventory,0,15,100,1005,1000,CDM,-39.33079240042577,50.64273073289341,-26.15777584032037,-135.39859009041567,13.729645117584532,-191.29110076161808,-281.4110959807993,-1.9828179189535695,6.100684951856943,0.176,1.6901169318502788e-104,5.930358451732921e-119,-39.33079240042577,29.533332,3.251946265746878,0.49245512666231855,0.110292,14.773391864330144,4.419248094895329,-2.876108921926836,5.288100168901639,1.8604629990144108,29.551,28.551,2.8550999999999997,1000,53.766239694272095,35.51913915333303,57.102,-0.4758929413648286,36073252_26
36073252_15,GAS_COST=2/SEED=6/36073252_15,2.0,6,0.02,inventory,50,15,100,1005,1000,DeployNarrow,6.477607686199505,17.950551852566374,7.581377161501109,-23.96664213352248,34.81409255433276,-35.36628440504408,-50.708465953253054,-0.29864590423878545,0.9643093515796797,0.73,2.0575071009793284e-28,4.557474664873838e-33,6.477607686199505,2.0,0.0,0.0,4.403665000000001,69.87534397238362,108.28602515580104,0.0,0.0,0.0,1.0,0.0,0.0,1000,14.95097553137955,8.066962979097362,0.0,-0.406404866082683,36073252_26
36073252_15,GAS_COST=2/SEED=6/36073252_15,2.0,6,0.02,inventory,50,15,100,1005,1000,DeployWide,4.09478718770963,16.271817552955877,6.268138593964352,-24.95742360716701,27.8048911655416,-36.48392899469141,-51.603535519010464,-0.7388667337633585,0.9833922200896059,0.689,4.873609609898465e-15,1.7472770175243966e-21,4.09478718770963,30.0,0.0,0.0,4.403665000000001,69.87534397238362,108.28602515580104,0.0,0.0,0.0,1.0,0.0,0.0,1000,12.223730533503973,7.687185265063061,0.0,-0.4417580807312825,36073252_26
36073252_15,GAS_COST=2/SEED=6/36073252_15,2.0,6,0.02,inventory,50,15,100,1005,1000,ArrivalRebalance,7.9542108106550735,20.468076960484634,8.04554329460376,-25.91876936542635,41.71659917191731,-39.10763501601193,-59.241280621473,-0.28426781920580285,0.7413585847173905,0.672,2.1329464550171011e-32,1.6586785104452489e-34,7.9542108106550735,2.0,0.0,0.0,0.6782760000000001,39.306576008267555,16.047503532195407,0.0,0.0,0.0,6.806,5.806,0.5806,1000,40.69666078599231,20.822017744512873,11.612,-0.3084322308243573,36073252_26
36073252_15,GAS_COST=2/SEED=6/36073252_15,2.0,6,0.02,inventory,50,15,100,1005,1000,CDM,-39.33079240042577,50.64273073289341,-26.15777584032037,-135.39859009041567,13.729645117584532,-191.29110076161808,-281.4110959807993,-1.9828179189535695,6.100684951856943,0.176,1.6901169318502788e-104,5.930358451732921e-119,-39.33079240042577,29.533332,3.251946265746878,0.49245512666231855,0.110292,14.773391864330144,4.419248094895329,-2.876108921926836,5.288100168901639,1.8604629990144108,29.551,28.551,2.8550999999999997,1000,53.766239694272095,35.51913915333303,57.102,-0.4758929413648286,36073252_26
36152596_0,GAS_COST=2/SEED=6/36152596_0,2.0,6,0.03,inventory,0,15,100,1005,1000,DeployNarrow,0.0964713179157136,21.608472923836356,4.591528776128712,-39.48090507159393,30.516724477229925,-56.168761744772,-77.51757365376551,-0.9939289254221594,1.4110702917728162,0.639,0.8878117262763568,0.0004431826460404742,0.0964713179157136,2.0,0.0,0.0,6.296102000000001,96.94789970336959,150.87963598766268,0.0,0.0,0.0,1.0,0.0,0.0,1000,12.694181874704732,11.98994608484544,0.0,-0.60776447194358,36073252_28
36152596_0,GAS_COST=2/SEED=6/36152596_0,2.0,6,0.03,inventory,0,15,100,1005,1000,DeployWide,-2.1249120924062783,20.711410886736758,3.508260511740332,-40.699911794290735,23.251087766135786,-57.32995524756137,-78.77373364024155,-1.2065330299070676,1.5971025947457242,0.622,0.0012230019249894906,0.29595422476571565,-2.1249120924062783,30.0,0.0,0.0,6.296102000000001,96.94789970336959,150.87963598766268,0.0,0.0,0.0,1.0,0.0,0.0,1000,10.120122894412997,11.58370050935898,0.0,-0.6613344774602958,36073252_28
36152596_0,GAS_COST=2/SEED=6/36152596_0,2.0,6,0.03,inventory,0,15,100,1005,1000,ArrivalRebalance,-10.637955146642154,26.119650471557517,-6.951198806330183,-54.48687365750829,26.982942469402392,-76.86715457142787,-109.57899863637826,-0.818489455241239,1.6695173594505563,0.367,3.3899341038360466e-35,7.734396534428271e-30,-10.637955146642154,2.0,0.0,0.0,1.0552480000000002,46.16844849656831,21.107091236418533,0.0,0.0,0.0,7.0,6.0,0.6,1000,34.96805478287428,32.5546964405458,12.0,-1.0513134889706421,36073252_28
36152596_0,GAS_COST=2/SEED=6/36152596_0,2.0,6,0.03,inventory,0,15,100,1005,1000,CDM,-3.341656629503986,20.250305824244503,0.0,-41.70806257779816,22.65908810637193,-57.04780737247353,-77.99773849329829,-1.0443350840906989,1.7042676560015781,0.462,2.2257865805073595e-07,0.007270418425179352,-3.341656629503986,1.0006959999999998,0.02199844503595652,0.004438421340972474,-8.544493999999998,96.9485334698569,150.83700636342516,-14.384,0.16404877323527906,0.7397368901620812,1.048,0.048,0.0048,1000,8.652451791979411,11.896580876162732,0.096,-0.0015275453206637243,36073252_28
36152596_1,GAS_COST=2/SEED=6/36152596_1,2.0,6,0.03,inventory,50,15,100,1005,1000,DeployNarrow,0.0964713179157136,21.608472923836356,4.591528776128712,-39.48090507159393,30.516724477229925,-56.168761744772,-77.51757365376551,-0.9939289254221594,1.4110702917728162,0.639,0.8878117262763568,0.0004431826460404742,0.0964713179157136,2.0,0.0,0.0,6.296102000000001,96.94789970336959,150.87963598766268,0.0,0.0,0.0,1.0,0.0,0.0,1000,12.694181874704732,11.98994608484544,0.0,-0.60776447194358,36073252_28
36152596_1,GAS_COST=2/SEED=6/36152596_1,2.0,6,0.03,inventory,50,15,100,1005,1000,DeployWide,-2.1249120924062783,20.711410886736758,3.508260511740332,-40.699911794290735,23.251087766135786,-57.32995524756137,-78.77373364024155,-1.2065330299070676,1.5971025947457242,0.622,0.0012230019249894906,0.29595422476571565,-2.1249120924062783,30.0,0.0,0.0,6.296102000000001,96.94789970336959,150.87963598766268,0.0,0.0,0.0,1.0,0.0,0.0,1000,10.120122894412997,11.58370050935898,0.0,-0.6613344774602958,36073252_28
36152596_1,GAS_COST=2/SEED=6/36152596_1,2.0,6,0.03,inventory,50,15,100,1005,1000,ArrivalRebalance,-10.637955146642154,26.119650471557517,-6.951198806330183,-54.48687365750829,26.982942469402392,-76.86715457142787,-109.57899863637826,-0.818489455241239,1.6695173594505563,0.367,3.3899341038360466e-35,7.734396534428271e-30,-10.637955146642154,2.0,0.0,0.0,1.0552480000000002,46.16844849656831,21.107091236418533,0.0,0.0,0.0,7.0,6.0,0.6,1000,34.96805478287428,32.5546964405458,12.0,-1.0513134889706421,36073252_28
36152596_1,GAS_COST=2/SEED=6/36152596_1,2.0,6,0.03,inventory,50,15,100,1005,1000,CDM,-3.341656629503986,20.250305824244503,0.0,-41.70806257779816,22.65908810637193,-57.04780737247353,-77.99773849329829,-1.0443350840906989,1.7042676560015781,0.462,2.2257865805073595e-07,0.007270418425179352,-3.341656629503986,1.0006959999999998,0.02199844503595652,0.004438421340972474,-8.544493999999998,96.9485334698569,150.83700636342516,-14.384,0.16404877323527906,0.7397368901620812,1.048,0.048,0.0048,1000,8.652451791979411,11.896580876162732,0.096,-0.0015275453206637243,36073252_28
36073252_20,GAS_COST=2/SEED=8/36073252_20,2.0,8,0.02,inventory,0,15,100,1005,1000,DeployNarrow,6.477607686199505,17.950551852566374,7.581377161501109,-23.96664213352248,34.81409255433276,-35.36628440504408,-50.708465953253054,-0.29864590423878545,0.9643093515796797,0.73,2.0575071009793284e-28,4.557474664873838e-33,6.477607686199505,2.0,0.0,0.0,4.403665000000001,69.87534397238362,108.28602515580104,0.0,0.0,0.0,1.0,0.0,0.0,1000,14.95097553137955,8.066962979097362,0.0,-0.406404866082683,36073252_26
36073252_20,GAS_COST=2/SEED=8/36073252_20,2.0,8,0.02,inventory,0,15,100,1005,1000,DeployWide,4.09478718770963,16.271817552955877,6.268138593964352,-24.95742360716701,27.8048911655416,-36.48392899469141,-51.603535519010464,-0.7388667337633585,0.9833922200896059,0.689,4.873609609898465e-15,1.7472770175243966e-21,4.09478718770963,30.0,0.0,0.0,4.403665000000001,69.87534397238362,108.28602515580104,0.0,0.0,0.0,1.0,0.0,0.0,1000,12.223730533503973,7.687185265063061,0.0,-0.4417580807312825,36073252_26
36073252_20,GAS_COST=2/SEED=8/36073252_20,2.0,8,0.02,inventory,0,15,100,1005,1000,ArrivalRebalance,7.9542108106550735,20.468076960484634,8.04554329460376,-25.91876936542635,41.71659917191731,-39.10763501601193,-59.241280621473,-0.28426781920580285,0.7413585847173905,0.672,2.1329464550171011e-32,1.6586785104452489e-34,7.9542108106550735,2.0,0.0,0.0,0.6782760000000001,39.306576008267555,16.047503532195407,0.0,0.0,0.0,6.806,5.806,0.5806,1000,40.69666078599231,20.822017744512873,11.612,-0.3084322308243573,36073252_26
36073252_20,GAS_COST=2/SEED=8/36073252_20,2.0,8,0.02,inventory,0,15,100,1005,1000,CDM,-39.33079240042577,50.64273073289341,-26.15777584032037,-135.39859009041567,13.729645117584532,-191.29110076161808,-281.4110959807993,-1.9828179189535695,6.100684951856943,0.176,1.6901169318502788e-104,5.930358451732921e-119,-39.33079240042577,29.533332,3.251946265746878,0.49245512666231855,0.110292,14.773391864330144,4.419248094895329,-2.876108921926836,5.288100168901639,1.8604629990144108,29.551,28.551,2.8550999999999997,1000,53.766239694272095,35.51913915333303,57.102,-0.4758929413648286,36073252_26
36073252_21,GAS_COST=2/SEED=8/36073252_21,2.0,8,0.02,inventory,50,15,100,1005,1000,DeployNarrow,6.477607686199505,17.950551852566374,7.581377161501109,-23.96664213352248,34.81409255433276,-35.36628440504408,-50.708465953253054,-0.29864590423878545,0.9643093515796797,0.73,2.0575071009793284e-28,4.557474664873838e-33,6.477607686199505,2.0,0.0,0.0,4.403665000000001,69.87534397238362,108.28602515580104,0.0,0.0,0.0,1.0,0.0,0.0,1000,14.95097553137955,8.066962979097362,0.0,-0.406404866082683,36073252_26
36073252_21,GAS_COST=2/SEED=8/36073252_21,2.0,8,0.02,inventory,50,15,100,1005,1000,DeployWide,4.09478718770963,16.271817552955877,6.268138593964352,-24.95742360716701,27.8048911655416,-36.48392899469141,-51.603535519010464,-0.7388667337633585,0.9833922200896059,0.689,4.873609609898465e-15,1.7472770175243966e-21,4.09478718770963,30.0,0.0,0.0,4.403665000000001,69.87534397238362,108.28602515580104,0.0,0.0,0.0,1.0,0.0,0.0,1000,12.223730533503973,7.687185265063061,0.0,-0.4417580807312825,36073252_26
36073252_21,GAS_COST=2/SEED=8/36073252_21,2.0,8,0.02,inventory,50,15,100,1005,1000,ArrivalRebalance,7.9542108106550735,20.468076960484634,8.04554329460376,-25.91876936542635,41.71659917191731,-39.10763501601193,-59.241280621473,-0.28426781920580285,0.7413585847173905,0.672,2.1329464550171011e-32,1.6586785104452489e-34,7.9542108106550735,2.0,0.0,0.0,0.6782760000000001,39.306576008267555,16.047503532195407,0.0,0.0,0.0,6.806,5.806,0.5806,1000,40.69666078599231,20.822017744512873,11.612,-0.3084322308243573,36073252_26
36073252_21,GAS_COST=2/SEED=8/36073252_21,2.0,8,0.02,inventory,50,15,100,1005,1000,CDM,-39.33079240042577,50.64273073289341,-26.15777584032037,-135.39859009041567,13.729645117584532,-191.29110076161808,-281.4110959807993,-1.9828179189535695,6.100684951856943,0.176,1.6901169318502788e-104,5.930358451732921e-119,-39.33079240042577,29.533332,3.251946265746878,0.49245512666231855,0.110292,14.773391864330144,4.419248094895329,-2.876108921926836,5.288100168901639,1.8604629990144108,29.551,28.551,2.8550999999999997,1000,53.766239694272095,35.51913915333303,57.102,-0.4758929413648286,36073252_26
36073252_22,GAS_COST=2/SEED=8/36073252_22,2.0,8,0.03,inventory,0,15,100,1005,1000,DeployNarrow,0.0964713179157136,21.608472923836356,4.591528776128712,-39.48090507159393,30.516724477229925,-56.168761744772,-77.51757365376551,-0.9939289254221594,1.4110702917728162,0.639,0.8878117262763568,0.0004431826460404742,0.0964713179157136,2.0,0.0,0.0,6.296102000000001,96.94789970336959,150.87963598766268,0.0,0.0,0.0,1.0,0.0,0.0,1000,12.694181874704732,11.98994608484544,0.0,-0.60776447194358,36073252_28
36073252_22,GAS_COST=2/SEED=8/36073252_22,2.0,8,0.03,inventory,0,15,100,1005,1000,DeployWide,-2.1249120924062783,20.711410886736758,3.508260511740332,-40.699911794290735,23.251087766135786,-57.32995524756137,-78.77373364024155,-1.2065330299070676,1.5971025947457242,0.622,0.0012230019249894906,0.29595422476571565,-2.1249120924062783,30.0,0.0,0.0,6.296102000000001,96.94789970336959,150.87963598766268,0.0,0.0,0.0,1.0,0.0,0.0,1000,10.120122894412997,11.58370050935898,0.0,-0.6613344774602958,36073252_28
36073252_22,GAS_COST=2/SEED=8/36073252_22,2.0,8,0.03,inventory,0,15,100,1005,1000,ArrivalRebalance,-10.637955146642154,26.119650471557517,-6.951198806330183,-54.48687365750829,26.982942469402392,-76.86715457142787,-109.57899863637826,-0.818489455241239,1.6695173594505563,0.367,3.3899341038360466e-35,7.734396534428271e-30,-10.637955146642154,2.0,0.0,0.0,1.0552480000000002,46.16844849656831,21.107091236418533,0.0,0.0,0.0,7.0,6.0,0.6,1000,34.96805478287428,32.5546964405458,12.0,-1.0513134889706421,36073252_28
36073252_22,GAS_COST=2/SEED=8/36073252_22,2.0,8,0.03,inventory,0,15,100,1005,1000,CDM,-3.341656629503986,20.250305824244503,0.0,-41.70806257779816,22.65908810637193,-57.04780737247353,-77.99773849329829,-1.0443350840906989,1.7042676560015781,0.462,2.2257865805073595e-07,0.007270418425179352,-3.341656629503986,1.0006959999999998,0.02199844503595652,0.004438421340972474,-8.544493999999998,96.9485334698569,150.83700636342516,-14.384,0.16404877323527906,0.7397368901620812,1.048,0.048,0.0048,1000,8.652451791979411,11.896580876162732,0.096,-0.0015275453206637243,36073252_28
36073252_23,GAS_COST=2/SEED=8/36073252_23,2.0,8,0.03,inventory,50,15,100,1005,1000,DeployNarrow,0.0964713179157136,21.608472923836356,4.591528776128712,-39.48090507159393,30.516724477229925,-56.168761744772,-77.51757365376551,-0.9939289254221594,1.4110702917728162,0.639,0.8878117262763568,0.0004431826460404742,0.0964713179157136,2.0,0.0,0.0,6.296102000000001,96.94789970336959,150.87963598766268,0.0,0.0,0.0,1.0,0.0,0.0,1000,12.694181874704732,11.98994608484544,0.0,-0.60776447194358,36073252_28
36073252_23,GAS_COST=2/SEED=8/36073252_23,2.0,8,0.03,inventory,50,15,100,1005,1000,DeployWide,-2.1249120924062783,20.711410886736758,3.508260511740332,-40.699911794290735,23.251087766135786,-57.32995524756137,-78.77373364024155,-1.2065330299070676,1.5971025947457242,0.622,0.0012230019249894906,0.29595422476571565,-2.1249120924062783,30.0,0.0,0.0,6.296102000000001,96.94789970336959,150.87963598766268,0.0,0.0,0.0,1.0,0.0,0.0,1000,10.120122894412997,11.58370050935898,0.0,-0.6613344774602958,36073252_28
36073252_23,GAS_COST=2/SEED=8/36073252_23,2.0,8,0.03,inventory,50,15,100,1005,1000,ArrivalRebalance,-10.637955146642154,26.119650471557517,-6.951198806330183,-54.48687365750829,26.982942469402392,-76.86715457142787,-109.57899863637826,-0.818489455241239,1.6695173594505563,0.367,3.3899341038360466e-35,7.734396534428271e-30,-10.637955146642154,2.0,0.0,0.0,1.0552480000000002,46.16844849656831,21.107091236418533,0.0,0.0,0.0,7.0,6.0,0.6,1000,34.96805478287428,32.5546964405458,12.0,-1.0513134889706421,36073252_28
36073252_23,GAS_COST=2/SEED=8/36073252_23,2.0,8,0.03,inventory,50,15,100,1005,1000,CDM,-3.341656629503986,20.250305824244503,0.0,-41.70806257779816,22.65908810637193,-57.04780737247353,-77.99773849329829,-1.0443350840906989,1.7042676560015781,0.462,2.2257865805073595e-07,0.007270418425179352,-3.341656629503986,1.0006959999999998,0.02199844503595652,0.004438421340972474,-8.544493999999998,96.9485334698569,150.83700636342516,-14.384,0.16404877323527906,0.7397368901620812,1.048,0.048,0.0048,1000,8.652451791979411,11.896580876162732,0.096,-0.0015275453206637243,36073252_28
36152895_0,GAS_COST=2/SEED=8/36152895_0,2.0,8,0.01,inventory,0,15,100,1005,1000,DeployNarrow,15.853083515013815,16.956191085381878,13.602949112645433,-8.712122030260673,46.928570278263656,-14.51668028381976,-24.147723319955094,0.5902063636490774,0.6281835443937513,0.853,2.0179327643643057e-138,1.312957613589948e-118,15.853083515013815,2.0,0.0,0.0,2.1089620000000004,36.82742706653936,56.63103662111931,0.0,0.0,0.0,1.0,0.0,0.0,1000,20.097888987877507,4.040975917870004,0.0,-0.2038295549936895,36073252_24
36152895_0,GAS_COST=2/SEED=8/36152895_0,2.0,8,0.01,inventory,0,15,100,1005,1000,DeployWide,12.778933753980283,13.919367309882404,11.961434284768302,-9.371417503759556,37.770858544332846,-15.105149504433719,-23.347849320742046,0.1579411047030017,0.039718924975780556,0.838,9.102629756367264e-135,4.893484319113367e-110,12.778933753980283,30.0,0.0,0.0,2.1089620000000004,36.82742706653936,56.63103662111931,0.0,0.0,0.0,1.0,0.0,0.0,1000,16.685245762715283,3.6849859328057866,0.0,-0.22132607592921472,36073252_24
36152895_0,GAS_COST=2/SEED=8/36152895_0,2.0,8,0.01,inventory,0,15,100,1005,1000,ArrivalRebalance,30.609372960446052,19.342621726104387,29.37027858997544,1.2689570261408507,66.0968112349984,-4.679519311254573,-13.464000839451945,0.500384365938578,0.4679963186620779,0.956,2.8145562623109036e-274,3.3007513620210018e-161,30.609372960446052,2.0,0.0,0.0,0.21988900000000006,25.84853499101164,10.696880282992748,0.0,0.0,0.0,5.51,4.51,0.451,1000,48.96146689415994,8.918276222902811,9.02,-0.4138177108110725,36073252_24
36152895_0,GAS_COST=2/SEED=8/36152895_0,2.0,8,0.01,inventory,0,15,100,1005,1000,CDM,24.5565655138763,11.799920771427688,25.234650818770774,4.106808310302426,42.86796881336147,-2.427336274027143,-12.350241369351636,-0.3892137752724571,0.30982541411917364,0.973,0.0,1.3482951593962087e-162,24.5565655138763,29.914421,1.530331100545373,0.046296563144578966,0.10117349999999999,13.44940963671174,4.306702486490998,-1.9906157346738227,4.910211059961963,0.644396240959442,8.577,7.577,0.7577,1000,50.60152991375624,10.665572111111327,15.154,-0.22539228876861264,36073252_24
36152895_1,GAS_COST=2/SEED=8/36152895_1,2.0,8,0.01,inventory,50,15,100,1005,1000,DeployNarrow,15.853083515013815,16.956191085381878,13.602949112645433,-8.712122030260673,46.928570278263656,-14.51668028381976,-24.147723319955094,0.5902063636490774,0.6281835443937513,0.853,2.0179327643643057e-138,1.312957613589948e-118,15.853083515013815,2.0,0.0,0.0,2.1089620000000004,36.82742706653936,56.63103662111931,0.0,0.0,0.0,1.0,0.0,0.0,1000,20.097888987877507,4.040975917870004,0.0,-0.2038295549936895,36073252_24
36152895_1,GAS_COST=2/SEED=8/36152895_1,2.0,8,0.01,inventory,50,15,100,1005,1000,DeployWide,12.778933753980283,13.919367309882404,11.961434284768302,-9.371417503759556,37.770858544332846,-15.105149504433719,-23.347849320742046,0.1579411047030017,0.039718924975780556,0.838,9.102629756367264e-135,4.893484319113367e-110,12.778933753980283,30.0,0.0,0.0,2.1089620000000004,36.82742706653936,56.63103662111931,0.0,0.0,0.0,1.0,0.0,0.0,1000,16.685245762715283,3.6849859328057866,0.0,-0.22132607592921472,36073252_24
36152895_1,GAS_COST=2/SEED=8/36152895_1,2.0,8,0.01,inventory,50,15,100,1005,1000,ArrivalRebalance,30.609372960446052,19.342621726104387,29.37027858997544,1.2689570261408507,66.0968112349984,-4.679519311254573,-13.464000839451945,0.500384365938578,0.4679963186620779,0.956,2.8145562623109036e-274,3.3007513620210018e-161,30.609372960446052,2.0,0.0,0.0,0.21988900000000006,25.84853499101164,10.696880282992748,0.0,0.0,0.0,5.51,4.51,0.451,1000,48.96146689415994,8.918276222902811,9.02,-0.4138177108110725,36073252_24
36152895_1,GAS_COST=2/SEED=8/36152895_1,2.0,8,0.01,inventory,50,15,100,1005,1000,CDM,24.5565655138763,11.799920771427688,25.234650818770774,4.106808310302426,42.86796881336147,-2.427336274027143,-12.350241369351636,-0.3892137752724571,0.30982541411917364,0.973,0.0,1.3482951593962087e-162,24.5565655138763,29.914421,1.530331100545373,0.046296563144578966,0.10117349999999999,13.44940963671174,4.306702486490998,-1.9906157346738227,4.910211059961963,0.644396240959442,8.577,7.577,0.7577,1000,50.60152991375624,10.665572111111327,15.154,-0.22539228876861264,36073252_24
36073407_25,GAS_COST=4/SEED=10/36073407_25,4.0,10,0.01,inventory,50,15,100,1005,1000,DeployNarrow,15.853083515013815,16.956191085381878,13.602949112645433,-8.712122030260673,46.928570278263656,-14.51668028381976,-24.147723319955094,0.5902063636490774,0.6281835443937513,0.853,2.0179327643643057e-138,1.312957613589948e-118,-9.292846494625426,2.0,0.0,0.0,2.1089620000000004,36.82742706653936,56.63103662111931,0.0,0.0,0.0,1.0,0.0,0.0,1000,20.097888987877507,4.040975917870004,0.0,-0.2038295549936895,
36073407_25,GAS_COST=4/SEED=10/36073407_25,4.0,10,0.01,inventory,50,15,100,1005,1000,DeployWide,12.778933753980283,13.919367309882404,11.961434284768302,-9.371417503759556,37.770858544332846,-15.105149504433719,-23.347849320742046,0.1579411047030017,0.039718924975780556,0.838,9.102629756367264e-135,4.893484319113367e-110,-10.581574388025514,30.0,0.0,0.0,2.1089620000000004,36.82742706653936,56.63103662111931,0.0,0.0,0.0,1.0,0.0,0.0,1000,16.685245762715283,3.6849859328057866,0.0,-0.22132607592921472,
36073407_25,GAS_COST=4/SEED=10/36073407_25,4.0,10,0.01,inventory,50,15,100,1005,1000,ArrivalRebalance,21.42998811786843,19.43656975941591,20.017627632193864,-8.69003564762791,57.018904320609884,-14.348686851210912,-23.44218206287592,0.4921584469350813,0.5003021082219701,0.882,9.021744496672386e-175,8.325254907592e-136,-3.8816046829643964,2.0,0.0,0.0,0.21988900000000006,25.84853499101164,10.696880282992748,0.0,0.0,0.0,5.51,4.51,0.451,1000,48.76327773457921,8.880852999340096,18.04,-0.41243661737068826,
36073407_25,GAS_COST=4/SEED=10/36073407_25,4.0,10,0.01,inventory,50,15,100,1005,1000,CDM,9.055466786820736,15.536042191356476,10.133023858279046,-18.581319683352167,32.656567036011516,-26.801706335469227,-38.94956926908926,-0.36683839855060657,0.28434503621971885,0.747,1.7893715761809645e-65,2.5649954448138487e-61,-9.961590104331059,29.914421,1.530331100545373,0.046296563144578966,0.10117349999999999,13.44940963671174,4.306702486490998,-1.9906157346738227,4.910211059961963,0.644396240959442,8.577,7.577,0.7577,1000,50.158350783744076,10.571690421353333,30.308,-0.223193575570008,
36073407_26,GAS_COST=4/SEED=10/36073407_26,4.0,10,0.02,inventory,0,15,100,1005,1000,DeployNarrow,6.477607686199505,17.950551852566374,7.581377161501109,-23.96664213352248,34.81409255433276,-35.36628440504408,-50.708465953253054,-0.29864590423878545,0.9643093515796797,0.73,2.0575071009793284e-28,4.557474664873838e-33,6.477607686199505,2.0,0.0,0.0,4.403665000000001,69.87534397238362,108.28602515580104,0.0,0.0,0.0,1.0,0.0,0.0,1000,14.95097553137955,8.066962979097362,0.0,-0.406404866082683,
36073407_26,GAS_COST=4/SEED=10/36073407_26,4.0,10,0.02,inventory,0,15,100,1005,1000,DeployWide,4.09478718770963,16.271817552955877,6.268138593964352,-24.95742360716701,27.8048911655416,-36.48392899469141,-51.603535519010464,-0.7388667337633585,0.9833922200896059,0.689,4.873609609898465e-15,1.7472770175243966e-21,4.09478718770963,30.0,0.0,0.0,4.403665000000001,69.87534397238362,108.28602515580104,0.0,0.0,0.0,1.0,0.0,0.0,1000,12.223730533503973,7.687185265063061,0.0,-0.4417580807312825,
36073407_26,GAS_COST=4/SEED=10/36073407_26,4.0,10,0.02,inventory,0,15,100,1005,1000,ArrivalRebalance,-3.751240623989588,20.55128633631821,-3.649789108367372,-37.77397231087919,29.96862528166854,-50.85640829392216,-70.99221340640256,-0.26996616934536993,0.7421177512533754,0.426,1.0614417251548288e-08,7.926084211788751e-08,-3.751240623989588,2.0,0.0,0.0,0.6782760000000001,39.306576008267555,16.047503532195407,0.0,0.0,0.0,6.806,5.806,0.5806,1000,40.48800312941947,20.708766418788453,23.224,-0.3064773346206028,
36073407_26,GAS_COST=4/SEED=10/36073407_26,4.0,10,0.02,inventory,0,15,100,1005,1000,CDM,-89.78038606178801,77.85326733540943,-65.13314876467552,-243.67677054510696,-10.645729925003765,-321.9742638154355,-444.1338605776626,-1.884683446010848,5.004324935194228,0.018,1.0997351832144508e-185,6.122109836780347e-164,-89.78038606178801,29.559113,3.190445003928652,0.4403626757923521,0.11317150000000001,14.776408748345652,4.385739972209678,-2.8226982076939358,5.267035184876702,1.8043442766300866,27.762,26.762,2.6761999999999997,1000,51.83220066120548,34.10875094807034,107.048,-0.45583577492315863,
36073407_27,GAS_COST=4/SEED=10/36073407_27,4.0,10,0.02,inventory,50,15,100,1005,1000,DeployNarrow,6.477607686199505,17.950551852566374,7.581377161501109,-23.96664213352248,34.81409255433276,-35.36628440504408,-50.708465953253054,-0.29864590423878545,0.9643093515796797,0.73,2.0575071009793284e-28,4.557474664873838e-33,6.477607686199505,2.0,0.0,0.0,4.403665000000001,69.87534397238362,108.28602515580104,0.0,0.0,0.0,1.0,0.0,0.0,1000,14.95097553137955,8.066962979097362,0.0,-0.406404866082683,36073407_26
36073407_27,GAS_COST=4/SEED=10/36073407_27,4.0,10,0.02,inventory,50,15,100,1005,1000,DeployWide,4.09478718770963,16.271817552955877,6.268138593964352,-24.95742360716701,27.8048911655416,-36.48392899469141,-51.603535519010464,-0.7388667337633585,0.9833922200896059,0.689,4.873609609898465e-15,1.7472770175243966e-21,4.09478718770963,30.0,0.0,0.0,4.403665000000001,69.87534397238362,108.28602515580104,0.0,0.0,0.0,1.0,0.0,0.0,1000,12.223730533503973,7.687185265063061,0.0,-0.4417580807312825,36073407_26
36073407_27,GAS_COST=4/SEED=10/36073407_27,4.0,10,0.02,inventory,50,15,100,1005,1000,ArrivalRebalance,-3.751240623989588,20.55128633631821,-3.649789108367372,-37.77397231087919,29.96862528166854,-50.85640829392216,-70.99221340640256,-0.26996616934536993,0.7421177512533754,0.426,1.0614417251548288e-08,7.926084211788751e-08,-3.751240623989588,2.0,0.0,0.0,0.6782760000000001,39.306576008267555,16.047503532195407,0.0,0.0,0.0,6.806,5.806,0.5806,1000,40.48800312941947,20.708766418788453,23.224,-0.3064773346206028,36073407_26
36073407_27,GAS_COST=4/SEED=10/36073407_27,4.0,10,0.02,inventory,50,15,100,1005,1000,CDM,-89.78038606178801,77.85326733540943,-65.13314876467552,-243.67677054510696,-10.645729925003765,-321.9742638154355,-444.1338605776626,-1.884683446010848,5.004324935194228,0.018,1.0997351832144508e-185,6.122109836780347e-164,-89.78038606178801,29.559113,3.190445003928652,0.4403626757923521,0.11317150000000001,14.776408748345652,4.385739972209678,-2.8226982076939358,5.267035184876702,1.8043442766300866,27.762,26.762,2.6761999999999997,1000,51.83220066120548,34.10875094807034,107.048,-0.45583577492315863,36073407_26
36073407_28,GAS_COST=4/SEED=10/36073407_28,4.0,10,0.03,inventory,0,15,100,1005,1000,DeployNarrow,0.0964713179157136,21.608472923836356,4.591528776128712,-39.48090507159393,30.516724477229925,-56.168761744772,-77.51757365376551,-0.9939289254221594,1.4110702917728162,0.639,0.8878117262763568,0.0004431826460404742,0.0964713179157136,2.0,0.0,0.0,6.296102000000001,96.94789970336959,150.87963598766268,0.0,0.0,0.0,1.0,0.0,0.0,1000,12.694181874704732,11.98994608484544,0.0,-0.60776447194358,
36073407_28,GAS_COST=4/SEED=10/36073407_28,4.0,10,0.03,inventory,0,15,100,1005,1000,DeployWide,-2.1249120924062783,20.711410886736758,3.508260511740332,-40.699911794290735,23.251087766135786,-57.32995524756137,-78.77373364024155,-1.2065330299070676,1.5971025947457242,0.622,0.0012230019249894906,0.29595422476571565,-2.1249120924062783,30.0,0.0,0.0,6.296102000000001,96.94789970336959,150.87963598766268,0.0,0.0,0.0,1.0,0.0,0.0,1000,10.120122894412997,11.58370050935898,0.0,-0.6613344774602958,
36073407_28,GAS_COST=4/SEED=10/36073407_28,4.0,10,0.03,inventory,0,15,100,1005,1000,ArrivalRebalance,-22.624762571287203,25.967530093888755,-18.96056287585958,-66.37704590316031,14.702360768320451,-88.46793780163497,-120.96502701477138,-0.8182018492705129,1.6676198835116978,0.179,1.1472975606828848e-124,1.1181598990221495e-110,-22.624762571287203,2.0,0.0,0.0,1.0552480000000002,46.16844849656831,21.107091236418533,0.0,0.0,0.0,7.0,6.0,0.6,1000,34.78323250735416,32.36372203820051,24.0,-1.0442730404408505,
36073407_28,GAS_COST=4/SEED=10/36073407_28,4.0,10,0.03,inventory,0,15,100,1005,1000,CDM,-3.4374486034944414,20.22734960618237,0.0,-42.564194855707065,22.115380500426067,-57.1777186049395,-77.99773849329829,-1.050140846813203,1.7065479759148632,0.461,9.724922785807369e-08,0.004099752105173056,-3.4374486034944414,1.0006959999999998,0.02199844503595652,0.004438421340972474,-8.544493999999998,96.9485334698569,150.83700636342516,-14.384,0.16404877323527906,0.7397368901620812,1.048,0.048,0.0048,1000,8.651427024075025,11.895351115389978,0.192,-0.0015245121794880382,
36073407_29,GAS_COST=4/SEED=10/36073407_29,4.0,10,0.03,inventory,50,15,100,1005,1000,DeployNarrow,0.0964713179157136,21.608472923836356,4.591528776128712,-39.48090507159393,30.516724477229925,-56.168761744772,-77.51757365376551,-0.9939289254221594,1.4110702917728162,0.639,0.8878117262763568,0.0004431826460404742,0.0964713179157136,2.0,0.0,0.0,6.296102000000001,96.94789970336959,150.87963598766268,0.0,0.0,0.0,1.0,0.0,0.0,1000,12.694181874704732,11.98994608484544,0.0,-0.60776447194358,36073407_28
36073407_29,GAS_COST=4/SEED=10/36073407_29,4.0,10,0.03,inventory,50,15,100,1005,1000,DeployWide,-2.1249120924062783,20.711410886736758,3.508260511740332,-40.699911794290735,23.251087766135786,-57.32995524756137,-78.77373364024155,-1.2065330299070676,1.5971025947457242,0.622,0.0012230019249894906,0.29595422476571565,-2.1249120924062783,30.0,0.0,0.0,6.296102000000001,96.94789970336959,150.87963598766268,0.0,0.0,0.0,1.0,0.0,0.0,1000,10.120122894412997,11.58370050935898,0.0,-0.6613344774602958,36073407_28
36073407_29,GAS_COST=4/SEED=10/36073407_29,4.0,10,0.03,inventory,50,15,100,1005,1000,ArrivalRebalance,-22.624762571287203,25.967530093888755,-18.96056287585958,-66.37704590316031,14.702360768320451,-88.46793780163497,-120.96502701477138,-0.8182018492705129,1.6676198835116978,0.179,1.1472975606828848e-124,1.1181598990221495e-110,-22.624762571287203,2.0,0.0,0.0,1.0552480000000002,46.16844849656831,21.107091236418533,0.0,0.0,0.0,7.0,6.0,0.6,1000,34.78323250735416,32.36372203820051,24.0,-1.0442730404408505,36073407_28
36073407_29,GAS_COST=4/SEED=10/36073407_29,4.0,10,0.03,inventory,50,15,100,1005,1000,CDM,-3.4374486034944414,20.22734960618237,0.0,-42.564194855707065,22.115380500426067,-57.1777186049395,-77.99773849329829,-1.050140846813203,1.7065479759148632,0.461,9.724922785807369e-08,0.004099752105173056,-3.4374486034944414,1.0006959999999998,0.02199844503595652,0.004438421340972474,-8.544493999999998,96.9485334698569,150.83700636342516,-14.384,0.16404877323527906,0.7397368901620812,1.048,0.048,0.0048,1000,8.651427024075025,11.895351115389978,0.192,-0.0015245121794880382,36073407_28
36153170_0,GAS_COST=4/SEED=10/36153170_0,4.0,10,0.01,inventory,0,15,100,1005,1000,DeployNarrow,15.853083515013815,16.956191085381878,13.602949112645433,-8.712122030260673,46.928570278263656,-14.51668028381976,-24.147723319955094,0.5902063636490774,0.6281835443937513,0.853,2.0179327643643057e-138,1.312957613589948e-118,-9.292846494625426,2.0,0.0,0.0,2.1089620000000004,36.82742706653936,56.63103662111931,0.0,0.0,0.0,1.0,0.0,0.0,1000,20.097888987877507,4.040975917870004,0.0,-0.2038295549936895,36073407_25
36153170_0,GAS_COST=4/SEED=10/36153170_0,4.0,10,0.01,inventory,0,15,100,1005,1000,DeployWide,12.778933753980283,13.919367309882404,11.961434284768302,-9.371417503759556,37.770858544332846,-15.105149504433719,-23.347849320742046,0.1579411047030017,0.039718924975780556,0.838,9.102629756367264e-135,4.893484319113367e-110,-10.581574388025514,30.0,0.0,0.0,2.1089620000000004,36.82742706653936,56.63103662111931,0.0,0.0,0.0,1.0,0.0,0.0,1000,16.685245762715283,3.6849859328057866,0.0,-0.22132607592921472,36073407_25
36153170_0,GAS_COST=4/SEED=10/36153170_0,4.0,10,0.01,inventory,0,15,100,1005,1000,ArrivalRebalance,21.42998811786843,19.43656975941591,20.017627632193864,-8.69003564762791,57.018904320609884,-14.348686851210912,-23.44218206287592,0.4921584469350813,0.5003021082219701,0.882,9.021744496672386e-175,8.325254907592e-136,-3.8816046829643964,2.0,0.0,0.0,0.21988900000000006,25.84853499101164,10.696880282992748,0.0,0.0,0.0,5.51,4.51,0.451,1000,48.76327773457921,8.880852999340096,18.04,-0.41243661737068826,36073407_25
36153170_0,GAS_COST=4/SEED=10/36153170_0,4.0,10,0.01,inventory,0,15,100,1005,1000,CDM,9.055466786820736,15.536042191356476,10.133023858279046,-18.581319683352167,32.656567036011516,-26.801706335469227,-38.94956926908926,-0.36683839855060657,0.28434503621971885,0.747,1.7893715761809645e-65,2.5649954448138487e-61,-9.961590104331059,29.914421,1.530331100545373,0.046296563144578966,0.10117349999999999,13.44940963671174,4.306702486490998,-1.9906157346738227,4.910211059961963,0.644396240959442,8.577,7.577,0.7577,1000,50.158350783744076,10.571690421353333,30.308,-0.223193575570008,36073407_25
36160744_0,GAS_COST=4/SEED=12/36160744_0,4.0,12,0.01,inventory,0,15,100,1005,1000,DeployNarrow,15.853083515013815,16.956191085381878,13.602949112645433,-8.712122030260673,46.928570278263656,-14.51668028381976,-24.147723319955094,0.5902063636490774,0.6281835443937513,0.853,2.0179327643643057e-138,1.312957613589948e-118,-9.292846494625426,2.0,0.0,0.0,2.1089620000000004,36.82742706653936,56.63103662111931,0.0,0.0,0.0,1.0,0.0,0.0,1000,20.097888987877507,4.040975917870004,0.0,-0.2038295549936895,36073407_25
36160744_0,GAS_COST=4/SEED=12/36160744_0,4.0,12,0.01,inventory,0,15,100,1005,1000,DeployWide,12.778933753980283,13.919367309882404,11.961434284768302,-9.371417503759556,37.770858544332846,-15.105149504433719,-23.347849320742046,0.1579411047030017,0.039718924975780556,0.838,9.102629756367264e-135,4.893484319113367e-110,-10.581574388025514,30.0,0.0,0.0,2.1089620000000004,36.82742706653936,56.63103662111931,0.0,0.0,0.0,1.0,0.0,0.0,1000,16.685245762715283,3.6849859328057866,0.0,-0.22132607592921472,36073407_25
36160744_0,GAS_COST=4/SEED=12/36160744_0,4.0,12,0.01,inventory,0,15,100,1005,1000,ArrivalRebalance,21.42998811786843,19.43656975941591,20.017627632193864,-8.69003564762791,57.018904320609884,-14.348686851210912,-23.44218206287592,0.4921584469350813,0.5003021082219701,0.882,9.021744496672386e-175,8.325254907592e-136,-3.8816046829643964,2.0,0.0,0.0,0.21988900000000006,25.84853499101164,10.696880282992748,0.0,0.0,0.0,5.51,4.51,0.451,1000,48.76327773457921,8.880852999340096,18.04,-0.41243661737068826,36073407_25
36160744_0,GAS_COST=4/SEED=12/36160744_0,4.0,12,0.01,inventory,0,15,100,1005,1000,CDM,9.055466786820736,15.536042191356476,10.133023858279046,-18.581319683352167,32.656567036011516,-26.801706335469227,-38.94956926908926,-0.36683839855060657,0.28434503621971885,0.747,1.7893715761809645e-65,2.5649954448138487e-61,-9.961590104331059,29.914421,1.530331100545373,0.046296563144578966,0.10117349999999999,13.44940963671174,4.306702486490998,-1.9906157346738227,4.910211059961963,0.644396240959442,8.577,7.577,0.7577,1000,50.158350783744076,10.571690421353333,30.308,-0.223193575570008,36073407_25
36160744_1,GAS_COST=4/SEED=12/36160744_1,4.0,12,0.01,inventory,50,15,100,1005,1000,DeployNarrow,15.853083515013815,16.956191085381878,13.602949112645433,-8.712122030260673,46.928570278263656,-14.51668028381976,-24.147723319955094,0.5902063636490774,0.6281835443937513,0.853,2.0179327643643057e-138,1.312957613589948e-118,-9.292846494625426,2.0,0.0,0.0,2.1089620000000004,36.82742706653936,56.63103662111931,0.0,0.0,0.0,1.0,0.0,0.0,1000,20.097888987877507,4.040975917870004,0.0,-0.2038295549936895,36073407_25
36160744_1,GAS_COST=4/SEED=12/36160744_1,4.0,12,0.01,inventory,50,15,100,1005,1000,DeployWide,12.778933753980283,13.919367309882404,11.961434284768302,-9.371417503759556,37.770858544332846,-15.105149504433719,-23.347849320742046,0.1579411047030017,0.039718924975780556,0.838,9.102629756367264e-135,4.893484319113367e-110,-10.581574388025514,30.0,0.0,0.0,2.1089620000000004,36.82742706653936,56.63103662111931,0.0,0.0,0.0,1.0,0.0,0.0,1000,16.685245762715283,3.6849859328057866,0.0,-0.22132607592921472,36073407_25
36160744_1,GAS_COST=4/SEED=12/36160744_1,4.0,12,0.01,inventory,50,15,100,1005,1000,ArrivalRebalance,21.42998811786843,19.43656975941591,20.017627632193864,-8.69003564762791,57.018904320609884,-14.348686851210912,-23.44218206287592,0.4921584469350813,0.5003021082219701,0.882,9.021744496672386e-175,8.325254907592e-136,-3.8816046829643964,2.0,0.0,0.0,0.21988900000000006,25.84853499101164,10.696880282992748,0.0,0.0,0.0,5.51,4.51,0.451,1000,48.76327773457921,8.880852999340096,18.04,-0.41243661737068826,36073407_25
36160744_1,GAS_COST=4/SEED=12/36160744_1,4.0,12,0.01,inventory,50,15,100,1005,1000,CDM,9.055466786820736,15.536042191356476,10.133023858279046,-18.581319683352167,32.656567036011516,-26.801706335469227,-38.94956926908926,-0.36683839855060657,0.28434503621971885,0.747,1.7893715761809645e-65,2.5649954448138487e-61,-9.961590104331059,29.914421,1.530331100545373,0.046296563144578966,0.10117349999999999,13.44940963671174,4.306702486490998,-1.9906157346738227,4.910211059961963,0.644396240959442,8.577,7.577,0.7577,1000,50.158350783744076,10.571690421353333,30.308,-0.223193575570008,36073407_25
36160744_2,GAS_COST=4/SEED=12/36160744_2,4.0,12,0.02,inventory,0,15,100,1005,1000,DeployNarrow,6.477607686199505,17.950551852566374,7.581377161501109,-23.96664213352248,34.81409255433276,-35.36628440504408,-50.708465953253054,-0.29864590423878545,0.9643093515796797,0.73,2.0575071009793284e-28,4.557474664873838e-33,6.477607686199505,2.0,0.0,0.0,4.403665000000001,69.87534397238362,108.28602515580104,0.0,0.0,0.0,1.0,0.0,0.0,1000,14.95097553137955,8.066962979097362,0.0,-0.406404866082683,36073407_26
36160744_2,GAS_COST=4/SEED=12/36160744_2,4.0,12,0.02,inventory,0,15,100,1005,1000,DeployWide,4.09478718770963,16.271817552955877,6.268138593964352,-24.95742360716701,27.8048911655416,-36.48392899469141,-51.603535519010464,-0.7388667337633585,0.9833922200896059,0.689,4.873609609898465e-15,1.7472770175243966e-21,4.09478718770963,30.0,0.0,0.0,4.403665000000001,69.87534397238362,108.28602515580104,0.0,0.0,0.0,1.0,0.0,0.0,1000,12.223730533503973,7.687185265063061,0.0,-0.4417580807312825,36073407_26
36160744_2,GAS_COST=4/SEED=12/36160744_2,4.0,12,0.02,inventory,0,15,100,1005,1000,ArrivalRebalance,-3.751240623989588,20.55128633631821,-3.649789108367372,-37.77397231087919,29.96862528166854,-50.85640829392216,-70.99221340640256,-0.26996616934536993,0.7421177512533754,0.426,1.0614417251548288e-08,7.926084211788751e-08,-3.751240623989588,2.0,0.0,0.0,0.6782760000000001,39.306576008267555,16.047503532195407,0.0,0.0,0.0,6.806,5.806,0.5806,1000,40.48800312941947,20.708766418788453,23.224,-0.3064773346206028,36073407_26
36160744_2,GAS_COST=4/SEED=12/36160744_2,4.0,12,0.02,inventory,0,15,100,1005,1000,CDM,-89.78038606178801,77.85326733540943,-65.13314876467552,-243.67677054510696,-10.645729925003765,-321.9742638154355,-444.1338605776626,-1.884683446010848,5.004324935194228,0.018,1.0997351832144508e-185,6.122109836780347e-164,-89.78038606178801,29.559113,3.190445003928652,0.4403626757923521,0.11317150000000001,14.776408748345652,4.385739972209678,-2.8226982076939358,5.267035184876702,1.8043442766300866,27.762,26.762,2.6761999999999997,1000,51.83220066120548,34.10875094807034,107.048,-0.45583577492315863,36073407_26
36160744_3,GAS_COST=4/SEED=12/36160744_3,4.0,12,0.02,inventory,50,15,100,1005,1000,DeployNarrow,6.477607686199505,17.950551852566374,7.581377161501109,-23.96664213352248,34.81409255433276,-35.36628440504408,-50.708465953253054,-0.29864590423878545,0.9643093515796797,0.73,2.0575071009793284e-28,4.557474664873838e-33,6.477607686199505,2.0,0.0,0.0,4.403665000000001,69.87534397238362,108.28602515580104,0.0,0.0,0.0,1.0,0.0,0.0,1000,14.95097553137955,8.066962979097362,0.0,-0.406404866082683,36073407_26
36160744_3,GAS_COST=4/SEED=12/36160744_3,4.0,12,0.02,inventory,50,15,100,1005,1000,DeployWide,4.09478718770963,16.271817552955877,6.268138593964352,-24.95742360716701,27.8048911655416,-36.48392899469141,-51.603535519010464,-0.7388667337633585,0.9833922200896059,0.689,4.873609609898465e-15,1.7472770175243966e-21,4.09478718770963,30.0,0.0,0.0,4.403665000000001,69.87534397238362,108.28602515580104,0.0,0.0,0.0,1.0,0.0,0.0,1000,12.223730533503973,7.687185265063061,0.0,-0.4417580807312825,36073407_26
36160744_3,GAS_COST=4/SEED=12/36160744_3,4.0,12,0.02,inventory,50,15,100,1005,1000,ArrivalRebalance,-3.751240623989588,20.55128633631821,-3.649789108367372,-37.77397231087919,29.96862528166854,-50.85640829392216,-70.99221340640256,-0.26996616934536993,0.7421177512533754,0.426,1.0614417251548288e-08,7.926084211788751e-08,-3.751240623989588,2.0,0.0,0.0,0.6782760000000001,39.306576008267555,16.047503532195407,0.0,0.0,0.0,6.806,5.806,0.5806,1000,40.48800312941947,20.708766418788453,23.224,-0.3064773346206028,36073407_26
36160744_3,GAS_COST=4/SEED=12/36160744_3,4.0,12,0.02,inventory,50,15,100,1005,1000,CDM,-89.78038606178801,77.85326733540943,-65.13314876467552,-243.67677054510696,-10.645729925003765,-321.9742638154355,-444.1338605776626,-1.884683446010848,5.004324935194228,0.018,1.0997351832144508e-185,6.122109836780347e-164,-89.78038606178801,29.559113,3.190445003928652,0.4403626757923521,0.11317150000000001,14.776408748345652,4.385739972209678,-2.8226982076939358,5.267035184876702,1.8043442766300866,27.762,26.762,2.6761999999999997,1000,51.83220066120548,34.10875094807034,107.048,-0.45583577492315863,36073407_26
36160744_4,GAS_COST=4/SEED=12/36160744_4,4.0,12,0.03,inventory,0,15,100,1005,1000,DeployNarrow,0.0964713179157136,21.608472923836356,4.591528776128712,-39.48090507159393,30.516724477229925,-56.168761744772,-77.51757365376551,-0.9939289254221594,1.4110702917728162,0.639,0.8878117262763568,0.0004431826460404742,0.0964713179157136,2.0,0.0,0.0,6.296102000000001,96.94789970336959,150.87963598766268,0.0,0.0,0.0,1.0,0.0,0.0,1000,12.694181874704732,11.98994608484544,0.0,-0.60776447194358,36073407_28
36160744_4,GAS_COST=4/SEED=12/36160744_4,4.0,12,0.03,inventory,0,15,100,1005,1000,DeployWide,-2.1249120924062783,20.711410886736758,3.508260511740332,-40.699911794290735,23.251087766135786,-57.32995524756137,-78.77373364024155,-1.2065330299070676,1.5971025947457242,0.622,0.0012230019249894906,0.29595422476571565,-2.1249120924062783,30.0,0.0,0.0,6.296102000000001,96.94789970336959,150.87963598766268,0.0,0.0,0.0,1.0,0.0,0.0,1000,10.120122894412997,11.58370050935898,0.0,-0.6613344774602958,36073407_28
36160744_4,GAS_COST=4/SEED=12/36160744_4,4.0,12,0.03,inventory,0,15,100,1005,1000,ArrivalRebalance,-22.624762571287203,25.967530093888755,-18.96056287585958,-66.37704590316031,14.702360768320451,-88.46793780163497,-120.96502701477138,-0.8182018492705129,1.6676198835116978,0.179,1.1472975606828848e-124,1.1181598990221495e-110,-22.624762571287203,2.0,0.0,0.0,1.0552480000000002,46.16844849656831,21.107091236418533,0.0,0.0,0.0,7.0,6.0,0.6,1000,34.78323250735416,32.36372203820051,24.0,-1.0442730404408505,36073407_28
36160744_4,GAS_COST=4/SEED=12/36160744_4,4.0,12,0.03,inventory,0,15,100,1005,1000,CDM,-3.4374486034944414,20.22734960618237,0.0,-42.564194855707065,22.115380500426067,-57.1777186049395,-77.99773849329829,-1.050140846813203,1.7065479759148632,0.461,9.724922785807369e-08,0.004099752105173056,-3.4374486034944414,1.0006959999999998,0.02199844503595652,0.004438421340972474,-8.544493999999998,96.9485334698569,150.83700636342516,-14.384,0.16404877323527906,0.7397368901620812,1.048,0.048,0.0048,1000,8.651427024075025,11.895351115389978,0.192,-0.0015245121794880382,36073407_28
36160744_5,GAS_COST=4/SEED=12/36160744_5,4.0,12,0.03,inventory,50,15,100,1005,1000,DeployNarrow,0.0964713179157136,21.608472923836356,4.591528776128712,-39.48090507159393,30.516724477229925,-56.168761744772,-77.51757365376551,-0.9939289254221594,1.4110702917728162,0.639,0.8878117262763568,0.0004431826460404742,0.0964713179157136,2.0,0.0,0.0,6.296102000000001,96.94789970336959,150.87963598766268,0.0,0.0,0.0,1.0,0.0,0.0,1000,12.694181874704732,11.98994608484544,0.0,-0.60776447194358,36073407_28
36160744_5,GAS_COST=4/SEED=12/36160744_5,4.0,12,0.03,inventory,50,15,100,1005,1000,DeployWide,-2.1249120924062783,20.711410886736758,3.508260511740332,-40.699911794290735,23.251087766135786,-57.32995524756137,-78.77373364024155,-1.2065330299070676,1.5971025947457242,0.622,0.0012230019249894906,0.29595422476571565,-2.1249120924062783,30.0,0.0,0.0,6.296102000000001,96.94789970336959,150.87963598766268,0.0,0.0,0.0,1.0,0.0,0.0,1000,10.120122894412997,11.58370050935898,0.0,-0.6613344774602958,36073407_28
36160744_5,GAS_COST=4/SEED=12/36160744_5,4.0,12,0.03,inventory,50,15,100,1005,1000,ArrivalRebalance,-22.624762571287203,25.967530093888755,-18.96056287585958,-66.37704590316031,14.702360768320451,-88.46793780163497,-120.96502701477138,-0.8182018492705129,1.6676198835116978,0.179,1.1472975606828848e-124,1.1181598990221495e-110,-22.624762571287203,2.0,0.0,0.0,1.0552480000000002,46.16844849656831,21.107091236418533,0.0,0.0,0.0,7.0,6.0,0.6,1000,34.78323250735416,32.36372203820051,24.0,-1.0442730404408505,36073407_28
36160744_5,GAS_COST=4/SEED=12/36160744_5,4.0,12,0.03,inventory,50,15,100,1005,1000,CDM,-3.4374486034944414,20.22734960618237,0.0,-42.564194855707065,22.115380500426067,-57.1777186049395,-77.99773849329829,-1.050140846813203,1.7065479759148632,0.461,9.724922785807369e-08,0.004099752105173056,-3.4374486034944414,1.0006959999999998,0.02199844503595652,0.004438421340972474,-8.544493999999998,96.9485334698569,150.83700636342516,-14.384,0.16404877323527906,0.7397368901620812,1.048,0.048,0.0048,1000,8.651427024075025,11.895351115389978,0.192,-0.0015245121794880382,36073407_28
36160744_10,GAS_COST=4/SEED=14/36160744_10,4.0,14,0.03,inventory,0,15,100,1005,1000,DeployNarrow,0.0964713179157136,21.608472923836356,4.591528776128712,-39.48090507159393,30.516724477229925,-56.168761744772,-77.51757365376551,-0.9939289254221594,1.4110702917728162,0.639,0.8878117262763568,0.0004431826460404742,0.0964713179157136,2.0,0.0,0.0,6.296102000000001,96.94789970336959,150.87963598766268,0.0,0.0,0.0,1.0,0.0,0.0,1000,12.694181874704732,11.98994608484544,0.0,-0.60776447194358,36073407_28
36160744_10,GAS_COST=4/SEED=14/36160744_10,4.0,14,0.03,inventory,0,15,100,1005,1000,DeployWide,-2.1249120924062783,20.711410886736758,3.508260511740332,-40.699911794290735,23.251087766135786,-57.32995524756137,-78.77373364024155,-1.2065330299070676,1.5971025947457242,0.622,0.0012230019249894906,0.29595422476571565,-2.1249120924062783,30.0,0.0,0.0,6.296102000000001,96.94789970336959,150.87963598766268,0.0,0.0,0.0,1.0,0.0,0.0,1000,10.120122894412997,11.58370050935898,0.0,-0.6613344774602958,36073407_28
36160744_10,GAS_COST=4/SEED=14/36160744_10,4.0,14,0.03,inventory,0,15,100,1005,1000,ArrivalRebalance,-22.624762571287203,25.967530093888755,-18.96056287585958,-66.37704590316031,14.702360768320451,-88.46793780163497,-120.96502701477138,-0.8182018492705129,1.6676198835116978,0.179,1.1472975606828848e-124,1.1181598990221495e-110,-22.624762571287203,2.0,0.0,0.0,1.0552480000000002,46.16844849656831,21.107091236418533,0.0,0.0,0.0,7.0,6.0,0.6,1000,34.78323250735416,32.36372203820051,24.0,-1.0442730404408505,36073407_28
36160744_10,GAS_COST=4/SEED=14/36160744_10,4.0,14,0.03,inventory,0,15,100,1005,1000,CDM,-3.4374486034944414,20.22734960618237,0.0,-42.564194855707065,22.115380500426067,-57.1777186049395,-77.99773849329829,-1.050140846813203,1.7065479759148632,0.461,9.724922785807369e-08,0.004099752105173056,-3.4374486034944414,1.0006959999999998,0.02199844503595652,0.004438421340972474,-8.544493999999998,96.9485334698569,150.83700636342516,-14.384,0.16404877323527906,0.7397368901620812,1.048,0.048,0.0048,1000,8.651427024075025,11.895351115389978,0.192,-0.0015245121794880382,36073407_28
36160744_11,GAS_COST=4/SEED=14/36160744_11,4.0,14,0.03,inventory,50,15,100,1005,1000,DeployNarrow,0.0964713179157136,21.608472923836356,4.591528776128712,-39.48090507159393,30.516724477229925,-56.168761744772,-77.51757365376551,-0.9939289254221594,1.4110702917728162,0.639,0.8878117262763568,0.0004431826460404742,0.0964713179157136,2.0,0.0,0.0,6.296102000000001,96.94789970336959,150.87963598766268,0.0,0.0,0.0,1.0,0.0,0.0,1000,12.694181874704732,11.98994608484544,0.0,-0.60776447194358,36073407_28
36160744_11,GAS_COST=4/SEED=14/36160744_11,4.0,14,0.03,inventory,50,15,100,1005,1000,DeployWide,-2.1249120924062783,20.711410886736758,3.508260511740332,-40.699911794290735,23.251087766135786,-57.32995524756137,-78.77373364024155,-1.2065330299070676,1.5971025947457242,0.622,0.0012230019249894906,0.29595422476571565,-2.1249120924062783,30.0,0.0,0.0,6.296102000000001,96.94789970336959,150.87963598766268,0.0,0.0,0.0,1.0,0.0,0.0,1000,10.120122894412997,11.58370050935898,0.0,-0.6613344774602958,36073407_28
36160744_11,GAS_COST=4/SEED=14/36160744_11,4.0,14,0.03,inventory,50,15,100,1005,1000,ArrivalRebalance,-22.624762571287203,25.967530093888755,-18.96056287585958,-66.37704590316031,14.702360768320451,-88.46793780163497,-120.96502701477138,-0.8182018492705129,1.6676198835116978,0.179,1.1472975606828848e-124,1.1181598990221495e-110,-22.624762571287203,2.0,0.0,0.0,1.0552480000000002,46.16844849656831,21.107091236418533,0.0,0.0,0.0,7.0,6.0,0.6,1000,34.78323250735416,32.36372203820051,24.0,-1.0442730404408505,36073407_28
36160744_11,GAS_COST=4/SEED=14/36160744_11,4.0,14,0.03,inventory,50,15,100,1005,1000,CDM,-3.4374486034944414,20.22734960618237,0.0,-42.564194855707065,22.115380500426067,-57.1777186049395,-77.99773849329829,-1.050140846813203,1.7065479759148632,0.461,9.724922785807369e-08,0.004099752105173056,-3.4374486034944414,1.0006959999999998,0.02199844503595652,0.004438421340972474,-8.544493999999998,96.9485334698569,150.83700636342516,-14.384,0.16404877323527906,0.7397368901620812,1.048,0.048,0.0048,1000,8.651427024075025,11.895351115389978,0.192,-0.0015245121794880382,36073407_28
36160744_6,GAS_COST=4/SEED=14/36160744_6,4.0,14,0.01,inventory,0,15,100,1005,1000,DeployNarrow,15.853083515013815,16.956191085381878,13.602949112645433,-8.712122030260673,46.928570278263656,-14.51668028381976,-24.147723319955094,0.5902063636490774,0.6281835443937513,0.853,2.0179327643643057e-138,1.312957613589948e-118,-9.292846494625426,2.0,0.0,0.0,2.1089620000000004,36.82742706653936,56.63103662111931,0.0,0.0,0.0,1.0,0.0,0.0,1000,20.097888987877507,4.040975917870004,0.0,-0.2038295549936895,36073407_25
36160744_6,GAS_COST=4/SEED=14/36160744_6,4.0,14,0.01,inventory,0,15,100,1005,1000,DeployWide,12.778933753980283,13.919367309882404,11.961434284768302,-9.371417503759556,37.770858544332846,-15.105149504433719,-23.347849320742046,0.1579411047030017,0.039718924975780556,0.838,9.102629756367264e-135,4.893484319113367e-110,-10.581574388025514,30.0,0.0,0.0,2.1089620000000004,36.82742706653936,56.63103662111931,0.0,0.0,0.0,1.0,0.0,0.0,1000,16.685245762715283,3.6849859328057866,0.0,-0.22132607592921472,36073407_25
36160744_6,GAS_COST=4/SEED=14/36160744_6,4.0,14,0.01,inventory,0,15,100,1005,1000,ArrivalRebalance,21.42998811786843,19.43656975941591,20.017627632193864,-8.69003564762791,57.018904320609884,-14.348686851210912,-23.44218206287592,0.4921584469350813,0.5003021082219701,0.882,9.021744496672386e-175,8.325254907592e-136,-3.8816046829643964,2.0,0.0,0.0,0.21988900000000006,25.84853499101164,10.696880282992748,0.0,0.0,0.0,5.51,4.51,0.451,1000,48.76327773457921,8.880852999340096,18.04,-0.41243661737068826,36073407_25
36160744_6,GAS_COST=4/SEED=14/36160744_6,4.0,14,0.01,inventory,0,15,100,1005,1000,CDM,9.055466786820736,15.536042191356476,10.133023858279046,-18.581319683352167,32.656567036011516,-26.801706335469227,-38.94956926908926,-0.36683839855060657,0.28434503621971885,0.747,1.7893715761809645e-65,2.5649954448138487e-61,-9.961590104331059,29.914421,1.530331100545373,0.046296563144578966,0.10117349999999999,13.44940963671174,4.306702486490998,-1.9906157346738227,4.910211059961963,0.644396240959442,8.577,7.577,0.7577,1000,50.158350783744076,10.571690421353333,30.308,-0.223193575570008,36073407_25
36160744_7,GAS_COST=4/SEED=14/36160744_7,4.0,14,0.01,inventory,50,15,100,1005,1000,DeployNarrow,15.853083515013815,16.956191085381878,13.602949112645433,-8.712122030260673,46.928570278263656,-14.51668028381976,-24.147723319955094,0.5902063636490774,0.6281835443937513,0.853,2.0179327643643057e-138,1.312957613589948e-118,-9.292846494625426,2.0,0.0,0.0,2.1089620000000004,36.82742706653936,56.63103662111931,0.0,0.0,0.0,1.0,0.0,0.0,1000,20.097888987877507,4.040975917870004,0.0,-0.2038295549936895,36073407_25
36160744_7,GAS_COST=4/SEED=14/36160744_7,4.0,14,0.01,inventory,50,15,100,1005,1000,DeployWide,12.778933753980283,13.919367309882404,11.961434284768302,-9.371417503759556,37.770858544332846,-15.105149504433719,-23.347849320742046,0.1579411047030017,0.039718924975780556,0.838,9.102629756367264e-135,4.893484319113367e-110,-10.581574388025514,30.0,0.0,0.0,2.1089620000000004,36.82742706653936,56.63103662111931,0.0,0.0,0.0,1.0,0.0,0.0,1000,16.685245762715283,3.6849859328057866,0.0,-0.22132607592921472,36073407_25
36160744_7,GAS_COST=4/SEED=14/36160744_7,4.0,14,0.01,inventory,50,15,100,1005,1000,ArrivalRebalance,21.42998811786843,19.43656975941591,20.017627632193864,-8.69003564762791,57.018904320609884,-14.348686851210912,-23.44218206287592,0.4921584469350813,0.5003021082219701,0.882,9.021744496672386e-175,8.325254907592e-136,-3.8816046829643964,2.0,0.0,0.0,0.21988900000000006,25.84853499101164,10.696880282992748,0.0,0.0,0.0,5.51,4.51,0.451,1000,48.76327773457921,8.880852999340096,18.04,-0.41243661737068826,36073407_25
36160744_7,GAS_COST=4/SEED=14/36160744_7,4.0,14,0.01,inventory,50,15,100,1005,1000,CDM,9.055466786820736,15.536042191356476,10.133023858279046,-18.581319683352167,32.656567036011516,-26.801706335469227,-38.94956926908926,-0.36683839855060657,0.28434503621971885,0.747,1.7893715761809645e-65,2.5649954448138487e-61,-9.961590104331059,29.914421,1.530331100545373,0.046296563144578966,0.10117349999999999,13.44940963671174,4.306702486490998,-1.9906157346738227,4.910211059961963,0.644396240959442,8.577,7.577,0.7577,1000,50.158350783744076,10.571690421353333,30.308,-0.223193575570008,36073407_25
36160744_8,GAS_COST=4/SEED=14/36160744_8,4.0,14,0.02,inventory,0,15,100,1005,1000,DeployNarrow,6.477607686199505,17.950551852566374,7.581377161501109,-23.96664213352248,34.81409255433276,-35.36628440504408,-50.708465953253054,-0.29864590423878545,0.9643093515796797,0.73,2.0575071009793284e-28,4.557474664873838e-33,6.477607686199505,2.0,0.0,0.0,4.403665000000001,69.87534397238362,108.28602515580104,0.0,0.0,0.0,1.0,0.0,0.0,1000,14.95097553137955,8.066962979097362,0.0,-0.406404866082683,36073407_26
36160744_8,GAS_COST=4/SEED=14/36160744_8,4.0,14,0.02,inventory,0,15,100,1005,1000,DeployWide,4.09478718770963,16.271817552955877,6.268138593964352,-24.95742360716701,27.8048911655416,-36.48392899469141,-51.603535519010464,-0.7388667337633585,0.9833922200896059,0.689,4.873609609898465e-15,1.7472770175243966e-21,4.09478718770963,30.0,0.0,0.0,4.403665000000001,69.87534397238362,108.28602515580104,0.0,0.0,0.0,1.0,0.0,0.0,1000,12.223730533503973,7.687185265063061,0.0,-0.4417580807312825,36073407_26
36160744_8,GAS_COST=4/SEED=14/36160744_8,4.0,14,0.02,inventory,0,15,100,1005,1000,ArrivalRebalance,-3.751240623989588,20.55128633631821,-3.649789108367372,-37.77397231087919,29.96862528166854,-50.85640829392216,-70.99221340640256,-0.26996616934536993,0.7421177512533754,0.426,1.0614417251548288e-08,7.926084211788751e-08,-3.751240623989588,2.0,0.0,0.0,0.6782760000000001,39.306576008267555,16.047503532195407,0.0,0.0,0.0,6.806,5.806,0.5806,1000,40.48800312941947,20.708766418788453,23.224,-0.3064773346206028,36073407_26
36160744_8,GAS_COST=4/SEED=14/36160744_8,4.0,14,0.02,inventory,0,15,100,1005,1000,CDM,-89.78038606178801,77.85326733540943,-65.13314876467552,-243.67677054510696,-10.645729925003765,-321.9742638154355,-444.1338605776626,-1.884683446010848,5.004324935194228,0.018,1.0997351832144508e-185,6.122109836780347e-164,-89.78038606178801,29.559113,3.190445003928652,0.4403626757923521,0.11317150000000001,14.776408748345652,4.385739972209678,-2.8226982076939358,5.267035184876702,1.8043442766300866,27.762,26.762,2.6761999999999997,1000,51.83220066120548,34.10875094807034,107.048,-0.45583577492315863,36073407_26
36160744_9,GAS_COST=4/SEED=14/36160744_9,4.0,14,0.02,inventory,50,15,100,1005,1000,DeployNarrow,6.477607686199505,17.950551852566374,7.581377161501109,-23.96664213352248,34.81409255433276,-35.36628440504408,-50.708465953253054,-0.29864590423878545,0.9643093515796797,0.73,2.0575071009793284e-28,4.557474664873838e-33,6.477607686199505,2.0,0.0,0.0,4.403665000000001,69.87534397238362,108.28602515580104,0.0,0.0,0.0,1.0,0.0,0.0,1000,14.95097553137955,8.066962979097362,0.0,-0.406404866082683,36073407_26
36160744_9,GAS_COST=4/SEED=14/36160744_9,4.0,14,0.02,inventory,50,15,100,1005,1000,DeployWide,4.09478718770963,16.271817552955877,6.268138593964352,-24.95742360716701,27.8048911655416,-36.48392899469141,-51.603535519010464,-0.7388667337633585,0.9833922200896059,0.689,4.873609609898465e-15,1.7472770175243966e-21,4.09478718770963,30.0,0.0,0.0,4.403665000000001,69.87534397238362,108.28602515580104,0.0,0.0,0.0,1.0,0.0,0.0,1000,12.223730533503973,7.687185265063061,0.0,-0.4417580807312825,36073407_26
36160744_9,GAS_COST=4/SEED=14/36160744_9,4.0,14,0.02,inventory,50,15,100,1005,1000,ArrivalRebalance,-3.751240623989588,20.55128633631821,-3.649789108367372,-37.77397231087919,29.96862528166854,-50.85640829392216,-70.99221340640256,-0.26996616934536993,0.7421177512533754,0.426,1.0614417251548288e-08,7.926084211788751e-08,-3.751240623989588,2.0,0.0,0.0,0.6782760000000001,39.306576008267555,16.047503532195407,0.0,0.0,0.0,6.806,5.806,0.5806,1000,40.48800312941947,20.708766418788453,23.224,-0.3064773346206028,36073407_26
36160744_9,GAS_COST=4/SEED=14/36160744_9,4.0,14,0.02,inventory,50,15,100,1005,1000,CDM,-89.78038606178801,77.85326733540943,-65.13314876467552,-243.67677054510696,-10.645729925003765,-321.9742638154355,-444.1338605776626,-1.884683446010848,5.004324935194228,0.018,1.0997351832144508e-185,6.122109836780347e-164,-89.78038606178801,29.559113,3.190445003928652,0.4403626757923521,0.11317150000000001,14.776408748345652,4.385739972209678,-2.8226982076939358,5.267035184876702,1.8043442766300866,27.762,26.762,2.6761999999999997,1000,51.83220066120548,34.10875094807034,107.048,-0.45583577492315863,36073407_26
36160744_12,GAS_COST=4/SEED=16/36160744_12,4.0,16,0.01,inventory,0,15,100,1005,1000,DeployNarrow,15.853083515013815,16.956191085381878,13.602949112645433,-8.712122030260673,46.928570278263656,-14.51668028381976,-24.147723319955094,0.5902063636490774,0.6281835443937513,0.853,2.0179327643643057e-138,1.312957613589948e-118,-9.292846494625426,2.0,0.0,0.0,2.1089620000000004,36.82742706653936,56.63103662111931,0.0,0.0,0.0,1.0,0.0,0.0,1000,20.097888987877507,4.040975917870004,0.0,-0.2038295549936895,36073407_25
36160744_12,GAS_COST=4/SEED=16/36160744_12,4.0,16,0.01,inventory,0,15,100,1005,1000,DeployWide,12.778933753980283,13.919367309882404,11.961434284768302,-9.371417503759556,37.770858544332846,-15.105149504433719,-23.347849320742046,0.1579411047030017,0.039718924975780556,0.838,9.102629756367264e-135,4.893484319113367e-110,-10.581574388025514,30.0,0.0,0.0,2.1089620000000004,36.82742706653936,56.63103662111931,0.0,0.0,0.0,1.0,0.0,0.0,1000,16.685245762715283,3.6849859328057866,0.0,-0.22132607592921472,36073407_25
36160744_12,GAS_COST=4/SEED=16/36160744_12,4.0,16,0.01,inventory,0,15,100,1005,1000,ArrivalRebalance,21.42998811786843,19.43656975941591,20.017627632193864,-8.69003564762791,57.018904320609884,-14.348686851210912,-23.44218206287592,0.4921584469350813,0.5003021082219701,0.882,9.021744496672386e-175,8.325254907592e-136,-3.8816046829643964,2.0,0.0,0.0,0.21988900000000006,25.84853499101164,10.696880282992748,0.0,0.0,0.0,5.51,4.51,0.451,1000,48.76327773457921,8.880852999340096,18.04,-0.41243661737068826,36073407_25
36160744_12,GAS_COST=4/SEED=16/36160744_12,4.0,16,0.01,inventory,0,15,100,1005,1000,CDM,9.055466786820736,15.536042191356476,10.133023858279046,-18.581319683352167,32.656567036011516,-26.801706335469227,-38.94956926908926,-0.36683839855060657,0.28434503621971885,0.747,1.7893715761809645e-65,2.5649954448138487e-61,-9.961590104331059,29.914421,1.530331100545373,0.046296563144578966,0.10117349999999999,13.44940963671174,4.306702486490998,-1.9906157346738227,4.910211059961963,0.644396240959442,8.577,7.577,0.7577,1000,50.158350783744076,10.571690421353333,30.308,-0.223193575570008,36073407_25
36160744_13,GAS_COST=4/SEED=16/36160744_13,4.0,16,0.01,inventory,50,15,100,1005,1000,DeployNarrow,15.853083515013815,16.956191085381878,13.602949112645433,-8.712122030260673,46.928570278263656,-14.51668028381976,-24.147723319955094,0.5902063636490774,0.6281835443937513,0.853,2.0179327643643057e-138,1.312957613589948e-118,-9.292846494625426,2.0,0.0,0.0,2.1089620000000004,36.82742706653936,56.63103662111931,0.0,0.0,0.0,1.0,0.0,0.0,1000,20.097888987877507,4.040975917870004,0.0,-0.2038295549936895,36073407_25
36160744_13,GAS_COST=4/SEED=16/36160744_13,4.0,16,0.01,inventory,50,15,100,1005,1000,DeployWide,12.778933753980283,13.919367309882404,11.961434284768302,-9.371417503759556,37.770858544332846,-15.105149504433719,-23.347849320742046,0.1579411047030017,0.039718924975780556,0.838,9.102629756367264e-135,4.893484319113367e-110,-10.581574388025514,30.0,0.0,0.0,2.1089620000000004,36.82742706653936,56.63103662111931,0.0,0.0,0.0,1.0,0.0,0.0,1000,16.685245762715283,3.6849859328057866,0.0,-0.22132607592921472,36073407_25
36160744_13,GAS_COST=4/SEED=16/36160744_13,4.0,16,0.01,inventory,50,15,100,1005,1000,ArrivalRebalance,21.42998811786843,19.43656975941591,20.017627632193864,-8.69003564762791,57.018904320609884,-14.348686851210912,-23.44218206287592,0.4921584469350813,0.5003021082219701,0.882,9.021744496672386e-175,8.325254907592e-136,-3.8816046829643964,2.0,0.0,0.0,0.21988900000000006,25.84853499101164,10.696880282992748,0.0,0.0,0.0,5.51,4.51,0.451,1000,48.76327773457921,8.880852999340096,18.04,-0.41243661737068826,36073407_25
36160744_13,GAS_COST=4/SEED=16/36160744_13,4.0,16,0.01,inventory,50,15,100,1005,1000,CDM,9.055466786820736,15.536042191356476,10.133023858279046,-18.581319683352167,32.656567036011516,-26.801706335469227,-38.94956926908926,-0.36683839855060657,0.28434503621971885,0.747,1.7893715761809645e-65,2.5649954448138487e-61,-9.961590104331059,29.914421,1.530331100545373,0.046296563144578966,0.10117349999999999,13.44940963671174,4.306702486490998,-1.9906157346738227,4.910211059961963,0.644396240959442,8.577,7.577,0.7577,1000,50.158350783744076,10.571690421353333,30.308,-0.223193575570008,36073407_25
36160744_14,GAS_COST=4/SEED=16/36160744_14,4.0,16,0.02,inventory,0,15,100,1005,1000,DeployNarrow,6.477607686199505,17.950551852566374,7.581377161501109,-23.96664213352248,34.81409255433276,-35.36628440504408,-50.708465953253054,-0.29864590423878545,0.9643093515796797,0.73,2.0575071009793284e-28,4.557474664873838e-33,6.477607686199505,2.0,0.0,0.0,4.403665000000001,69.87534397238362,108.28602515580104,0.0,0.0,0.0,1.0,0.0,0.0,1000,14.95097553137955,8.066962979097362,0.0,-0.406404866082683,36073407_26
36160744_14,GAS_COST=4/SEED=16/36160744_14,4.0,16,0.02,inventory,0,15,100,1005,1000,DeployWide,4.09478718770963,16.271817552955877,6.268138593964352,-24.95742360716701,27.8048911655416,-36.48392899469141,-51.603535519010464,-0.7388667337633585,0.9833922200896059,0.689,4.873609609898465e-15,1.7472770175243966e-21,4.09478718770963,30.0,0.0,0.0,4.403665000000001,69.87534397238362,108.28602515580104,0.0,0.0,0.0,1.0,0.0,0.0,1000,12.223730533503973,7.687185265063061,0.0,-0.4417580807312825,36073407_26
36160744_14,GAS_COST=4/SEED=16/36160744_14,4.0,16,0.02,inventory,0,15,100,1005,1000,ArrivalRebalance,-3.751240623989588,20.55128633631821,-3.649789108367372,-37.77397231087919,29.96862528166854,-50.85640829392216,-70.99221340640256,-0.26996616934536993,0.7421177512533754,0.426,1.0614417251548288e-08,7.926084211788751e-08,-3.751240623989588,2.0,0.0,0.0,0.6782760000000001,39.306576008267555,16.047503532195407,0.0,0.0,0.0,6.806,5.806,0.5806,1000,40.48800312941947,20.708766418788453,23.224,-0.3064773346206028,36073407_26
36160744_14,GAS_COST=4/SEED=16/36160744_14,4.0,16,0.02,inventory,0,15,100,1005,1000,CDM,-89.78038606178801,77.85326733540943,-65.13314876467552,-243.67677054510696,-10.645729925003765,-321.9742638154355,-444.1338605776626,-1.884683446010848,5.004324935194228,0.018,1.0997351832144508e-185,6.122109836780347e-164,-89.78038606178801,29.559113,3.190445003928652,0.4403626757923521,0.11317150000000001,14.776408748345652,4.385739972209678,-2.8226982076939358,5.267035184876702,1.8043442766300866,27.762,26.762,2.6761999999999997,1000,51.83220066120548,34.10875094807034,107.048,-0.45583577492315863,36073407_26
36160744_15,GAS_COST=4/SEED=16/36160744_15,4.0,16,0.02,inventory,50,15,100,1005,1000,DeployNarrow,6.477607686199505,17.950551852566374,7.581377161501109,-23.96664213352248,34.81409255433276,-35.36628440504408,-50.708465953253054,-0.29864590423878545,0.9643093515796797,0.73,2.0575071009793284e-28,4.557474664873838e-33,6.477607686199505,2.0,0.0,0.0,4.403665000000001,69.87534397238362,108.28602515580104,0.0,0.0,0.0,1.0,0.0,0.0,1000,14.95097553137955,8.066962979097362,0.0,-0.406404866082683,36073407_26
36160744_15,GAS_COST=4/SEED=16/36160744_15,4.0,16,0.02,inventory,50,15,100,1005,1000,DeployWide,4.09478718770963,16.271817552955877,6.268138593964352,-24.95742360716701,27.8048911655416,-36.48392899469141,-51.603535519010464,-0.7388667337633585,0.9833922200896059,0.689,4.873609609898465e-15,1.7472770175243966e-21,4.09478718770963,30.0,0.0,0.0,4.403665000000001,69.87534397238362,108.28602515580104,0.0,0.0,0.0,1.0,0.0,0.0,1000,12.223730533503973,7.687185265063061,0.0,-0.4417580807312825,36073407_26
36160744_15,GAS_COST=4/SEED=16/36160744_15,4.0,16,0.02,inventory,50,15,100,1005,1000,ArrivalRebalance,-3.751240623989588,20.55128633631821,-3.649789108367372,-37.77397231087919,29.96862528166854,-50.85640829392216,-70.99221340640256,-0.26996616934536993,0.7421177512533754,0.426,1.0614417251548288e-08,7.926084211788751e-08,-3.751240623989588,2.0,0.0,0.0,0.6782760000000001,39.306576008267555,16.047503532195407,0.0,0.0,0.0,6.806,5.806,0.5806,1000,40.48800312941947,20.708766418788453,23.224,-0.3064773346206028,36073407_26
36160744_15,GAS_COST=4/SEED=16/36160744_15,4.0,16,0.02,inventory,50,15,100,1005,1000,CDM,-89.78038606178801,77.85326733540943,-65.13314876467552,-243.67677054510696,-10.645729925003765,-321.9742638154355,-444.1338605776626,-1.884683446010848,5.004324935194228,0.018,1.0997351832144508e-185,6.122109836780347e-164,-89.78038606178801,29.559113,3.190445003928652,0.4403626757923521,0.11317150000000001,14.776408748345652,4.385739972209678,-2.8226982076939358,5.267035184876702,1.8043442766300866,27.762,26.762,2.6761999999999997,1000,51.83220066120548,34.10875094807034,107.048,-0.45583577492315863,36073407_26
36160744_16,GAS_COST=4/SEED=16/36160744_16,4.0,16,0.03,inventory,0,15,100,1005,1000,DeployNarrow,0.0964713179157136,21.608472923836356,4.591528776128712,-39.48090507159393,30.516724477229925,-56.168761744772,-77.51757365376551,-0.9939289254221594,1.4110702917728162,0.639,0.8878117262763568,0.0004431826460404742,0.0964713179157136,2.0,0.0,0.0,6.296102000000001,96.94789970336959,150.87963598766268,0.0,0.0,0.0,1.0,0.0,0.0,1000,12.694181874704732,11.98994608484544,0.0,-0.60776447194358,36073407_28
36160744_16,GAS_COST=4/SEED=16/36160744_16,4.0,16,0.03,inventory,0,15,100,1005,1000,DeployWide,-2.1249120924062783,20.711410886736758,3.508260511740332,-40.699911794290735,23.251087766135786,-57.32995524756137,-78.77373364024155,-1.2065330299070676,1.5971025947457242,0.622,0.0012230019249894906,0.29595422476571565,-2.1249120924062783,30.0,0.0,0.0,6.296102000000001,96.94789970336959,150.87963598766268,0.0,0.0,0.0,1.0,0.0,0.0,1000,10.120122894412997,11.58370050935898,0.0,-0.6613344774602958,36073407_28
36160744_16,GAS_COST=4/SEED=16/36160744_16,4.0,16,0.03,inventory,0,15,100,1005,1000,ArrivalRebalance,-22.624762571287203,25.967530093888755,-18.96056287585958,-66.37704590316031,14.702360768320451,-88.46793780163497,-120.96502701477138,-0.8182018492705129,1.6676198835116978,0.179,1.1472975606828848e-124,1.1181598990221495e-110,-22.624762571287203,2.0,0.0,0.0,1.0552480000000002,46.16844849656831,21.107091236418533,0.0,0.0,0.0,7.0,6.0,0.6,1000,34.78323250735416,32.36372203820051,24.0,-1.0442730404408505,36073407_28
36160744_16,GAS_COST=4/SEED=16/36160744_16,4.0,16,0.03,inventory,0,15,100,1005,1000,CDM,-3.4374486034944414,20.22734960618237,0.0,-42.564194855707065,22.115380500426067,-57.1777186049395,-77.99773849329829,-1.050140846813203,1.7065479759148632,0.461,9.724922785807369e-08,0.004099752105173056,-3.4374486034944414,1.0006959999999998,0.02199844503595652,0.004438421340972474,-8.544493999999998,96.9485334698569,150.83700636342516,-14.384,0.16404877323527906,0.7397368901620812,1.048,0.048,0.0048,1000,8.651427024075025,11.895351115389978,0.192,-0.0015245121794880382,36073407_28
36160744_17,GAS_COST=4/SEED=16/36160744_17,4.0,16,0.03,inventory,50,15,100,1005,1000,DeployNarrow,0.0964713179157136,21.608472923836356,4.591528776128712,-39.48090507159393,30.516724477229925,-56.168761744772,-77.51757365376551,-0.9939289254221594,1.4110702917728162,0.639,0.8878117262763568,0.0004431826460404742,0.0964713179157136,2.0,0.0,0.0,6.296102000000001,96.94789970336959,150.87963598766268,0.0,0.0,0.0,1.0,0.0,0.0,1000,12.694181874704732,11.98994608484544,0.0,-0.60776447194358,36073407_28
36160744_17,GAS_COST=4/SEED=16/36160744_17,4.0,16,0.03,inventory,50,15,100,1005,1000,DeployWide,-2.1249120924062783,20.711410886736758,3.508260511740332,-40.699911794290735,23.251087766135786,-57.32995524756137,-78.77373364024155,-1.2065330299070676,1.5971025947457242,0.622,0.0012230019249894906,0.29595422476571565,-2.1249120924062783,30.0,0.0,0.0,6.296102000000001,96.94789970336959,150.87963598766268,0.0,0.0,0.0,1.0,0.0,0.0,1000,10.120122894412997,11.58370050935898,0.0,-0.6613344774602958,36073407_28
36160744_17,GAS_COST=4/SEED=16/36160744_17,4.0,16,0.03,inventory,50,15,100,1005,1000,ArrivalRebalance,-22.624762571287203,25.967530093888755,-18.96056287585958,-66.37704590316031,14.702360768320451,-88.46793780163497,-120.96502701477138,-0.8182018492705129,1.6676198835116978,0.179,1.1472975606828848e-124,1.1181598990221495e-110,-22.624762571287203,2.0,0.0,0.0,1.0552480000000002,46.16844849656831,21.107091236418533,0.0,0.0,0.0,7.0,6.0,0.6,1000,34.78323250735416,32.36372203820051,24.0,-1.0442730404408505,36073407_28
36160744_17,GAS_COST=4/SEED=16/36160744_17,4.0,16,0.03,inventory,50,15,100,1005,1000,CDM,-3.4374486034944414,20.22734960618237,0.0,-42.564194855707065,22.115380500426067,-57.1777186049395,-77.99773849329829,-1.050140846813203,1.7065479759148632,0.461,9.724922785807369e-08,0.004099752105173056,-3.4374486034944414,1.0006959999999998,0.02199844503595652,0.004438421340972474,-8.544493999999998,96.9485334698569,150.83700636342516,-14.384,0.16404877323527906,0.7397368901620812,1.048,0.048,0.0048,1000,8.651427024075025,11.895351115389978,0.192,-0.0015245121794880382,36073407_28
36160744_18,GAS_COST=4/SEED=18/36160744_18,4.0,18,0.01,inventory,0,15,100,1005,1000,DeployNarrow,15.853083515013815,16.956191085381878,13.602949112645433,-8.712122030260673,46.928570278263656,-14.51668028381976,-24.147723319955094,0.5902063636490774,0.6281835443937513,0.853,2.0179327643643057e-138,1.312957613589948e-118,-9.292846494625426,2.0,0.0,0.0,2.1089620000000004,36.82742706653936,56.63103662111931,0.0,0.0,0.0,1.0,0.0,0.0,1000,20.097888987877507,4.040975917870004,0.0,-0.2038295549936895,36073407_25
36160744_18,GAS_COST=4/SEED=18/36160744_18,4.0,18,0.01,inventory,0,15,100,1005,1000,DeployWide,12.778933753980283,13.919367309882404,11.961434284768302,-9.371417503759556,37.770858544332846,-15.105149504433719,-23.347849320742046,0.1579411047030017,0.039718924975780556,0.838,9.102629756367264e-135,4.893484319113367e-110,-10.581574388025514,30.0,0.0,0.0,2.1089620000000004,36.82742706653936,56.63103662111931,0.0,0.0,0.0,1.0,0.0,0.0,1000,16.685245762715283,3.6849859328057866,0.0,-0.22132607592921472,36073407_25
36160744_18,GAS_COST=4/SEED=18/36160744_18,4.0,18,0.01,inventory,0,15,100,1005,1000,ArrivalRebalance,21.42998811786843,19.43656975941591,20.017627632193864,-8.69003564762791,57.018904320609884,-14.348686851210912,-23.44218206287592,0.4921584469350813,0.5003021082219701,0.882,9.021744496672386e-175,8.325254907592e-136,-3.8816046829643964,2.0,0.0,0.0,0.21988900000000006,25.84853499101164,10.696880282992748,0.0,0.0,0.0,5.51,4.51,0.451,1000,48.76327773457921,8.880852999340096,18.04,-0.41243661737068826,36073407_25
36160744_18,GAS_COST=4/SEED=18/36160744_18,4.0,18,0.01,inventory,0,15,100,1005,1000,CDM,9.055466786820736,15.536042191356476,10.133023858279046,-18.581319683352167,32.656567036011516,-26.801706335469227,-38.94956926908926,-0.36683839855060657,0.28434503621971885,0.747,1.7893715761809645e-65,2.5649954448138487e-61,-9.961590104331059,29.914421,1.530331100545373,0.046296563144578966,0.10117349999999999,13.44940963671174,4.306702486490998,-1.9906157346738227,4.910211059961963,0.644396240959442,8.577,7.577,0.7577,1000,50.158350783744076,10.571690421353333,30.308,-0.223193575570008,36073407_25
36160744_19,GAS_COST=4/SEED=18/36160744_19,4.0,18,0.01,inventory,50,15,100,1005,1000,DeployNarrow,15.853083515013815,16.956191085381878,13.602949112645433,-8.712122030260673,46.928570278263656,-14.51668028381976,-24.147723319955094,0.5902063636490774,0.6281835443937513,0.853,2.0179327643643057e-138,1.312957613589948e-118,-9.292846494625426,2.0,0.0,0.0,2.1089620000000004,36.82742706653936,56.63103662111931,0.0,0.0,0.0,1.0,0.0,0.0,1000,20.097888987877507,4.040975917870004,0.0,-0.2038295549936895,36073407_25
36160744_19,GAS_COST=4/SEED=18/36160744_19,4.0,18,0.01,inventory,50,15,100,1005,1000,DeployWide,12.778933753980283,13.919367309882404,11.961434284768302,-9.371417503759556,37.770858544332846,-15.105149504433719,-23.347849320742046,0.1579411047030017,0.039718924975780556,0.838,9.102629756367264e-135,4.893484319113367e-110,-10.581574388025514,30.0,0.0,0.0,2.1089620000000004,36.82742706653936,56.63103662111931,0.0,0.0,0.0,1.0,0.0,0.0,1000,16.685245762715283,3.6849859328057866,0.0,-0.22132607592921472,36073407_25
36160744_19,GAS_COST=4/SEED=18/36160744_19,4.0,18,0.01,inventory,50,15,100,1005,1000,ArrivalRebalance,21.42998811786843,19.43656975941591,20.017627632193864,-8.69003564762791,57.018904320609884,-14.348686851210912,-23.44218206287592,0.4921584469350813,0.5003021082219701,0.882,9.021744496672386e-175,8.325254907592e-136,-3.8816046829643964,2.0,0.0,0.0,0.21988900000000006,25.84853499101164,10.696880282992748,0.0,0.0,0.0,5.51,4.51,0.451,1000,48.76327773457921,8.880852999340096,18.04,-0.41243661737068826,36073407_25
36160744_19,GAS_COST=4/SEED=18/36160744_19,4.0,18,0.01,inventory,50,15,100,1005,1000,CDM,9.055466786820736,15.536042191356476,10.133023858279046,-18.581319683352167,32.656567036011516,-26.801706335469227,-38.94956926908926,-0.36683839855060657,0.28434503621971885,0.747,1.7893715761809645e-65,2.5649954448138487e-61,-9.961590104331059,29.914421,1.530331100545373,0.046296563144578966,0.10117349999999999,13.44940963671174,4.306702486490998,-1.9906157346738227,4.910211059961963,0.644396240959442,8.577,7.577,0.7577,1000,50.158350783744076,10.571690421353333,30.308,-0.223193575570008,36073407_25
36160744_20,GAS_COST=4/SEED=18/36160744_20,4.0,18,0.02,inventory,0,15,100,1005,1000,DeployNarrow,6.477607686199505,17.950551852566374,7.581377161501109,-23.96664213352248,34.81409255433276,-35.36628440504408,-50.708465953253054,-0.29864590423878545,0.9643093515796797,0.73,2.0575071009793284e-28,4.557474664873838e-33,6.477607686199505,2.0,0.0,0.0,4.403665000000001,69.87534397238362,108.28602515580104,0.0,0.0,0.0,1.0,0.0,0.0,1000,14.95097553137955,8.066962979097362,0.0,-0.406404866082683,36073407_26
36160744_20,GAS_COST=4/SEED=18/36160744_20,4.0,18,0.02,inventory,0,15,100,1005,1000,DeployWide,4.09478718770963,16.271817552955877,6.268138593964352,-24.95742360716701,27.8048911655416,-36.48392899469141,-51.603535519010464,-0.7388667337633585,0.9833922200896059,0.689,4.873609609898465e-15,1.7472770175243966e-21,4.09478718770963,30.0,0.0,0.0,4.403665000000001,69.87534397238362,108.28602515580104,0.0,0.0,0.0,1.0,0.0,0.0,1000,12.223730533503973,7.687185265063061,0.0,-0.4417580807312825,36073407_26
36160744_20,GAS_COST=4/SEED=18/36160744_20,4.0,18,0.02,inventory,0,15,100,1005,1000,ArrivalRebalance,-3.751240623989588,20.55128633631821,-3.649789108367372,-37.77397231087919,29.96862528166854,-50.85640829392216,-70.99221340640256,-0.26996616934536993,0.7421177512533754,0.426,1.0614417251548288e-08,7.926084211788751e-08,-3.751240623989588,2.0,0.0,0.0,0.6782760000000001,39.306576008267555,16.047503532195407,0.0,0.0,0.0,6.806,5.806,0.5806,1000,40.48800312941947,20.708766418788453,23.224,-0.3064773346206028,36073407_26
36160744_20,GAS_COST=4/SEED=18/36160744_20,4.0,18,0.02,inventory,0,15,100,1005,1000,CDM,-89.78038606178801,77.85326733540943,-65.13314876467552,-243.67677054510696,-10.645729925003765,-321.9742638154355,-444.1338605776626,-1.884683446010848,5.004324935194228,0.018,1.0997351832144508e-185,6.122109836780347e-164,-89.78038606178801,29.559113,3.190445003928652,0.4403626757923521,0.11317150000000001,14.776408748345652,4.385739972209678,-2.8226982076939358,5.267035184876702,1.8043442766300866,27.762,26.762,2.6761999999999997,1000,51.83220066120548,34.10875094807034,107.048,-0.45583577492315863,36073407_26
36160744_21,GAS_COST=4/SEED=18/36160744_21,4.0,18,0.02,inventory,50,15,100,1005,1000,DeployNarrow,6.477607686199505,17.950551852566374,7.581377161501109,-23.96664213352248,34.81409255433276,-35.36628440504408,-50.708465953253054,-0.29864590423878545,0.9643093515796797,0.73,2.0575071009793284e-28,4.557474664873838e-33,6.477607686199505,2.0,0.0,0.0,4.403665000000001,69.87534397238362,108.28602515580104,0.0,0.0,0.0,1.0,0.0,0.0,1000,14.95097553137955,8.066962979097362,0.0,-0.406404866082683,36073407_26
36160744_21,GAS_COST=4/SEED=18/36160744_21,4.0,18,0.02,inventory,50,15,100,1005,1000,DeployWide,4.09478718770963,16.271817552955877,6.268138593964352,-24.95742360716701,27.8048911655416,-36.48392899469141,-51.603535519010464,-0.7388667337633585,0.9833922200896059,0.689,4.873609609898465e-15,1.7472770175243966e-21,4.09478718770963,30.0,0.0,0.0,4.403665000000001,69.87534397238362,108.28602515580104,0.0,0.0,0.0,1.0,0.0,0.0,1000,12.223730533503973,7.687185265063061,0.0,-0.4417580807312825,36073407_26
36160744_21,GAS_COST=4/SEED=18/36160744_21,4.0,18,0.02,inventory,50,15,100,1005,1000,ArrivalRebalance,-3.751240623989588,20.55128633631821,-3.649789108367372,-37.77397231087919,29.96862528166854,-50.85640829392216,-70.99221340640256,-0.26996616934536993,0.7421177512533754,0.426,1.0614417251548288e-08,7.926084211788751e-08,-3.751240623989588,2.0,0.0,0.0,0.6782760000000001,39.306576008267555,16.047503532195407,0.0,0.0,0.0,6.806,5.806,0.5806,1000,40.48800312941947,20.708766418788453,23.224,-0.3064773346206028,36073407_26
36160744_21,GAS_COST=4/SEED=18/36160744_21,4.0,18,0.02,inventory,50,15,100,1005,1000,CDM,-89.78038606178801,77.85326733540943,-65.13314876467552,-243.67677054510696,-10.645729925003765,-321.9742638154355,-444.1338605776626,-1.884683446010848,5.004324935194228,0.018,1.0997351832144508e-185,6.122109836780347e-164,-89.78038606178801,29.559113,3.190445003928652,0.4403626757923521,0.11317150000000001,14.776408748345652,4.385739972209678,-2.8226982076939358,5.267035184876702,1.8043442766300866,27.762,26.762,2.6761999999999997,1000,51.83220066120548,34.10875094807034,107.048,-0.45583577492315863,36073407_26
36160744_22,GAS_COST=4/SEED=18/36160744_22,4.0,18,0.03,inventory,0,15,100,1005,1000,DeployNarrow,0.0964713179157136,21.608472923836356,4.591528776128712,-39.48090507159393,30.516724477229925,-56.168761744772,-77.51757365376551,-0.9939289254221594,1.4110702917728162,0.639,0.8878117262763568,0.0004431826460404742,0.0964713179157136,2.0,0.0,0.0,6.296102000000001,96.94789970336959,150.87963598766268,0.0,0.0,0.0,1.0,0.0,0.0,1000,12.694181874704732,11.98994608484544,0.0,-0.60776447194358,36073407_28
36160744_22,GAS_COST=4/SEED=18/36160744_22,4.0,18,0.03,inventory,0,15,100,1005,1000,DeployWide,-2.1249120924062783,20.711410886736758,3.508260511740332,-40.699911794290735,23.251087766135786,-57.32995524756137,-78.77373364024155,-1.2065330299070676,1.5971025947457242,0.622,0.0012230019249894906,0.29595422476571565,-2.1249120924062783,30.0,0.0,0.0,6.296102000000001,96.94789970336959,150.87963598766268,0.0,0.0,0.0,1.0,0.0,0.0,1000,10.120122894412997,11.58370050935898,0.0,-0.6613344774602958,36073407_28
36160744_22,GAS_COST=4/SEED=18/36160744_22,4.0,18,0.03,inventory,0,15,100,1005,1000,ArrivalRebalance,-22.624762571287203,25.967530093888755,-18.96056287585958,-66.37704590316031,14.702360768320451,-88.46793780163497,-120.96502701477138,-0.8182018492705129,1.6676198835116978,0.179,1.1472975606828848e-124,1.1181598990221495e-110,-22.624762571287203,2.0,0.0,0.0,1.0552480000000002,46.16844849656831,21.107091236418533,0.0,0.0,0.0,7.0,6.0,0.6,1000,34.78323250735416,32.36372203820051,24.0,-1.0442730404408505,36073407_28
36160744_22,GAS_COST=4/SEED=18/36160744_22,4.0,18,0.03,inventory,0,15,100,1005,1000,CDM,-3.4374486034944414,20.22734960618237,0.0,-42.564194855707065,22.115380500426067,-57.1777186049395,-77.99773849329829,-1.050140846813203,1.7065479759148632,0.461,9.724922785807369e-08,0.004099752105173056,-3.4374486034944414,1.0006959999999998,0.02199844503595652,0.004438421340972474,-8.544493999999998,96.9485334698569,150.83700636342516,-14.384,0.16404877323527906,0.7397368901620812,1.048,0.048,0.0048,1000,8.651427024075025,11.895351115389978,0.192,-0.0015245121794880382,36073407_28
36160744_23,GAS_COST=4/SEED=18/36160744_23,4.0,18,0.03,inventory,50,15,100,1005,1000,DeployNarrow,0.0964713179157136,21.608472923836356,4.591528776128712,-39.48090507159393,30.516724477229925,-56.168761744772,-77.51757365376551,-0.9939289254221594,1.4110702917728162,0.639,0.8878117262763568,0.0004431826460404742,0.0964713179157136,2.0,0.0,0.0,6.296102000000001,96.94789970336959,150.87963598766268,0.0,0.0,0.0,1.0,0.0,0.0,1000,12.694181874704732,11.98994608484544,0.0,-0.60776447194358,36073407_28
36160744_23,GAS_COST=4/SEED=18/36160744_23,4.0,18,0.03,inventory,50,15,100,1005,1000,DeployWide,-2.1249120924062783,20.711410886736758,3.508260511740332,-40.699911794290735,23.251087766135786,-57.32995524756137,-78.77373364024155,-1.2065330299070676,1.5971025947457242,0.622,0.0012230019249894906,0.29595422476571565,-2.1249120924062783,30.0,0.0,0.0,6.296102000000001,96.94789970336959,150.87963598766268,0.0,0.0,0.0,1.0,0.0,0.0,1000,10.120122894412997,11.58370050935898,0.0,-0.6613344774602958,36073407_28
36160744_23,GAS_COST=4/SEED=18/36160744_23,4.0,18,0.03,inventory,50,15,100,1005,1000,ArrivalRebalance,-22.624762571287203,25.967530093888755,-18.96056287585958,-66.37704590316031,14.702360768320451,-88.46793780163497,-120.96502701477138,-0.8182018492705129,1.6676198835116978,0.179,1.1472975606828848e-124,1.1181598990221495e-110,-22.624762571287203,2.0,0.0,0.0,1.0552480000000002,46.16844849656831,21.107091236418533,0.0,0.0,0.0,7.0,6.0,0.6,1000,34.78323250735416,32.36372203820051,24.0,-1.0442730404408505,36073407_28
36160744_23,GAS_COST=4/SEED=18/36160744_23,4.0,18,0.03,inventory,50,15,100,1005,1000,CDM,-3.4374486034944414,20.22734960618237,0.0,-42.564194855707065,22.115380500426067,-57.1777186049395,-77.99773849329829,-1.050140846813203,1.7065479759148632,0.461,9.724922785807369e-08,0.004099752105173056,-3.4374486034944414,1.0006959999999998,0.02199844503595652,0.004438421340972474,-8.544493999999998,96.9485334698569,150.83700636342516,-14.384,0.16404877323527906,0.7397368901620812,1.048,0.048,0.0048,1000,8.651427024075025,11.895351115389978,0.192,-0.0015245121794880382,36073407_28
36073407_0,GAS_COST=4/SEED=2/36073407_0,4.0,2,0.01,inventory,0,15,100,1005,1000,DeployNarrow,15.853083515013815,16.956191085381878,13.602949112645433,-8.712122030260673,46.928570278263656,-14.51668028381976,-24.147723319955094,0.5902063636490774,0.6281835443937513,0.853,2.0179327643643057e-138,1.312957613589948e-118,-9.292846494625426,2.0,0.0,0.0,2.1089620000000004,36.82742706653936,56.63103662111931,0.0,0.0,0.0,1.0,0.0,0.0,1000,20.097888987877507,4.040975917870004,0.0,-0.2038295549936895,36073407_25
36073407_0,GAS_COST=4/SEED=2/36073407_0,4.0,2,0.01,inventory,0,15,100,1005,1000,DeployWide,12.778933753980283,13.919367309882404,11.961434284768302,-9.371417503759556,37.770858544332846,-15.105149504433719,-23.347849320742046,0.1579411047030017,0.039718924975780556,0.838,9.102629756367264e-135,4.893484319113367e-110,-10.581574388025514,30.0,0.0,0.0,2.1089620000000004,36.82742706653936,56.63103662111931,0.0,0.0,0.0,1.0,0.0,0.0,1000,16.685245762715283,3.6849859328057866,0.0,-0.22132607592921472,36073407_25
36073407_0,GAS_COST=4/SEED=2/36073407_0,4.0,2,0.01,inventory,0,15,100,1005,1000,ArrivalRebalance,21.42998811786843,19.43656975941591,20.017627632193864,-8.69003564762791,57.018904320609884,-14.348686851210912,-23.44218206287592,0.4921584469350813,0.5003021082219701,0.882,9.021744496672386e-175,8.325254907592e-136,-3.8816046829643964,2.0,0.0,0.0,0.21988900000000006,25.84853499101164,10.696880282992748,0.0,0.0,0.0,5.51,4.51,0.451,1000,48.76327773457921,8.880852999340096,18.04,-0.41243661737068826,36073407_25
36073407_0,GAS_COST=4/SEED=2/36073407_0,4.0,2,0.01,inventory,0,15,100,1005,1000,CDM,9.055466786820736,15.536042191356476,10.133023858279046,-18.581319683352167,32.656567036011516,-26.801706335469227,-38.94956926908926,-0.36683839855060657,0.28434503621971885,0.747,1.7893715761809645e-65,2.5649954448138487e-61,-9.961590104331059,29.914421,1.530331100545373,0.046296563144578966,0.10117349999999999,13.44940963671174,4.306702486490998,-1.9906157346738227,4.910211059961963,0.644396240959442,8.577,7.577,0.7577,1000,50.158350783744076,10.571690421353333,30.308,-0.223193575570008,36073407_25
36073407_1,GAS_COST=4/SEED=2/36073407_1,4.0,2,0.01,inventory,50,15,100,1005,1000,DeployNarrow,15.853083515013815,16.956191085381878,13.602949112645433,-8.712122030260673,46.928570278263656,-14.51668028381976,-24.147723319955094,0.5902063636490774,0.6281835443937513,0.853,2.0179327643643057e-138,1.312957613589948e-118,-9.292846494625426,2.0,0.0,0.0,2.1089620000000004,36.82742706653936,56.63103662111931,0.0,0.0,0.0,1.0,0.0,0.0,1000,20.097888987877507,4.040975917870004,0.0,-0.2038295549936895,36073407_25
36073407_1,GAS_COST=4/SEED=2/36073407_1,4.0,2,0.01,inventory,50,15,100,1005,1000,DeployWide,12.778933753980283,13.919367309882404,11.961434284768302,-9.371417503759556,37.770858544332846,-15.105149504433719,-23.347849320742046,0.1579411047030017,0.039718924975780556,0.838,9.102629756367264e-135,4.893484319113367e-110,-10.581574388025514,30.0,0.0,0.0,2.1089620000000004,36.82742706653936,56.63103662111931,0.0,0.0,0.0,1.0,0.0,0.0,1000,16.685245762715283,3.6849859328057866,0.0,-0.22132607592921472,36073407_25
36073407_1,GAS_COST=4/SEED=2/36073407_1,4.0,2,0.01,inventory,50,15,100,1005,1000,ArrivalRebalance,21.42998811786843,19.43656975941591,20.017627632193864,-8.69003564762791,57.018904320609884,-14.348686851210912,-23.44218206287592,0.4921584469350813,0.5003021082219701,0.882,9.021744496672386e-175,8.325254907592e-136,-3.8816046829643964,2.0,0.0,0.0,0.21988900000000006,25.84853499101164,10.696880282992748,0.0,0.0,0.0,5.51,4.51,0.451,1000,48.76327773457921,8.880852999340096,18.04,-0.41243661737068826,36073407_25
36073407_1,GAS_COST=4/SEED=2/36073407_1,4.0,2,0.01,inventory,50,15,100,1005,1000,CDM,9.055466786820736,15.536042191356476,10.133023858279046,-18.581319683352167,32.656567036011516,-26.801706335469227,-38.94956926908926,-0.36683839855060657,0.28434503621971885,0.747,1.7893715761809645e-65,2.5649954448138487e-61,-9.961590104331059,29.914421,1.530331100545373,0.046296563144578966,0.10117349999999999,13.44940963671174,4.306702486490998,-1.9906157346738227,4.910211059961963,0.644396240959442,8.577,7.577,0.7577,1000,50.158350783744076,10.571690421353333,30.308,-0.223193575570008,36073407_25
36073407_2,GAS_COST=4/SEED=2/36073407_2,4.0,2,0.02,inventory,0,15,100,1005,1000,DeployNarrow,6.477607686199505,17.950551852566374,7.581377161501109,-23.96664213352248,34.81409255433276,-35.36628440504408,-50.708465953253054,-0.29864590423878545,0.9643093515796797,0.73,2.0575071009793284e-28,4.557474664873838e-33,6.477607686199505,2.0,0.0,0.0,4.403665000000001,69.87534397238362,108.28602515580104,0.0,0.0,0.0,1.0,0.0,0.0,1000,14.95097553137955,8.066962979097362,0.0,-0.406404866082683,36073407_26
36073407_2,GAS_COST=4/SEED=2/36073407_2,4.0,2,0.02,inventory,0,15,100,1005,1000,DeployWide,4.09478718770963,16.271817552955877,6.268138593964352,-24.95742360716701,27.8048911655416,-36.48392899469141,-51.603535519010464,-0.7388667337633585,0.9833922200896059,0.689,4.873609609898465e-15,1.7472770175243966e-21,4.09478718770963,30.0,0.0,0.0,4.403665000000001,69.87534397238362,108.28602515580104,0.0,0.0,0.0,1.0,0.0,0.0,1000,12.223730533503973,7.687185265063061,0.0,-0.4417580807312825,36073407_26
36073407_2,GAS_COST=4/SEED=2/36073407_2,4.0,2,0.02,inventory,0,15,100,1005,1000,ArrivalRebalance,-3.751240623989588,20.55128633631821,-3.649789108367372,-37.77397231087919,29.96862528166854,-50.85640829392216,-70.99221340640256,-0.26996616934536993,0.7421177512533754,0.426,1.0614417251548288e-08,7.926084211788751e-08,-3.751240623989588,2.0,0.0,0.0,0.6782760000000001,39.306576008267555,16.047503532195407,0.0,0.0,0.0,6.806,5.806,0.5806,1000,40.48800312941947,20.708766418788453,23.224,-0.3064773346206028,36073407_26
36073407_2,GAS_COST=4/SEED=2/36073407_2,4.0,2,0.02,inventory,0,15,100,1005,1000,CDM,-89.78038606178801,77.85326733540943,-65.13314876467552,-243.67677054510696,-10.645729925003765,-321.9742638154355,-444.1338605776626,-1.884683446010848,5.004324935194228,0.018,1.0997351832144508e-185,6.122109836780347e-164,-89.78038606178801,29.559113,3.190445003928652,0.4403626757923521,0.11317150000000001,14.776408748345652,4.385739972209678,-2.8226982076939358,5.267035184876702,1.8043442766300866,27.762,26.762,2.6761999999999997,1000,51.83220066120548,34.10875094807034,107.048,-0.45583577492315863,36073407_26
36073407_3,GAS_COST=4/SEED=2/36073407_3,4.0,2,0.02,inventory,50,15,100,1005,1000,DeployNarrow,6.477607686199505,17.950551852566374,7.581377161501109,-23.96664213352248,34.81409255433276,-35.36628440504408,-50.708465953253054,-0.29864590423878545,0.9643093515796797,0.73,2.0575071009793284e-28,4.557474664873838e-33,6.477607686199505,2.0,0.0,0.0,4.403665000000001,69.87534397238362,108.28602515580104,0.0,0.0,0.0,1.0,0.0,0.0,1000,14.95097553137955,8.066962979097362,0.0,-0.406404866082683,36073407_26
36073407_3,GAS_COST=4/SEED=2/36073407_3,4.0,2,0.02,inventory,50,15,100,1005,1000,DeployWide,4.09478718770963,16.271817552955877,6.268138593964352,-24.95742360716701,27.8048911655416,-36.48392899469141,-51.603535519010464,-0.7388667337633585,0.9833922200896059,0.689,4.873609609898465e-15,1.7472770175243966e-21,4.09478718770963,30.0,0.0,0.0,4.403665000000001,69.87534397238362,108.28602515580104,0.0,0.0,0.0,1.0,0.0,0.0,1000,12.223730533503973,7.687185265063061,0.0,-0.4417580807312825,36073407_26
36073407_3,GAS_COST=4/SEED=2/36073407_3,4.0,2,0.02,inventory,50,15,100,1005,1000,ArrivalRebalance,-3.751240623989588,20.55128633631821,-3.649789108367372,-37.77397231087919,29.96862528166854,-50.85640829392216,-70.99221340640256,-0.26996616934536993,0.7421177512533754,0.426,1.0614417251548288e-08,7.926084211788751e-08,-3.751240623989588,2.0,0.0,0.0,0.6782760000000001,39.306576008267555,16.047503532195407,0.0,0.0,0.0,6.806,5.806,0.5806,1000,40.48800312941947,20.708766418788453,23.224,-0.3064773346206028,36073407_26
36073407_3,GAS_COST=4/SEED=2/36073407_3,4.0,2,0.02,inventory,50,15,100,1005,1000,CDM,-89.78038606178801,77.85326733540943,-65.13314876467552,-243.67677054510696,-10.645729925003765,-321.9742638154355,-444.1338605776626,-1.884683446010848,5.004324935194228,0.018,1.0997351832144508e-185,6.122109836780347e-164,-89.78038606178801,29.559113,3.190445003928652,0.4403626757923521,0.11317150000000001,14.776408748345652,4.385739972209678,-2.8226982076939358,5.267035184876702,1.8043442766300866,27.762,26.762,2.6761999999999997,1000,51.83220066120548,34.10875094807034,107.048,-0.45583577492315863,36073407_26
36073407_4,GAS_COST=4/SEED=2/36073407_4,4.0,2,0.03,inventory,0,15,100,1005,1000,DeployNarrow,0.0964713179157136,21.608472923836356,4.591528776128712,-39.48090507159393,30.516724477229925,-56.168761744772,-77.51757365376551,-0.9939289254221594,1.4110702917728162,0.639,0.8878117262763568,0.0004431826460404742,0.0964713179157136,2.0,0.0,0.0,6.296102000000001,96.94789970336959,150.87963598766268,0.0,0.0,0.0,1.0,0.0,0.0,1000,12.694181874704732,11.98994608484544,0.0,-0.60776447194358,36073407_28
36073407_4,GAS_COST=4/SEED=2/36073407_4,4.0,2,0.03,inventory,0,15,100,1005,1000,DeployWide,-2.1249120924062783,20.711410886736758,3.508260511740332,-40.699911794290735,23.251087766135786,-57.32995524756137,-78.77373364024155,-1.2065330299070676,1.5971025947457242,0.622,0.0012230019249894906,0.29595422476571565,-2.1249120924062783,30.0,0.0,0.0,6.296102000000001,96.94789970336959,150.87963598766268,0.0,0.0,0.0,1.0,0.0,0.0,1000,10.120122894412997,11.58370050935898,0.0,-0.6613344774602958,36073407_28
36073407_4,GAS_COST=4/SEED=2/36073407_4,4.0,2,0.03,inventory,0,15,100,1005,1000,ArrivalRebalance,-22.624762571287203,25.967530093888755,-18.96056287585958,-66.37704590316031,14.702360768320451,-88.46793780163497,-120.96502701477138,-0.8182018492705129,1.6676198835116978,0.179,1.1472975606828848e-124,1.1181598990221495e-110,-22.624762571287203,2.0,0.0,0.0,1.0552480000000002,46.16844849656831,21.107091236418533,0.0,0.0,0.0,7.0,6.0,0.6,1000,34.78323250735416,32.36372203820051,24.0,-1.0442730404408505,36073407_28
36073407_4,GAS_COST=4/SEED=2/36073407_4,4.0,2,0.03,inventory,0,15,100,1005,1000,CDM,-3.4374486034944414,20.22734960618237,0.0,-42.564194855707065,22.115380500426067,-57.1777186049395,-77.99773849329829,-1.050140846813203,1.7065479759148632,0.461,9.724922785807369e-08,0.004099752105173056,-3.4374486034944414,1.0006959999999998,0.02199844503595652,0.004438421340972474,-8.544493999999998,96.9485334698569,150.83700636342516,-14.384,0.16404877323527906,0.7397368901620812,1.048,0.048,0.0048,1000,8.651427024075025,11.895351115389978,0.192,-0.0015245121794880382,36073407_28
36073407_5,GAS_COST=4/SEED=2/36073407_5,4.0,2,0.03,inventory,50,15,100,1005,1000,DeployNarrow,0.0964713179157136,21.608472923836356,4.591528776128712,-39.48090507159393,30.516724477229925,-56.168761744772,-77.51757365376551,-0.9939289254221594,1.4110702917728162,0.639,0.8878117262763568,0.0004431826460404742,0.0964713179157136,2.0,0.0,0.0,6.296102000000001,96.94789970336959,150.87963598766268,0.0,0.0,0.0,1.0,0.0,0.0,1000,12.694181874704732,11.98994608484544,0.0,-0.60776447194358,36073407_28
36073407_5,GAS_COST=4/SEED=2/36073407_5,4.0,2,0.03,inventory,50,15,100,1005,1000,DeployWide,-2.1249120924062783,20.711410886736758,3.508260511740332,-40.699911794290735,23.251087766135786,-57.32995524756137,-78.77373364024155,-1.2065330299070676,1.5971025947457242,0.622,0.0012230019249894906,0.29595422476571565,-2.1249120924062783,30.0,0.0,0.0,6.296102000000001,96.94789970336959,150.87963598766268,0.0,0.0,0.0,1.0,0.0,0.0,1000,10.120122894412997,11.58370050935898,0.0,-0.6613344774602958,36073407_28
36073407_5,GAS_COST=4/SEED=2/36073407_5,4.0,2,0.03,inventory,50,15,100,1005,1000,ArrivalRebalance,-22.624762571287203,25.967530093888755,-18.96056287585958,-66.37704590316031,14.702360768320451,-88.46793780163497,-120.96502701477138,-0.8182018492705129,1.6676198835116978,0.179,1.1472975606828848e-124,1.1181598990221495e-110,-22.624762571287203,2.0,0.0,0.0,1.0552480000000002,46.16844849656831,21.107091236418533,0.0,0.0,0.0,7.0,6.0,0.6,1000,34.78323250735416,32.36372203820051,24.0,-1.0442730404408505,36073407_28
36073407_5,GAS_COST=4/SEED=2/36073407_5,4.0,2,0.03,inventory,50,15,100,1005,1000,CDM,-3.4374486034944414,20.22734960618237,0.0,-42.564194855707065,22.115380500426067,-57.1777186049395,-77.99773849329829,-1.050140846813203,1.7065479759148632,0.461,9.724922785807369e-08,0.004099752105173056,-3.4374486034944414,1.0006959999999998,0.02199844503595652,0.004438421340972474,-8.544493999999998,96.9485334698569,150.83700636342516,-14.384,0.16404877323527906,0.7397368901620812,1.048,0.048,0.0048,1000,8.651427024075025,11.895351115389978,0.192,-0.0015245121794880382,36073407_28
36160744_24,GAS_COST=4/SEED=20/36160744_24,4.0,20,0.01,inventory,0,15,100,1005,1000,DeployNarrow,15.853083515013815,16.956191085381878,13.602949112645433,-8.712122030260673,46.928570278263656,-14.51668028381976,-24.147723319955094,0.5902063636490774,0.6281835443937513,0.853,2.0179327643643057e-138,1.312957613589948e-118,-9.292846494625426,2.0,0.0,0.0,2.1089620000000004,36.82742706653936,56.63103662111931,0.0,0.0,0.0,1.0,0.0,0.0,1000,20.097888987877507,4.040975917870004,0.0,-0.2038295549936895,36073407_25
36160744_24,GAS_COST=4/SEED=20/36160744_24,4.0,20,0.01,inventory,0,15,100,1005,1000,DeployWide,12.778933753980283,13.919367309882404,11.961434284768302,-9.371417503759556,37.770858544332846,-15.105149504433719,-23.347849320742046,0.1579411047030017,0.039718924975780556,0.838,9.102629756367264e-135,4.893484319113367e-110,-10.581574388025514,30.0,0.0,0.0,2.1089620000000004,36.82742706653936,56.63103662111931,0.0,0.0,0.0,1.0,0.0,0.0,1000,16.685245762715283,3.6849859328057866,0.0,-0.22132607592921472,36073407_25
36160744_24,GAS_COST=4/SEED=20/36160744_24,4.0,20,0.01,inventory,0,15,100,1005,1000,ArrivalRebalance,21.42998811786843,19.43656975941591,20.017627632193864,-8.69003564762791,57.018904320609884,-14.348686851210912,-23.44218206287592,0.4921584469350813,0.5003021082219701,0.882,9.021744496672386e-175,8.325254907592e-136,-3.8816046829643964,2.0,0.0,0.0,0.21988900000000006,25.84853499101164,10.696880282992748,0.0,0.0,0.0,5.51,4.51,0.451,1000,48.76327773457921,8.880852999340096,18.04,-0.41243661737068826,36073407_25
36160744_24,GAS_COST=4/SEED=20/36160744_24,4.0,20,0.01,inventory,0,15,100,1005,1000,CDM,9.055466786820736,15.536042191356476,10.133023858279046,-18.581319683352167,32.656567036011516,-26.801706335469227,-38.94956926908926,-0.36683839855060657,0.28434503621971885,0.747,1.7893715761809645e-65,2.5649954448138487e-61,-9.961590104331059,29.914421,1.530331100545373,0.046296563144578966,0.10117349999999999,13.44940963671174,4.306702486490998,-1.9906157346738227,4.910211059961963,0.644396240959442,8.577,7.577,0.7577,1000,50.158350783744076,10.571690421353333,30.308,-0.223193575570008,36073407_25
36160744_25,GAS_COST=4/SEED=20/36160744_25,4.0,20,0.01,inventory,50,15,100,1005,1000,DeployNarrow,15.853083515013815,16.956191085381878,13.602949112645433,-8.712122030260673,46.928570278263656,-14.51668028381976,-24.147723319955094,0.5902063636490774,0.6281835443937513,0.853,2.0179327643643057e-138,1.312957613589948e-118,-9.292846494625426,2.0,0.0,0.0,2.1089620000000004,36.82742706653936,56.63103662111931,0.0,0.0,0.0,1.0,0.0,0.0,1000,20.097888987877507,4.040975917870004,0.0,-0.2038295549936895,36073407_25
36160744_25,GAS_COST=4/SEED=20/36160744_25,4.0,20,0.01,inventory,50,15,100,1005,1000,DeployWide,12.778933753980283,13.919367309882404,11.961434284768302,-9.371417503759556,37.770858544332846,-15.105149504433719,-23.347849320742046,0.1579411047030017,0.039718924975780556,0.838,9.102629756367264e-135,4.893484319113367e-110,-10.581574388025514,30.0,0.0,0.0,2.1089620000000004,36.82742706653936,56.63103662111931,0.0,0.0,0.0,1.0,0.0,0.0,1000,16.685245762715283,3.6849859328057866,0.0,-0.22132607592921472,36073407_25
36160744_25,GAS_COST=4/SEED=20/36160744_25,4.0,20,0.01,inventory,50,15,100,1005,1000,ArrivalRebalance,21.42998811786843,19.43656975941591,20.017627632193864,-8.69003564762791,57.018904320609884,-14.348686851210912,-23.44218206287592,0.4921584469350813,0.5003021082219701,0.882,9.021744496672386e-175,8.325254907592e-136,-3.8816046829643964,2.0,0.0,0.0,0.21988900000000006,25.84853499101164,10.696880282992748,0.0,0.0,0.0,5.51,4.51,0.451,1000,48.76327773457921,8.880852999340096,18.04,-0.41243661737068826,36073407_25
36160744_25,GAS_COST=4/SEED=20/36160744_25,4.0,20,0.01,inventory,50,15,100,1005,1000,CDM,9.055466786820736,15.536042191356476,10.133023858279046,-18.581319683352167,32.656567036011516,-26.801706335469227,-38.94956926908926,-0.36683839855060657,0.28434503621971885,0.747,1.7893715761809645e-65,2.5649954448138487e-61,-9.961590104331059,29.914421,1.530331100545373,0.046296563144578966,0.10117349999999999,13.44940963671174,4.306702486490998,-1.9906157346738227,4.910211059961963,0.644396240959442,8.577,7.577,0.7577,1000,50.158350783744076,10.571690421353333,30.308,-0.223193575570008,36073407_25
36160744_26,GAS_COST=4/SEED=20/36160744_26,4.0,20,0.02,inventory,0,15,100,1005,1000,DeployNarrow,6.477607686199505,17.950551852566374,7.581377161501109,-23.96664213352248,34.81409255433276,-35.36628440504408,-50.708465953253054,-0.29864590423878545,0.9643093515796797,0.73,2.0575071009793284e-28,4.557474664873838e-33,6.477607686199505,2.0,0.0,0.0,4.403665000000001,69.87534397238362,108.28602515580104,0.0,0.0,0.0,1.0,0.0,0.0,1000,14.95097553137955,8.066962979097362,0.0,-0.406404866082683,36073407_26
36160744_26,GAS_COST=4/SEED=20/36160744_26,4.0,20,0.02,inventory,0,15,100,1005,1000,DeployWide,4.09478718770963,16.271817552955877,6.268138593964352,-24.95742360716701,27.8048911655416,-36.48392899469141,-51.603535519010464,-0.7388667337633585,0.9833922200896059,0.689,4.873609609898465e-15,1.7472770175243966e-21,4.09478718770963,30.0,0.0,0.0,4.403665000000001,69.87534397238362,108.28602515580104,0.0,0.0,0.0,1.0,0.0,0.0,1000,12.223730533503973,7.687185265063061,0.0,-0.4417580807312825,36073407_26
36160744_26,GAS_COST=4/SEED=20/36160744_26,4.0,20,0.02,inventory,0,15,100,1005,1000,ArrivalRebalance,-3.751240623989588,20.55128633631821,-3.649789108367372,-37.77397231087919,29.96862528166854,-50.85640829392216,-70.99221340640256,-0.26996616934536993,0.7421177512533754,0.426,1.0614417251548288e-08,7.926084211788751e-08,-3.751240623989588,2.0,0.0,0.0,0.6782760000000001,39.306576008267555,16.047503532195407,0.0,0.0,0.0,6.806,5.806,0.5806,1000,40.48800312941947,20.708766418788453,23.224,-0.3064773346206028,36073407_26
36160744_26,GAS_COST=4/SEED=20/36160744_26,4.0,20,0.02,inventory,0,15,100,1005,1000,CDM,-89.78038606178801,77.85326733540943,-65.13314876467552,-243.67677054510696,-10.645729925003765,-321.9742638154355,-444.1338605776626,-1.884683446010848,5.004324935194228,0.018,1.0997351832144508e-185,6.122109836780347e-164,-89.78038606178801,29.559113,3.190445003928652,0.4403626757923521,0.11317150000000001,14.776408748345652,4.385739972209678,-2.8226982076939358,5.267035184876702,1.8043442766300866,27.762,26.762,2.6761999999999997,1000,51.83220066120548,34.10875094807034,107.048,-0.45583577492315863,36073407_26
36160744_27,GAS_COST=4/SEED=20/36160744_27,4.0,20,0.02,inventory,50,15,100,1005,1000,DeployNarrow,6.477607686199505,17.950551852566374,7.581377161501109,-23.96664213352248,34.81409255433276,-35.36628440504408,-50.708465953253054,-0.29864590423878545,0.9643093515796797,0.73,2.0575071009793284e-28,4.557474664873838e-33,6.477607686199505,2.0,0.0,0.0,4.403665000000001,69.87534397238362,108.28602515580104,0.0,0.0,0.0,1.0,0.0,0.0,1000,14.95097553137955,8.066962979097362,0.0,-0.406404866082683,36073407_26
36160744_27,GAS_COST=4/SEED=20/36160744_27,4.0,20,0.02,inventory,50,15,100,1005,1000,DeployWide,4.09478718770963,16.271817552955877,6.268138593964352,-24.95742360716701,27.8048911655416,-36.48392899469141,-51.603535519010464,-0.7388667337633585,0.9833922200896059,0.689,4.873609609898465e-15,1.7472770175243966e-21,4.09478718770963,30.0,0.0,0.0,4.403665000000001,69.87534397238362,108.28602515580104,0.0,0.0,0.0,1.0,0.0,0.0,1000,12.223730533503973,7.687185265063061,0.0,-0.4417580807312825,36073407_26
36160744_27,GAS_COST=4/SEED=20/36160744_27,4.0,20,0.02,inventory,50,15,100,1005,1000,ArrivalRebalance,-3.751240623989588,20.55128633631821,-3.649789108367372,-37.77397231087919,29.96862528166854,-50.85640829392216,-70.99221340640256,-0.26996616934536993,0.7421177512533754,0.426,1.0614417251548288e-08,7.926084211788751e-08,-3.751240623989588,2.0,0.0,0.0,0.6782760000000001,39.306576008267555,16.047503532195407,0.0,0.0,0.0,6.806,5.806,0.5806,1000,40.48800312941947,20.708766418788453,23.224,-0.3064773346206028,36073407_26
36160744_27,GAS_COST=4/SEED=20/36160744_27,4.0,20,0.02,inventory,50,15,100,1005,1000,CDM,-89.78038606178801,77.85326733540943,-65.13314876467552,-243.67677054510696,-10.645729925003765,-321.9742638154355,-444.1338605776626,-1.884683446010848,5.004324935194228,0.018,1.0997351832144508e-185,6.122109836780347e-164,-89.78038606178801,29.559113,3.190445003928652,0.4403626757923521,0.11317150000000001,14.776408748345652,4.385739972209678,-2.8226982076939358,5.267035184876702,1.8043442766300866,27.762,26.762,2.6761999999999997,1000,51.83220066120548,34.10875094807034,107.048,-0.45583577492315863,36073407_26
36160744_28,GAS_COST=4/SEED=20/36160744_28,4.0,20,0.03,inventory,0,15,100,1005,1000,DeployNarrow,0.0964713179157136,21.608472923836356,4.591528776128712,-39.48090507159393,30.516724477229925,-56.168761744772,-77.51757365376551,-0.9939289254221594,1.4110702917728162,0.639,0.8878117262763568,0.0004431826460404742,0.0964713179157136,2.0,0.0,0.0,6.296102000000001,96.94789970336959,150.87963598766268,0.0,0.0,0.0,1.0,0.0,0.0,1000,12.694181874704732,11.98994608484544,0.0,-0.60776447194358,36073407_28
36160744_28,GAS_COST=4/SEED=20/36160744_28,4.0,20,0.03,inventory,0,15,100,1005,1000,DeployWide,-2.1249120924062783,20.711410886736758,3.508260511740332,-40.699911794290735,23.251087766135786,-57.32995524756137,-78.77373364024155,-1.2065330299070676,1.5971025947457242,0.622,0.0012230019249894906,0.29595422476571565,-2.1249120924062783,30.0,0.0,0.0,6.296102000000001,96.94789970336959,150.87963598766268,0.0,0.0,0.0,1.0,0.0,0.0,1000,10.120122894412997,11.58370050935898,0.0,-0.6613344774602958,36073407_28
36160744_28,GAS_COST=4/SEED=20/36160744_28,4.0,20,0.03,inventory,0,15,100,1005,1000,ArrivalRebalance,-22.624762571287203,25.967530093888755,-18.96056287585958,-66.37704590316031,14.702360768320451,-88.46793780163497,-120.96502701477138,-0.8182018492705129,1.6676198835116978,0.179,1.1472975606828848e-124,1.1181598990221495e-110,-22.624762571287203,2.0,0.0,0.0,1.0552480000000002,46.16844849656831,21.107091236418533,0.0,0.0,0.0,7.0,6.0,0.6,1000,34.78323250735416,32.36372203820051,24.0,-1.0442730404408505,36073407_28
36160744_28,GAS_COST=4/SEED=20/36160744_28,4.0,20,0.03,inventory,0,15,100,1005,1000,CDM,-3.4374486034944414,20.22734960618237,0.0,-42.564194855707065,22.115380500426067,-57.1777186049395,-77.99773849329829,-1.050140846813203,1.7065479759148632,0.461,9.724922785807369e-08,0.004099752105173056,-3.4374486034944414,1.0006959999999998,0.02199844503595652,0.004438421340972474,-8.544493999999998,96.9485334698569,150.83700636342516,-14.384,0.16404877323527906,0.7397368901620812,1.048,0.048,0.0048,1000,8.651427024075025,11.895351115389978,0.192,-0.0015245121794880382,36073407_28
36160744_29,GAS_COST=4/SEED=20/36160744_29,4.0,20,0.03,inventory,50,15,100,1005,1000,DeployNarrow,0.0964713179157136,21.608472923836356,4.591528776128712,-39.48090507159393,30.516724477229925,-56.168761744772,-77.51757365376551,-0.9939289254221594,1.4110702917728162,0.639,0.8878117262763568,0.0004431826460404742,0.0964713179157136,2.0,0.0,0.0,6.296102000000001,96.94789970336959,150.87963598766268,0.0,0.0,0.0,1.0,0.0,0.0,1000,12.694181874704732,11.98994608484544,0.0,-0.60776447194358,36073407_28
36160744_29,GAS_COST=4/SEED=20/36160744_29,4.0,20,0.03,inventory,50,15,100,1005,1000,DeployWide,-2.1249120924062783,20.711410886736758,3.508260511740332,-40.699911794290735,23.251087766135786,-57.32995524756137,-78.77373364024155,-1.2065330299070676,1.5971025947457242,0.622,0.0012230019249894906,0.29595422476571565,-2.1249120924062783,30.0,0.0,0.0,6.296102000000001,96.94789970336959,150.87963598766268,0.0,0.0,0.0,1.0,0.0,0.0,1000,10.120122894412997,11.58370050935898,0.0,-0.6613344774602958,36073407_28
36160744_29,GAS_COST=4/SEED=20/36160744_29,4.0,20,0.03,inventory,50,15,100,1005,1000,ArrivalRebalance,-22.624762571287203,25.967530093888755,-18.96056287585958,-66.37704590316031,14.702360768320451,-88.46793780163497,-120.96502701477138,-0.8182018492705129,1.6676198835116978,0.179,1.1472975606828848e-124,1.1181598990221495e-110,-22.624762571287203,2.0,0.0,0.0,1.0552480000000002,46.16844849656831,21.107091236418533,0.0,0.0,0.0,7.0,6.0,0.6,1000,34.78323250735416,32.36372203820051,24.0,-1.0442730404408505,36073407_28
36160744_29,GAS_COST=4/SEED=20/36160744_29,4.0,20,0.03,inventory,50,15,100,1005,1000,CDM,-3.4374486034944414,20.22734960618237,0.0,-42.564194855707065,22.115380500426067,-57.1777186049395,-77.99773849329829,-1.050140846813203,1.7065479759148632,0.461,9.724922785807369e-08,0.004099752105173056,-3.4374486034944414,1.0006959999999998,0.02199844503595652,0.004438421340972474,-8.544493999999998,96.9485334698569,150.83700636342516,-14.384,0.16404877323527906,0.7397368901620812,1.048,0.048,0.0048,1000,8.651427024075025,11.895351115389978,0.192,-0.0015245121794880382,36073407_28
36073407_10,GAS_COST=4/SEED=4/36073407_10,4.0,4,0.03,inventory,0,15,100,1005,1000,DeployNarrow,0.0964713179157136,21.608472923836356,4.591528776128712,-39.48090507159393,30.516724477229925,-56.168761744772,-77.51757365376551,-0.9939289254221594,1.4110702917728162,0.639,0.8878117262763568,0.0004431826460404742,0.0964713179157136,2.0,0.0,0.0,6.296102000000001,96.94789970336959,150.87963598766268,0.0,0.0,0.0,1.0,0.0,0.0,1000,12.694181874704732,11.98994608484544,0.0,-0.60776447194358,36073407_28
36073407_10,GAS_COST=4/SEED=4/36073407_10,4.0,4,0.03,inventory,0,15,100,1005,1000,DeployWide,-2.1249120924062783,20.711410886736758,3.508260511740332,-40.699911794290735,23.251087766135786,-57.32995524756137,-78.77373364024155,-1.2065330299070676,1.5971025947457242,0.622,0.0012230019249894906,0.29595422476571565,-2.1249120924062783,30.0,0.0,0.0,6.296102000000001,96.94789970336959,150.87963598766268,0.0,0.0,0.0,1.0,0.0,0.0,1000,10.120122894412997,11.58370050935898,0.0,-0.6613344774602958,36073407_28
36073407_10,GAS_COST=4/SEED=4/36073407_10,4.0,4,0.03,inventory,0,15,100,1005,1000,ArrivalRebalance,-22.624762571287203,25.967530093888755,-18.96056287585958,-66.37704590316031,14.702360768320451,-88.46793780163497,-120.96502701477138,-0.8182018492705129,1.6676198835116978,0.179,1.1472975606828848e-124,1.1181598990221495e-110,-22.624762571287203,2.0,0.0,0.0,1.0552480000000002,46.16844849656831,21.107091236418533,0.0,0.0,0.0,7.0,6.0,0.6,1000,34.78323250735416,32.36372203820051,24.0,-1.0442730404408505,36073407_28
36073407_10,GAS_COST=4/SEED=4/36073407_10,4.0,4,0.03,inventory,0,15,100,1005,1000,CDM,-3.4374486034944414,20.22734960618237,0.0,-42.564194855707065,22.115380500426067,-57.1777186049395,-77.99773849329829,-1.050140846813203,1.7065479759148632,0.461,9.724922785807369e-08,0.004099752105173056,-3.4374486034944414,1.0006959999999998,0.02199844503595652,0.004438421340972474,-8.544493999999998,96.9485334698569,150.83700636342516,-14.384,0.16404877323527906,0.7397368901620812,1.048,0.048,0.0048,1000,8.651427024075025,11.895351115389978,0.192,-0.0015245121794880382,36073407_28
36073407_11,GAS_COST=4/SEED=4/36073407_11,4.0,4,0.03,inventory,50,15,100,1005,1000,DeployNarrow,0.0964713179157136,21.608472923836356,4.591528776128712,-39.48090507159393,30.516724477229925,-56.168761744772,-77.51757365376551,-0.9939289254221594,1.4110702917728162,0.639,0.8878117262763568,0.0004431826460404742,0.0964713179157136,2.0,0.0,0.0,6.296102000000001,96.94789970336959,150.87963598766268,0.0,0.0,0.0,1.0,0.0,0.0,1000,12.694181874704732,11.98994608484544,0.0,-0.60776447194358,36073407_28
36073407_11,GAS_COST=4/SEED=4/36073407_11,4.0,4,0.03,inventory,50,15,100,1005,1000,DeployWide,-2.1249120924062783,20.711410886736758,3.508260511740332,-40.699911794290735,23.251087766135786,-57.32995524756137,-78.77373364024155,-1.2065330299070676,1.5971025947457242,0.622,0.0012230019249894906,0.29595422476571565,-2.1249120924062783,30.0,0.0,0.0,6.296102000000001,96.94789970336959,150.87963598766268,0.0,0.0,0.0,1.0,0.0,0.0,1000,10.120122894412997,11.58370050935898,0.0,-0.6613344774602958,36073407_28
36073407_11,GAS_COST=4/SEED=4/36073407_11,4.0,4,0.03,inventory,50,15,100,1005,1000,ArrivalRebalance,-22.624762571287203,25.967530093888755,-18.96056287585958,-66.37704590316031,14.702360768320451,-88.46793780163497,-120.96502701477138,-0.8182018492705129,1.6676198835116978,0.179,1.1472975606828848e-124,1.1181598990221495e-110,-22.624762571287203,2.0,0.0,0.0,1.0552480000000002,46.16844849656831,21.107091236418533,0.0,0.0,0.0,7.0,6.0,0.6,1000,34.78323250735416,32.36372203820051,24.0,-1.0442730404408505,36073407_28
36073407_11,GAS_COST=4/SEED=4/36073407_11,4.0,4,0.03,inventory,50,15,100,1005,1000,CDM,-3.4374486034944414,20.22734960618237,0.0,-42.564194855707065,22.115380500426067,-57.1777186049395,-77.99773849329829,-1.050140846813203,1.7065479759148632,0.461,9.724922785807369e-08,0.004099752105173056,-3.4374486034944414,1.0006959999999998,0.02199844503595652,0.004438421340972474,-8.544493999999998,96.9485334698569,150.83700636342516,-14.384,0.16404877323527906,0.7397368901620812,1.048,0.048,0.0048,1000,8.651427024075025,11.895351115389978,0.192,-0.0015245121794880382,36073407_28
36073407_6,GAS_COST=4/SEED=4/36073407_6,4.0,4,0.01,inventory,0,15,100,1005,1000,DeployNarrow,15.853083515013815,16.956191085381878,13.602949112645433,-8.712122030260673,46.928570278263656,-14.51668028381976,-24.147723319955094,0.5902063636490774,0.6281835443937513,0.853,2.0179327643643057e-138,1.312957613589948e-118,-9.292846494625426,2.0,0.0,0.0,2.1089620000000004,36.82742706653936,56.63103662111931,0.0,0.0,0.0,1.0,0.0,0.0,1000,20.097888987877507,4.040975917870004,0.0,-0.2038295549936895,36073407_25
36073407_6,GAS_COST=4/SEED=4/36073407_6,4.0,4,0.01,inventory,0,15,100,1005,1000,DeployWide,12.778933753980283,13.919367309882404,11.961434284768302,-9.371417503759556,37.770858544332846,-15.105149504433719,-23.347849320742046,0.1579411047030017,0.039718924975780556,0.838,9.102629756367264e-135,4.893484319113367e-110,-10.581574388025514,30.0,0.0,0.0,2.1089620000000004,36.82742706653936,56.63103662111931,0.0,0.0,0.0,1.0,0.0,0.0,1000,16.685245762715283,3.6849859328057866,0.0,-0.22132607592921472,36073407_25
36073407_6,GAS_COST=4/SEED=4/36073407_6,4.0,4,0.01,inventory,0,15,100,1005,1000,ArrivalRebalance,21.42998811786843,19.43656975941591,20.017627632193864,-8.69003564762791,57.018904320609884,-14.348686851210912,-23.44218206287592,0.4921584469350813,0.5003021082219701,0.882,9.021744496672386e-175,8.325254907592e-136,-3.8816046829643964,2.0,0.0,0.0,0.21988900000000006,25.84853499101164,10.696880282992748,0.0,0.0,0.0,5.51,4.51,0.451,1000,48.76327773457921,8.880852999340096,18.04,-0.41243661737068826,36073407_25
36073407_6,GAS_COST=4/SEED=4/36073407_6,4.0,4,0.01,inventory,0,15,100,1005,1000,CDM,9.055466786820736,15.536042191356476,10.133023858279046,-18.581319683352167,32.656567036011516,-26.801706335469227,-38.94956926908926,-0.36683839855060657,0.28434503621971885,0.747,1.7893715761809645e-65,2.5649954448138487e-61,-9.961590104331059,29.914421,1.530331100545373,0.046296563144578966,0.10117349999999999,13.44940963671174,4.306702486490998,-1.9906157346738227,4.910211059961963,0.644396240959442,8.577,7.577,0.7577,1000,50.158350783744076,10.571690421353333,30.308,-0.223193575570008,36073407_25
36073407_7,GAS_COST=4/SEED=4/36073407_7,4.0,4,0.01,inventory,50,15,100,1005,1000,DeployNarrow,15.853083515013815,16.956191085381878,13.602949112645433,-8.712122030260673,46.928570278263656,-14.51668028381976,-24.147723319955094,0.5902063636490774,0.6281835443937513,0.853,2.0179327643643057e-138,1.312957613589948e-118,-9.292846494625426,2.0,0.0,0.0,2.1089620000000004,36.82742706653936,56.63103662111931,0.0,0.0,0.0,1.0,0.0,0.0,1000,20.097888987877507,4.040975917870004,0.0,-0.2038295549936895,36073407_25
36073407_7,GAS_COST=4/SEED=4/36073407_7,4.0,4,0.01,inventory,50,15,100,1005,1000,DeployWide,12.778933753980283,13.919367309882404,11.961434284768302,-9.371417503759556,37.770858544332846,-15.105149504433719,-23.347849320742046,0.1579411047030017,0.039718924975780556,0.838,9.102629756367264e-135,4.893484319113367e-110,-10.581574388025514,30.0,0.0,0.0,2.1089620000000004,36.82742706653936,56.63103662111931,0.0,0.0,0.0,1.0,0.0,0.0,1000,16.685245762715283,3.6849859328057866,0.0,-0.22132607592921472,36073407_25
36073407_7,GAS_COST=4/SEED=4/36073407_7,4.0,4,0.01,inventory,50,15,100,1005,1000,ArrivalRebalance,21.42998811786843,19.43656975941591,20.017627632193864,-8.69003564762791,57.018904320609884,-14.348686851210912,-23.44218206287592,0.4921584469350813,0.5003021082219701,0.882,9.021744496672386e-175,8.325254907592e-136,-3.8816046829643964,2.0,0.0,0.0,0.21988900000000006,25.84853499101164,10.696880282992748,0.0,0.0,0.0,5.51,4.51,0.451,1000,48.76327773457921,8.880852999340096,18.04,-0.41243661737068826,36073407_25
36073407_7,GAS_COST=4/SEED=4/36073407_7,4.0,4,0.01,inventory,50,15,100,1005,1000,CDM,9.055466786820736,15.536042191356476,10.133023858279046,-18.581319683352167,32.656567036011516,-26.801706335469227,-38.94956926908926,-0.36683839855060657,0.28434503621971885,0.747,1.7893715761809645e-65,2.5649954448138487e-61,-9.961590104331059,29.914421,1.530331100545373,0.046296563144578966,0.10117349999999999,13.44940963671174,4.306702486490998,-1.9906157346738227,4.910211059961963,0.644396240959442,8.577,7.577,0.7577,1000,50.158350783744076,10.571690421353333,30.308,-0.223193575570008,36073407_25
36073407_8,GAS_COST=4/SEED=4/36073407_8,4.0,4,0.02,inventory,0,15,100,1005,1000,DeployNarrow,6.477607686199505,17.950551852566374,7.581377161501109,-23.96664213352248,34.81409255433276,-35.36628440504408,-50.708465953253054,-0.29864590423878545,0.9643093515796797,0.73,2.0575071009793284e-28,4.557474664873838e-33,6.477607686199505,2.0,0.0,0.0,4.403665000000001,69.87534397238362,108.28602515580104,0.0,0.0,0.0,1.0,0.0,0.0,1000,14.95097553137955,8.066962979097362,0.0,-0.406404866082683,36073407_26
36073407_8,GAS_COST=4/SEED=4/36073407_8,4.0,4,0.02,inventory,0,15,100,1005,1000,DeployWide,4.09478718770963,16.271817552955877,6.268138593964352,-24.95742360716701,27.8048911655416,-36.48392899469141,-51.603535519010464,-0.7388667337633585,0.9833922200896059,0.689,4.873609609898465e-15,1.7472770175243966e-21,4.09478718770963,30.0,0.0,0.0,4.403665000000001,69.87534397238362,108.28602515580104,0.0,0.0,0.0,1.0,0.0,0.0,1000,12.223730533503973,7.687185265063061,0.0,-0.4417580807312825,36073407_26
36073407_8,GAS_COST=4/SEED=4/36073407_8,4.0,4,0.02,inventory,0,15,100,1005,1000,ArrivalRebalance,-3.751240623989588,20.55128633631821,-3.649789108367372,-37.77397231087919,29.96862528166854,-50.85640829392216,-70.99221340640256,-0.26996616934536993,0.7421177512533754,0.426,1.0614417251548288e-08,7.926084211788751e-08,-3.751240623989588,2.0,0.0,0.0,0.6782760000000001,39.306576008267555,16.047503532195407,0.0,0.0,0.0,6.806,5.806,0.5806,1000,40.48800312941947,20.708766418788453,23.224,-0.3064773346206028,36073407_26
36073407_8,GAS_COST=4/SEED=4/36073407_8,4.0,4,0.02,inventory,0,15,100,1005,1000,CDM,-89.78038606178801,77.85326733540943,-65.13314876467552,-243.67677054510696,-10.645729925003765,-321.9742638154355,-444.1338605776626,-1.884683446010848,5.004324935194228,0.018,1.0997351832144508e-185,6.122109836780347e-164,-89.78038606178801,29.559113,3.190445003928652,0.4403626757923521,0.11317150000000001,14.776408748345652,4.385739972209678,-2.8226982076939358,5.267035184876702,1.8043442766300866,27.762,26.762,2.6761999999999997,1000,51.83220066120548,34.10875094807034,107.048,-0.45583577492315863,36073407_26
36073407_9,GAS_COST=4/SEED=4/36073407_9,4.0,4,0.02,inventory,50,15,100,1005,1000,DeployNarrow,6.477607686199505,17.950551852566374,7.581377161501109,-23.96664213352248,34.81409255433276,-35.36628440504408,-50.708465953253054,-0.29864590423878545,0.9643093515796797,0.73,2.0575071009793284e-28,4.557474664873838e-33,6.477607686199505,2.0,0.0,0.0,4.403665000000001,69.87534397238362,108.28602515580104,0.0,0.0,0.0,1.0,0.0,0.0,1000,14.95097553137955,8.066962979097362,0.0,-0.406404866082683,36073407_26
36073407_9,GAS_COST=4/SEED=4/36073407_9,4.0,4,0.02,inventory,50,15,100,1005,1000,DeployWide,4.09478718770963,16.271817552955877,6.268138593964352,-24.95742360716701,27.8048911655416,-36.48392899469141,-51.603535519010464,-0.7388667337633585,0.9833922200896059,0.689,4.873609609898465e-15,1.7472770175243966e-21,4.09478718770963,30.0,0.0,0.0,4.403665000000001,69.87534397238362,108.28602515580104,0.0,0.0,0.0,1.0,0.0,0.0,1000,12.223730533503973,7.687185265063061,0.0,-0.4417580807312825,36073407_26
36073407_9,GAS_COST=4/SEED=4/36073407_9,4.0,4,0.02,inventory,50,15,100,1005,1000,ArrivalRebalance,-3.751240623989588,20.55128633631821,-3.649789108367372,-37.77397231087919,29.96862528166854,-50.85640829392216,-70.99221340640256,-0.26996616934536993,0.7421177512533754,0.426,1.0614417251548288e-08,7.926084211788751e-08,-3.751240623989588,2.0,0.0,0.0,0.6782760000000001,39.306576008267555,16.047503532195407,0.0,0.0,0.0,6.806,5.806,0.5806,1000,40.48800312941947,20.708766418788453,23.224,-0.3064773346206028,36073407_26
36073407_9,GAS_COST=4/SEED=4/36073407_9,4.0,4,0.02,inventory,50,15,100,1005,1000,CDM,-89.78038606178801,77.85326733540943,-65.13314876467552,-243.67677054510696,-10.645729925003765,-321.9742638154355,-444.1338605776626,-1.884683446010848,5.004324935194228,0.018,1.0997351832144508e-185,6.122109836780347e-164,-89.78038606178801,29.559113,3.190445003928652,0.4403626757923521,0.11317150000000001,14.776408748345652,4.385739972209678,-2.8226982076939358,5.267035184876702,1.8043442766300866,27.762,26.762,2.6761999999999997,1000,51.83220066120548,34.10875094807034,107.048,-0.45583577492315863,36073407_26
36073407_12,GAS_COST=4/SEED=6/36073407_12,4.0,6,0.01,inventory,0,15,100,1005,1000,DeployNarrow,15.853083515013815,16.956191085381878,13.602949112645433,-8.712122030260673,46.928570278263656,-14.51668028381976,-24.147723319955094,0.5902063636490774,0.6281835443937513,0.853,2.0179327643643057e-138,1.312957613589948e-118,-9.292846494625426,2.0,0.0,0.0,2.1089620000000004,36.82742706653936,56.63103662111931,0.0,0.0,0.0,1.0,0.0,0.0,1000,20.097888987877507,4.040975917870004,0.0,-0.2038295549936895,36073407_25
36073407_12,GAS_COST=4/SEED=6/36073407_12,4.0,6,0.01,inventory,0,15,100,1005,1000,DeployWide,12.778933753980283,13.919367309882404,11.961434284768302,-9.371417503759556,37.770858544332846,-15.105149504433719,-23.347849320742046,0.1579411047030017,0.039718924975780556,0.838,9.102629756367264e-135,4.893484319113367e-110,-10.581574388025514,30.0,0.0,0.0,2.1089620000000004,36.82742706653936,56.63103662111931,0.0,0.0,0.0,1.0,0.0,0.0,1000,16.685245762715283,3.6849859328057866,0.0,-0.22132607592921472,36073407_25
36073407_12,GAS_COST=4/SEED=6/36073407_12,4.0,6,0.01,inventory,0,15,100,1005,1000,ArrivalRebalance,21.42998811786843,19.43656975941591,20.017627632193864,-8.69003564762791,57.018904320609884,-14.348686851210912,-23.44218206287592,0.4921584469350813,0.5003021082219701,0.882,9.021744496672386e-175,8.325254907592e-136,-3.8816046829643964,2.0,0.0,0.0,0.21988900000000006,25.84853499101164,10.696880282992748,0.0,0.0,0.0,5.51,4.51,0.451,1000,48.76327773457921,8.880852999340096,18.04,-0.41243661737068826,36073407_25
36073407_12,GAS_COST=4/SEED=6/36073407_12,4.0,6,0.01,inventory,0,15,100,1005,1000,CDM,9.055466786820736,15.536042191356476,10.133023858279046,-18.581319683352167,32.656567036011516,-26.801706335469227,-38.94956926908926,-0.36683839855060657,0.28434503621971885,0.747,1.7893715761809645e-65,2.5649954448138487e-61,-9.961590104331059,29.914421,1.530331100545373,0.046296563144578966,0.10117349999999999,13.44940963671174,4.306702486490998,-1.9906157346738227,4.910211059961963,0.644396240959442,8.577,7.577,0.7577,1000,50.158350783744076,10.571690421353333,30.308,-0.223193575570008,36073407_25
36073407_13,GAS_COST=4/SEED=6/36073407_13,4.0,6,0.01,inventory,50,15,100,1005,1000,DeployNarrow,15.853083515013815,16.956191085381878,13.602949112645433,-8.712122030260673,46.928570278263656,-14.51668028381976,-24.147723319955094,0.5902063636490774,0.6281835443937513,0.853,2.0179327643643057e-138,1.312957613589948e-118,-9.292846494625426,2.0,0.0,0.0,2.1089620000000004,36.82742706653936,56.63103662111931,0.0,0.0,0.0,1.0,0.0,0.0,1000,20.097888987877507,4.040975917870004,0.0,-0.2038295549936895,36073407_25
36073407_13,GAS_COST=4/SEED=6/36073407_13,4.0,6,0.01,inventory,50,15,100,1005,1000,DeployWide,12.778933753980283,13.919367309882404,11.961434284768302,-9.371417503759556,37.770858544332846,-15.105149504433719,-23.347849320742046,0.1579411047030017,0.039718924975780556,0.838,9.102629756367264e-135,4.893484319113367e-110,-10.581574388025514,30.0,0.0,0.0,2.1089620000000004,36.82742706653936,56.63103662111931,0.0,0.0,0.0,1.0,0.0,0.0,1000,16.685245762715283,3.6849859328057866,0.0,-0.22132607592921472,36073407_25
36073407_13,GAS_COST=4/SEED=6/36073407_13,4.0,6,0.01,inventory,50,15,100,1005,1000,ArrivalRebalance,21.42998811786843,19.43656975941591,20.017627632193864,-8.69003564762791,57.018904320609884,-14.348686851210912,-23.44218206287592,0.4921584469350813,0.5003021082219701,0.882,9.021744496672386e-175,8.325254907592e-136,-3.8816046829643964,2.0,0.0,0.0,0.21988900000000006,25.84853499101164,10.696880282992748,0.0,0.0,0.0,5.51,4.51,0.451,1000,48.76327773457921,8.880852999340096,18.04,-0.41243661737068826,36073407_25
36073407_13,GAS_COST=4/SEED=6/36073407_13,4.0,6,0.01,inventory,50,15,100,1005,1000,CDM,9.055466786820736,15.536042191356476,10.133023858279046,-18.581319683352167,32.656567036011516,-26.801706335469227,-38.94956926908926,-0.36683839855060657,0.28434503621971885,0.747,1.7893715761809645e-65,2.5649954448138487e-61,-9.961590104331059,29.914421,1.530331100545373,0.046296563144578966,0.10117349999999999,13.44940963671174,4.306702486490998,-1.9906157346738227,4.910211059961963,0.644396240959442,8.577,7.577,0.7577,1000,50.158350783744076,10.571690421353333,30.308,-0.223193575570008,36073407_25
36073407_14,GAS_COST=4/SEED=6/36073407_14,4.0,6,0.02,inventory,0,15,100,1005,1000,DeployNarrow,6.477607686199505,17.950551852566374,7.581377161501109,-23.96664213352248,34.81409255433276,-35.36628440504408,-50.708465953253054,-0.29864590423878545,0.9643093515796797,0.73,2.0575071009793284e-28,4.557474664873838e-33,6.477607686199505,2.0,0.0,0.0,4.403665000000001,69.87534397238362,108.28602515580104,0.0,0.0,0.0,1.0,0.0,0.0,1000,14.95097553137955,8.066962979097362,0.0,-0.406404866082683,36073407_26
36073407_14,GAS_COST=4/SEED=6/36073407_14,4.0,6,0.02,inventory,0,15,100,1005,1000,DeployWide,4.09478718770963,16.271817552955877,6.268138593964352,-24.95742360716701,27.8048911655416,-36.48392899469141,-51.603535519010464,-0.7388667337633585,0.9833922200896059,0.689,4.873609609898465e-15,1.7472770175243966e-21,4.09478718770963,30.0,0.0,0.0,4.403665000000001,69.87534397238362,108.28602515580104,0.0,0.0,0.0,1.0,0.0,0.0,1000,12.223730533503973,7.687185265063061,0.0,-0.4417580807312825,36073407_26
36073407_14,GAS_COST=4/SEED=6/36073407_14,4.0,6,0.02,inventory,0,15,100,1005,1000,ArrivalRebalance,-3.751240623989588,20.55128633631821,-3.649789108367372,-37.77397231087919,29.96862528166854,-50.85640829392216,-70.99221340640256,-0.26996616934536993,0.7421177512533754,0.426,1.0614417251548288e-08,7.926084211788751e-08,-3.751240623989588,2.0,0.0,0.0,0.6782760000000001,39.306576008267555,16.047503532195407,0.0,0.0,0.0,6.806,5.806,0.5806,1000,40.48800312941947,20.708766418788453,23.224,-0.3064773346206028,36073407_26
36073407_14,GAS_COST=4/SEED=6/36073407_14,4.0,6,0.02,inventory,0,15,100,1005,1000,CDM,-89.78038606178801,77.85326733540943,-65.13314876467552,-243.67677054510696,-10.645729925003765,-321.9742638154355,-444.1338605776626,-1.884683446010848,5.004324935194228,0.018,1.0997351832144508e-185,6.122109836780347e-164,-89.78038606178801,29.559113,3.190445003928652,0.4403626757923521,0.11317150000000001,14.776408748345652,4.385739972209678,-2.8226982076939358,5.267035184876702,1.8043442766300866,27.762,26.762,2.6761999999999997,1000,51.83220066120548,34.10875094807034,107.048,-0.45583577492315863,36073407_26
36073407_15,GAS_COST=4/SEED=6/36073407_15,4.0,6,0.02,inventory,50,15,100,1005,1000,DeployNarrow,6.477607686199505,17.950551852566374,7.581377161501109,-23.96664213352248,34.81409255433276,-35.36628440504408,-50.708465953253054,-0.29864590423878545,0.9643093515796797,0.73,2.0575071009793284e-28,4.557474664873838e-33,6.477607686199505,2.0,0.0,0.0,4.403665000000001,69.87534397238362,108.28602515580104,0.0,0.0,0.0,1.0,0.0,0.0,1000,14.95097553137955,8.066962979097362,0.0,-0.406404866082683,36073407_26
36073407_15,GAS_COST=4/SEED=6/36073407_15,4.0,6,0.02,inventory,50,15,100,1005,1000,DeployWide,4.09478718770963,16.271817552955877,6.268138593964352,-24.95742360716701,27.8048911655416,-36.48392899469141,-51.603535519010464,-0.7388667337633585,0.9833922200896059,0.689,4.873609609898465e-15,1.7472770175243966e-21,4.09478718770963,30.0,0.0,0.0,4.403665000000001,69.87534397238362,108.28602515580104,0.0,0.0,0.0,1.0,0.0,0.0,1000,12.223730533503973,7.687185265063061,0.0,-0.4417580807312825,36073407_26
36073407_15,GAS_COST=4/SEED=6/36073407_15,4.0,6,0.02,inventory,50,15,100,1005,1000,ArrivalRebalance,-3.751240623989588,20.55128633631821,-3.649789108367372,-37.77397231087919,29.96862528166854,-50.85640829392216,-70.99221340640256,-0.26996616934536993,0.7421177512533754,0.426,1.0614417251548288e-08,7.926084211788751e-08,-3.751240623989588,2.0,0.0,0.0,0.6782760000000001,39.306576008267555,16.047503532195407,0.0,0.0,0.0,6.806,5.806,0.5806,1000,40.48800312941947,20.708766418788453,23.224,-0.3064773346206028,36073407_26
36073407_15,GAS_COST=4/SEED=6/36073407_15,4.0,6,0.02,inventory,50,15,100,1005,1000,CDM,-89.78038606178801,77.85326733540943,-65.13314876467552,-243.67677054510696,-10.645729925003765,-321.9742638154355,-444.1338605776626,-1.884683446010848,5.004324935194228,0.018,1.0997351832144508e-185,6.122109836780347e-164,-89.78038606178801,29.559113,3.190445003928652,0.4403626757923521,0.11317150000000001,14.776408748345652,4.385739972209678,-2.8226982076939358,5.267035184876702,1.8043442766300866,27.762,26.762,2.6761999999999997,1000,51.83220066120548,34.10875094807034,107.048,-0.45583577492315863,36073407_26
36073407_16,GAS_COST=4/SEED=6/36073407_16,4.0,6,0.03,inventory,0,15,100,1005,1000,DeployNarrow,0.0964713179157136,21.608472923836356,4.591528776128712,-39.48090507159393,30.516724477229925,-56.168761744772,-77.51757365376551,-0.9939289254221594,1.4110702917728162,0.639,0.8878117262763568,0.0004431826460404742,0.0964713179157136,2.0,0.0,0.0,6.296102000000001,96.94789970336959,150.87963598766268,0.0,0.0,0.0,1.0,0.0,0.0,1000,12.694181874704732,11.98994608484544,0.0,-0.60776447194358,36073407_28
36073407_16,GAS_COST=4/SEED=6/36073407_16,4.0,6,0.03,inventory,0,15,100,1005,1000,DeployWide,-2.1249120924062783,20.711410886736758,3.508260511740332,-40.699911794290735,23.251087766135786,-57.32995524756137,-78.77373364024155,-1.2065330299070676,1.5971025947457242,0.622,0.0012230019249894906,0.29595422476571565,-2.1249120924062783,30.0,0.0,0.0,6.296102000000001,96.94789970336959,150.87963598766268,0.0,0.0,0.0,1.0,0.0,0.0,1000,10.120122894412997,11.58370050935898,0.0,-0.6613344774602958,36073407_28
36073407_16,GAS_COST=4/SEED=6/36073407_16,4.0,6,0.03,inventory,0,15,100,1005,1000,ArrivalRebalance,-22.624762571287203,25.967530093888755,-18.96056287585958,-66.37704590316031,14.702360768320451,-88.46793780163497,-120.96502701477138,-0.8182018492705129,1.6676198835116978,0.179,1.1472975606828848e-124,1.1181598990221495e-110,-22.624762571287203,2.0,0.0,0.0,1.0552480000000002,46.16844849656831,21.107091236418533,0.0,0.0,0.0,7.0,6.0,0.6,1000,34.78323250735416,32.36372203820051,24.0,-1.0442730404408505,36073407_28
36073407_16,GAS_COST=4/SEED=6/36073407_16,4.0,6,0.03,inventory,0,15,100,1005,1000,CDM,-3.4374486034944414,20.22734960618237,0.0,-42.564194855707065,22.115380500426067,-57.1777186049395,-77.99773849329829,-1.050140846813203,1.7065479759148632,0.461,9.724922785807369e-08,0.004099752105173056,-3.4374486034944414,1.0006959999999998,0.02199844503595652,0.004438421340972474,-8.544493999999998,96.9485334698569,150.83700636342516,-14.384,0.16404877323527906,0.7397368901620812,1.048,0.048,0.0048,1000,8.651427024075025,11.895351115389978,0.192,-0.0015245121794880382,36073407_28
36153140_0,GAS_COST=4/SEED=6/36153140_0,4.0,6,0.03,inventory,50,15,100,1005,1000,DeployNarrow,0.0964713179157136,21.608472923836356,4.591528776128712,-39.48090507159393,30.516724477229925,-56.168761744772,-77.51757365376551,-0.9939289254221594,1.4110702917728162,0.639,0.8878117262763568,0.0004431826460404742,0.0964713179157136,2.0,0.0,0.0,6.296102000000001,96.94789970336959,150.87963598766268,0.0,0.0,0.0,1.0,0.0,0.0,1000,12.694181874704732,11.98994608484544,0.0,-0.60776447194358,36073407_28
36153140_0,GAS_COST=4/SEED=6/36153140_0,4.0,6,0.03,inventory,50,15,100,1005,1000,DeployWide,-2.1249120924062783,20.711410886736758,3.508260511740332,-40.699911794290735,23.251087766135786,-57.32995524756137,-78.77373364024155,-1.2065330299070676,1.5971025947457242,0.622,0.0012230019249894906,0.29595422476571565,-2.1249120924062783,30.0,0.0,0.0,6.296102000000001,96.94789970336959,150.87963598766268,0.0,0.0,0.0,1.0,0.0,0.0,1000,10.120122894412997,11.58370050935898,0.0,-0.6613344774602958,36073407_28
36153140_0,GAS_COST=4/SEED=6/36153140_0,4.0,6,0.03,inventory,50,15,100,1005,1000,ArrivalRebalance,-22.624762571287203,25.967530093888755,-18.96056287585958,-66.37704590316031,14.702360768320451,-88.46793780163497,-120.96502701477138,-0.8182018492705129,1.6676198835116978,0.179,1.1472975606828848e-124,1.1181598990221495e-110,-22.624762571287203,2.0,0.0,0.0,1.0552480000000002,46.16844849656831,21.107091236418533,0.0,0.0,0.0,7.0,6.0,0.6,1000,34.78323250735416,32.36372203820051,24.0,-1.0442730404408505,36073407_28
36153140_0,GAS_COST=4/SEED=6/36153140_0,4.0,6,0.03,inventory,50,15,100,1005,1000,CDM,-3.4374486034944414,20.22734960618237,0.0,-42.564194855707065,22.115380500426067,-57.1777186049395,-77.99773849329829,-1.050140846813203,1.7065479759148632,0.461,9.724922785807369e-08,0.004099752105173056,-3.4374486034944414,1.0006959999999998,0.02199844503595652,0.004438421340972474,-8.544493999999998,96.9485334698569,150.83700636342516,-14.384,0.16404877323527906,0.7397368901620812,1.048,0.048,0.0048,1000,8.651427024075025,11.895351115389978,0.192,-0.0015245121794880382,36073407_28
36073407_21,GAS_COST=4/SEED=8/36073407_21,4.0,8,0.02,inventory,50,15,100,1005,1000,DeployNarrow,6.477607686199505,17.950551852566374,7.581377161501109,-23.96664213352248,34.81409255433276,-35.36628440504408,-50.708465953253054,-0.29864590423878545,0.9643093515796797,0.73,2.0575071009793284e-28,4.557474664873838e-33,6.477607686199505,2.0,0.0,0.0,4.403665000000001,69.87534397238362,108.28602515580104,0.0,0.0,0.0,1.0,0.0,0.0,1000,14.95097553137955,8.066962979097362,0.0,-0.406404866082683,36073407_26
36073407_21,GAS_COST=4/SEED=8/36073407_21,4.0,8,0.02,inventory,50,15,100,1005,1000,DeployWide,4.09478718770963,16.271817552955877,6.268138593964352,-24.95742360716701,27.8048911655416,-36.48392899469141,-51.603535519010464,-0.7388667337633585,0.9833922200896059,0.689,4.873609609898465e-15,1.7472770175243966e-21,4.09478718770963,30.0,0.0,0.0,4.403665000000001,69.87534397238362,108.28602515580104,0.0,0.0,0.0,1.0,0.0,0.0,1000,12.223730533503973,7.687185265063061,0.0,-0.4417580807312825,36073407_26
36073407_21,GAS_COST=4/SEED=8/36073407_21,4.0,8,0.02,inventory,50,15,100,1005,1000,ArrivalRebalance,-3.751240623989588,20.55128633631821,-3.649789108367372,-37.77397231087919,29.96862528166854,-50.85640829392216,-70.99221340640256,-0.26996616934536993,0.7421177512533754,0.426,1.0614417251548288e-08,7.926084211788751e-08,-3.751240623989588,2.0,0.0,0.0,0.6782760000000001,39.306576008267555,16.047503532195407,0.0,0.0,0.0,6.806,5.806,0.5806,1000,40.48800312941947,20.708766418788453,23.224,-0.3064773346206028,36073407_26
36073407_21,GAS_COST=4/SEED=8/36073407_21,4.0,8,0.02,inventory,50,15,100,1005,1000,CDM,-89.78038606178801,77.85326733540943,-65.13314876467552,-243.67677054510696,-10.645729925003765,-321.9742638154355,-444.1338605776626,-1.884683446010848,5.004324935194228,0.018,1.0997351832144508e-185,6.122109836780347e-164,-89.78038606178801,29.559113,3.190445003928652,0.4403626757923521,0.11317150000000001,14.776408748345652,4.385739972209678,-2.8226982076939358,5.267035184876702,1.8043442766300866,27.762,26.762,2.6761999999999997,1000,51.83220066120548,34.10875094807034,107.048,-0.45583577492315863,36073407_26
36073407_22,GAS_COST=4/SEED=8/36073407_22,4.0,8,0.03,inventory,0,15,100,1005,1000,DeployNarrow,0.0964713179157136,21.608472923836356,4.591528776128712,-39.48090507159393,30.516724477229925,-56.168761744772,-77.51757365376551,-0.9939289254221594,1.4110702917728162,0.639,0.8878117262763568,0.0004431826460404742,0.0964713179157136,2.0,0.0,0.0,6.296102000000001,96.94789970336959,150.87963598766268,0.0,0.0,0.0,1.0,0.0,0.0,1000,12.694181874704732,11.98994608484544,0.0,-0.60776447194358,36073407_28
36073407_22,GAS_COST=4/SEED=8/36073407_22,4.0,8,0.03,inventory,0,15,100,1005,1000,DeployWide,-2.1249120924062783,20.711410886736758,3.508260511740332,-40.699911794290735,23.251087766135786,-57.32995524756137,-78.77373364024155,-1.2065330299070676,1.5971025947457242,0.622,0.0012230019249894906,0.29595422476571565,-2.1249120924062783,30.0,0.0,0.0,6.296102000000001,96.94789970336959,150.87963598766268,0.0,0.0,0.0,1.0,0.0,0.0,1000,10.120122894412997,11.58370050935898,0.0,-0.6613344774602958,36073407_28
36073407_22,GAS_COST=4/SEED=8/36073407_22,4.0,8,0.03,inventory,0,15,100,1005,1000,ArrivalRebalance,-22.624762571287203,25.967530093888755,-18.96056287585958,-66.37704590316031,14.702360768320451,-88.46793780163497,-120.96502701477138,-0.8182018492705129,1.6676198835116978,0.179,1.1472975606828848e-124,1.1181598990221495e-110,-22.624762571287203,2.0,0.0,0.0,1.0552480000000002,46.16844849656831,21.107091236418533,0.0,0.0,0.0,7.0,6.0,0.6,1000,34.78323250735416,32.36372203820051,24.0,-1.0442730404408505,36073407_28
36073407_22,GAS_COST=4/SEED=8/36073407_22,4.0,8,0.03,inventory,0,15,100,1005,1000,CDM,-3.4374486034944414,20.22734960618237,0.0,-42.564194855707065,22.115380500426067,-57.1777186049395,-77.99773849329829,-1.050140846813203,1.7065479759148632,0.461,9.724922785807369e-08,0.004099752105173056,-3.4374486034944414,1.0006959999999998,0.02199844503595652,0.004438421340972474,-8.544493999999998,96.9485334698569,150.83700636342516,-14.384,0.16404877323527906,0.7397368901620812,1.048,0.048,0.0048,1000,8.651427024075025,11.895351115389978,0.192,-0.0015245121794880382,36073407_28
36073407_23,GAS_COST=4/SEED=8/36073407_23,4.0,8,0.03,inventory,50,15,100,1005,1000,DeployNarrow,0.0964713179157136,21.608472923836356,4.591528776128712,-39.48090507159393,30.516724477229925,-56.168761744772,-77.51757365376551,-0.9939289254221594,1.4110702917728162,0.639,0.8878117262763568,0.0004431826460404742,0.0964713179157136,2.0,0.0,0.0,6.296102000000001,96.94789970336959,150.87963598766268,0.0,0.0,0.0,1.0,0.0,0.0,1000,12.694181874704732,11.98994608484544,0.0,-0.60776447194358,36073407_28
36073407_23,GAS_COST=4/SEED=8/36073407_23,4.0,8,0.03,inventory,50,15,100,1005,1000,DeployWide,-2.1249120924062783,20.711410886736758,3.508260511740332,-40.699911794290735,23.251087766135786,-57.32995524756137,-78.77373364024155,-1.2065330299070676,1.5971025947457242,0.622,0.0012230019249894906,0.29595422476571565,-2.1249120924062783,30.0,0.0,0.0,6.296102000000001,96.94789970336959,150.87963598766268,0.0,0.0,0.0,1.0,0.0,0.0,1000,10.120122894412997,11.58370050935898,0.0,-0.6613344774602958,36073407_28
36073407_23,GAS_COST=4/SEED=8/36073407_23,4.0,8,0.03,inventory,50,15,100,1005,1000,ArrivalRebalance,-22.624762571287203,25.967530093888755,-18.96056287585958,-66.37704590316031,14.702360768320451,-88.46793780163497,-120.96502701477138,-0.8182018492705129,1.6676198835116978,0.179,1.1472975606828848e-124,1.1181598990221495e-110,-22.624762571287203,2.0,0.0,0.0,1.0552480000000002,46.16844849656831,21.107091236418533,0.0,0.0,0.0,7.0,6.0,0.6,1000,34.78323250735416,32.36372203820051,24.0,-1.0442730404408505,36073407_28
36073407_23,GAS_COST=4/SEED=8/36073407_23,4.0,8,0.03,inventory,50,15,100,1005,1000,CDM,-3.4374486034944414,20.22734960618237,0.0,-42.564194855707065,22.115380500426067,-57.1777186049395,-77.99773849329829,-1.050140846813203,1.7065479759148632,0.461,9.724922785807369e-08,0.004099752105173056,-3.4374486034944414,1.0006959999999998,0.02199844503595652,0.004438421340972474,-8.544493999999998,96.9485334698569,150.83700636342516,-14.384,0.16404877323527906,0.7397368901620812,1.048,0.048,0.0048,1000,8.651427024075025,11.895351115389978,0.192,-0.0015245121794880382,36073407_28
36152922_0,GAS_COST=4/SEED=8/36152922_0,4.0,8,0.01,inventory,0,15,100,1005,1000,DeployNarrow,15.853083515013815,16.956191085381878,13.602949112645433,-8.712122030260673,46.928570278263656,-14.51668028381976,-24.147723319955094,0.5902063636490774,0.6281835443937513,0.853,2.0179327643643057e-138,1.312957613589948e-118,-9.292846494625426,2.0,0.0,0.0,2.1089620000000004,36.82742706653936,56.63103662111931,0.0,0.0,0.0,1.0,0.0,0.0,1000,20.097888987877507,4.040975917870004,0.0,-0.2038295549936895,36073407_25
36152922_0,GAS_COST=4/SEED=8/36152922_0,4.0,8,0.01,inventory,0,15,100,1005,1000,DeployWide,12.778933753980283,13.919367309882404,11.961434284768302,-9.371417503759556,37.770858544332846,-15.105149504433719,-23.347849320742046,0.1579411047030017,0.039718924975780556,0.838,9.102629756367264e-135,4.893484319113367e-110,-10.581574388025514,30.0,0.0,0.0,2.1089620000000004,36.82742706653936,56.63103662111931,0.0,0.0,0.0,1.0,0.0,0.0,1000,16.685245762715283,3.6849859328057866,0.0,-0.22132607592921472,36073407_25
36152922_0,GAS_COST=4/SEED=8/36152922_0,4.0,8,0.01,inventory,0,15,100,1005,1000,ArrivalRebalance,21.42998811786843,19.43656975941591,20.017627632193864,-8.69003564762791,57.018904320609884,-14.348686851210912,-23.44218206287592,0.4921584469350813,0.5003021082219701,0.882,9.021744496672386e-175,8.325254907592e-136,-3.8816046829643964,2.0,0.0,0.0,0.21988900000000006,25.84853499101164,10.696880282992748,0.0,0.0,0.0,5.51,4.51,0.451,1000,48.76327773457921,8.880852999340096,18.04,-0.41243661737068826,36073407_25
36152922_0,GAS_COST=4/SEED=8/36152922_0,4.0,8,0.01,inventory,0,15,100,1005,1000,CDM,9.055466786820736,15.536042191356476,10.133023858279046,-18.581319683352167,32.656567036011516,-26.801706335469227,-38.94956926908926,-0.36683839855060657,0.28434503621971885,0.747,1.7893715761809645e-65,2.5649954448138487e-61,-9.961590104331059,29.914421,1.530331100545373,0.046296563144578966,0.10117349999999999,13.44940963671174,4.306702486490998,-1.9906157346738227,4.910211059961963,0.644396240959442,8.577,7.577,0.7577,1000,50.158350783744076,10.571690421353333,30.308,-0.223193575570008,36073407_25
36152922_1,GAS_COST=4/SEED=8/36152922_1,4.0,8,0.01,inventory,50,15,100,1005,1000,DeployNarrow,15.853083515013815,16.956191085381878,13.602949112645433,-8.712122030260673,46.928570278263656,-14.51668028381976,-24.147723319955094,0.5902063636490774,0.6281835443937513,0.853,2.0179327643643057e-138,1.312957613589948e-118,-9.292846494625426,2.0,0.0,0.0,2.1089620000000004,36.82742706653936,56.63103662111931,0.0,0.0,0.0,1.0,0.0,0.0,1000,20.097888987877507,4.040975917870004,0.0,-0.2038295549936895,36073407_25
36152922_1,GAS_COST=4/SEED=8/36152922_1,4.0,8,0.01,inventory,50,15,100,1005,1000,DeployWide,12.778933753980283,13.919367309882404,11.961434284768302,-9.371417503759556,37.770858544332846,-15.105149504433719,-23.347849320742046,0.1579411047030017,0.039718924975780556,0.838,9.102629756367264e-135,4.893484319113367e-110,-10.581574388025514,30.0,0.0,0.0,2.1089620000000004,36.82742706653936,56.63103662111931,0.0,0.0,0.0,1.0,0.0,0.0,1000,16.685245762715283,3.6849859328057866,0.0,-0.22132607592921472,36073407_25
36152922_1,GAS_COST=4/SEED=8/36152922_1,4.0,8,0.01,inventory,50,15,100,1005,1000,ArrivalRebalance,21.42998811786843,19.43656975941591,20.017627632193864,-8.69003564762791,57.018904320609884,-14.348686851210912,-23.44218206287592,0.4921584469350813,0.5003021082219701,0.882,9.021744496672386e-175,8.325254907592e-136,-3.8816046829643964,2.0,0.0,0.0,0.21988900000000006,25.84853499101164,10.696880282992748,0.0,0.0,0.0,5.51,4.51,0.451,1000,48.76327773457921,8.880852999340096,18.04,-0.41243661737068826,36073407_25
36152922_1,GAS_COST=4/SEED=8/36152922_1,4.0,8,0.01,inventory,50,15,100,1005,1000,CDM,9.055466786820736,15.536042191356476,10.133023858279046,-18.581319683352167,32.656567036011516,-26.801706335469227,-38.94956926908926,-0.36683839855060657,0.28434503621971885,0.747,1.7893715761809645e-65,2.5649954448138487e-61,-9.961590104331059,29.914421,1.530331100545373,0.046296563144578966,0.10117349999999999,13.44940963671174,4.306702486490998,-1.9906157346738227,4.910211059961963,0.644396240959442,8.577,7.577,0.7577,1000,50.158350783744076,10.571690421353333,30.308,-0.223193575570008,36073407_25
36152975_0,GAS_COST=4/SEED=8/36152975_0,4.0,8,0.02,inventory,0,15,100,1005,1000,DeployNarrow,6.477607686199505,17.950551852566374,7.581377161501109,-23.96664213352248,34.81409255433276,-35.36628440504408,-50.708465953253054,-0.29864590423878545,0.9643093515796797,0.73,2.0575071009793284e-28,4.557474664873838e-33,6.477607686199505,2.0,0.0,0.0,4.403665000000001,69.87534397238362,108.28602515580104,0.0,0.0,0.0,1.0,0.0,0.0,1000,14.95097553137955,8.066962979097362,0.0,-0.406404866082683,36073407_26
36152975_0,GAS_COST=4/SEED=8/36152975_0,4.0,8,0.02,inventory,0,15,100,1005,1000,DeployWide,4.09478718770963,16.271817552955877,6.268138593964352,-24.95742360716701,27.8048911655416,-36.48392899469141,-51.603535519010464,-0.7388667337633585,0.9833922200896059,0.689,4.873609609898465e-15,1.7472770175243966e-21,4.09478718770963,30.0,0.0,0.0,4.403665000000001,69.87534397238362,108.28602515580104,0.0,0.0,0.0,1.0,0.0,0.0,1000,12.223730533503973,7.687185265063061,0.0,-0.4417580807312825,36073407_26
36152975_0,GAS_COST=4/SEED=8/36152975_0,4.0,8,0.02,inventory,0,15,100,1005,1000,ArrivalRebalance,-3.751240623989588,20.55128633631821,-3.649789108367372,-37.77397231087919,29.96862528166854,-50.85640829392216,-70.99221340640256,-0.26996616934536993,0.7421177512533754,0.426,1.0614417251548288e-08,7.926084211788751e-08,-3.751240623989588,2.0,0.0,0.0,0.6782760000000001,39.306576008267555,16.047503532195407,0.0,0.0,0.0,6.806,5.806,0.5806,1000,40.48800312941947,20.708766418788453,23.224,-0.3064773346206028,36073407_26
36152975_0,GAS_COST=4/SEED=8/36152975_0,4.0,8,0.02,inventory,0,15,100,1005,1000,CDM,-89.78038606178801,77.85326733540943,-65.13314876467552,-243.67677054510696,-10.645729925003765,-321.9742638154355,-444.1338605776626,-1.884683446010848,5.004324935194228,0.018,1.0997351832144508e-185,6.122109836780347e-164,-89.78038606178801,29.559113,3.190445003928652,0.4403626757923521,0.11317150000000001,14.776408748345652,4.385739972209678,-2.8226982076939358,5.267035184876702,1.8043442766300866,27.762,26.762,2.6761999999999997,1000,51.83220066120548,34.10875094807034,107.048,-0.45583577492315863,36073407_26
36074271_24,GAS_COST=6/SEED=10/36074271_24,6.0,10,0.01,inventory,0,15,100,1005,1000,DeployNarrow,15.853083515013815,16.956191085381878,13.602949112645433,-8.712122030260673,46.928570278263656,-14.51668028381976,-24.147723319955094,0.5902063636490774,0.6281835443937513,0.853,2.0179327643643057e-138,1.312957613589948e-118,15.853083515013815,2.0,0.0,0.0,2.1089620000000004,36.82742706653936,56.63103662111931,0.0,0.0,0.0,1.0,0.0,0.0,1000,20.097888987877507,4.040975917870004,0.0,-0.2038295549936895,
36074271_24,GAS_COST=6/SEED=10/36074271_24,6.0,10,0.01,inventory,0,15,100,1005,1000,DeployWide,12.778933753980283,13.919367309882404,11.961434284768302,-9.371417503759556,37.770858544332846,-15.105149504433719,-23.347849320742046,0.1579411047030017,0.039718924975780556,0.838,9.102629756367264e-135,4.893484319113367e-110,12.778933753980283,30.0,0.0,0.0,2.1089620000000004,36.82742706653936,56.63103662111931,0.0,0.0,0.0,1.0,0.0,0.0,1000,16.685245762715283,3.6849859328057866,0.0,-0.22132607592921472,
36074271_24,GAS_COST=6/SEED=10/36074271_24,6.0,10,0.01,inventory,0,15,100,1005,1000,ArrivalRebalance,12.250603275290802,19.581694640739894,11.033018800309492,-18.367380969824517,48.00494194436986,-24.09288431296657,-33.42036328629992,0.4805264566459299,0.5227111461188105,0.724,1.0543703176356597e-73,2.521146162324e-66,12.250603275290802,2.0,0.0,0.0,0.21988900000000006,25.84853499101164,10.696880282992748,0.0,0.0,0.0,5.51,4.51,0.451,1000,48.56508857499849,8.84342977577738,27.06,-0.4110555239303046,
36074271_24,GAS_COST=6/SEED=10/36074271_24,6.0,10,0.01,inventory,0,15,100,1005,1000,CDM,-6.43342336429535,19.55984575346893,-5.407253244055823,-39.86375739196604,23.64496270684925,-51.76011329602696,-65.99030782797877,-0.355453703362183,0.26247036388526057,0.389,4.170544276108716e-24,1.787676131539479e-20,-6.43342336429535,29.914450000000006,1.5302038269876987,0.04612276552853252,0.10109399999999999,13.449486236313533,4.307024830688117,-1.9901087416668297,4.909976497955174,0.642649063753468,8.575,7.575,0.7575,1000,49.715314811625284,10.47695231218033,45.45,-0.22178586374030104,
36074271_25,GAS_COST=6/SEED=10/36074271_25,6.0,10,0.01,inventory,50,15,100,1005,1000,DeployNarrow,15.853083515013815,16.956191085381878,13.602949112645433,-8.712122030260673,46.928570278263656,-14.51668028381976,-24.147723319955094,0.5902063636490774,0.6281835443937513,0.853,2.0179327643643057e-138,1.312957613589948e-118,15.853083515013815,2.0,0.0,0.0,2.1089620000000004,36.82742706653936,56.63103662111931,0.0,0.0,0.0,1.0,0.0,0.0,1000,20.097888987877507,4.040975917870004,0.0,-0.2038295549936895,36074271_24
36074271_25,GAS_COST=6/SEED=10/36074271_25,6.0,10,0.01,inventory,50,15,100,1005,1000,DeployWide,12.778933753980283,13.919367309882404,11.961434284768302,-9.371417503759556,37.770858544332846,-15.105149504433719,-23.347849320742046,0.1579411047030017,0.039718924975780556,0.838,9.102629756367264e-135,4.893484319113367e-110,12.778933753980283,30.0,0.0,0.0,2.1089620000000004,36.82742706653936,56.63103662111931,0.0,0.0,0.0,1.0,0.0,0.0,1000,16.685245762715283,3.6849859328057866,0.0,-0.22132607592921472,36074271_24
36074271_25,GAS_COST=6/SEED=10/36074271_25,6.0,10,0.01,inventory,50,15,100,1005,1000,ArrivalRebalance,12.250603275290802,19.581694640739894,11.033018800309492,-18.367380969824517,48.00494194436986,-24.09288431296657,-33.42036328629992,0.4805264566459299,0.5227111461188105,0.724,1.0543703176356597e-73,2.521146162324e-66,12.250603275290802,2.0,0.0,0.0,0.21988900000000006,25.84853499101164,10.696880282992748,0.0,0.0,0.0,5.51,4.51,0.451,1000,48.56508857499849,8.84342977577738,27.06,-0.4110555239303046,36074271_24
36074271_25,GAS_COST=6/SEED=10/36074271_25,6.0,10,0.01,inventory,50,15,100,1005,1000,CDM,-6.43342336429535,19.55984575346893,-5.407253244055823,-39.86375739196604,23.64496270684925,-51.76011329602696,-65.99030782797877,-0.355453703362183,0.26247036388526057,0.389,4.170544276108716e-24,1.787676131539479e-20,-6.43342336429535,29.914450000000006,1.5302038269876987,0.04612276552853252,0.10109399999999999,13.449486236313533,4.307024830688117,-1.9901087416668297,4.909976497955174,0.642649063753468,8.575,7.575,0.7575,1000,49.715314811625284,10.47695231218033,45.45,-0.22178586374030104,36074271_24
36074271_26,GAS_COST=6/SEED=10/36074271_26,6.0,10,0.02,inventory,0,15,100,1005,1000,DeployNarrow,6.477607686199505,17.950551852566374,7.581377161501109,-23.96664213352248,34.81409255433276,-35.36628440504408,-50.708465953253054,-0.29864590423878545,0.9643093515796797,0.73,2.0575071009793284e-28,4.557474664873838e-33,6.477607686199505,2.0,0.0,0.0,4.403665000000001,69.87534397238362,108.28602515580104,0.0,0.0,0.0,1.0,0.0,0.0,1000,14.95097553137955,8.066962979097362,0.0,-0.406404866082683,
36074271_26,GAS_COST=6/SEED=10/36074271_26,6.0,10,0.02,inventory,0,15,100,1005,1000,DeployWide,4.09478718770963,16.271817552955877,6.268138593964352,-24.95742360716701,27.8048911655416,-36.48392899469141,-51.603535519010464,-0.7388667337633585,0.9833922200896059,0.689,4.873609609898465e-15,1.7472770175243966e-21,4.09478718770963,30.0,0.0,0.0,4.403665000000001,69.87534397238362,108.28602515580104,0.0,0.0,0.0,1.0,0.0,0.0,1000,12.223730533503973,7.687185265063061,0.0,-0.4417580807312825,
36074271_26,GAS_COST=6/SEED=10/36074271_26,6.0,10,0.02,inventory,0,15,100,1005,1000,ArrivalRebalance,-15.456692058634257,20.66408421617619,-15.255047836045378,-49.72042428089082,18.641865875410332,-62.62027136435355,-82.7431461913318,-0.2513787721699286,0.7375527990948121,0.219,1.6886830637707635e-98,4.0789227317524545e-87,-15.456692058634257,2.0,0.0,0.0,0.6782760000000001,39.306576008267555,16.047503532195407,0.0,0.0,0.0,6.806,5.806,0.5806,1000,40.279345472846636,20.595515093064044,34.836,-0.3045224384168465,
36074271_26,GAS_COST=6/SEED=10/36074271_26,6.0,10,0.02,inventory,0,15,100,1005,1000,CDM,-136.07266133538965,98.00393867787076,-104.69075019364556,-336.7040770538011,-34.30913112467313,-420.6957404665746,-541.7126626361184,-1.628984667246212,3.1523521692079663,0.004,2.8676488591500717e-235,3.672246317727342e-165,-136.07266133538965,29.578891000000002,3.139289581336529,0.40485034410137305,0.12257350000000004,14.80260956372511,4.3641391981521105,-2.7586059912420895,5.240333793733212,1.7391127085243614,26.449,25.449,2.5449,1000,50.038770987632596,32.97353278513155,152.694,-0.4438995378906807,
36074271_27,GAS_COST=6/SEED=10/36074271_27,6.0,10,0.02,inventory,50,15,100,1005,1000,DeployNarrow,6.477607686199505,17.950551852566374,7.581377161501109,-23.96664213352248,34.81409255433276,-35.36628440504408,-50.708465953253054,-0.29864590423878545,0.9643093515796797,0.73,2.0575071009793284e-28,4.557474664873838e-33,6.477607686199505,2.0,0.0,0.0,4.403665000000001,69.87534397238362,108.28602515580104,0.0,0.0,0.0,1.0,0.0,0.0,1000,14.95097553137955,8.066962979097362,0.0,-0.406404866082683,36074271_26
36074271_27,GAS_COST=6/SEED=10/36074271_27,6.0,10,0.02,inventory,50,15,100,1005,1000,DeployWide,4.09478718770963,16.271817552955877,6.268138593964352,-24.95742360716701,27.8048911655416,-36.48392899469141,-51.603535519010464,-0.7388667337633585,0.9833922200896059,0.689,4.873609609898465e-15,1.7472770175243966e-21,4.09478718770963,30.0,0.0,0.0,4.403665000000001,69.87534397238362,108.28602515580104,0.0,0.0,0.0,1.0,0.0,0.0,1000,12.223730533503973,7.687185265063061,0.0,-0.4417580807312825,36074271_26
36074271_27,GAS_COST=6/SEED=10/36074271_27,6.0,10,0.02,inventory,50,15,100,1005,1000,ArrivalRebalance,-15.456692058634257,20.66408421617619,-15.255047836045378,-49.72042428089082,18.641865875410332,-62.62027136435355,-82.7431461913318,-0.2513787721699286,0.7375527990948121,0.219,1.6886830637707635e-98,4.0789227317524545e-87,-15.456692058634257,2.0,0.0,0.0,0.6782760000000001,39.306576008267555,16.047503532195407,0.0,0.0,0.0,6.806,5.806,0.5806,1000,40.279345472846636,20.595515093064044,34.836,-0.3045224384168465,36074271_26
36074271_27,GAS_COST=6/SEED=10/36074271_27,6.0,10,0.02,inventory,50,15,100,1005,1000,CDM,-136.07266133538965,98.00393867787076,-104.69075019364556,-336.7040770538011,-34.30913112467313,-420.6957404665746,-541.7126626361184,-1.628984667246212,3.1523521692079663,0.004,2.8676488591500717e-235,3.672246317727342e-165,-136.07266133538965,29.578891000000002,3.139289581336529,0.40485034410137305,0.12257350000000004,14.80260956372511,4.3641391981521105,-2.7586059912420895,5.240333793733212,1.7391127085243614,26.449,25.449,2.5449,1000,50.038770987632596,32.97353278513155,152.694,-0.4438995378906807,36074271_26
36074271_28,GAS_COST=6/SEED=10/36074271_28,6.0,10,0.03,inventory,0,15,100,1005,1000,DeployNarrow,0.0964713179157136,21.608472923836356,4.591528776128712,-39.48090507159393,30.516724477229925,-56.168761744772,-77.51757365376551,-0.9939289254221594,1.4110702917728162,0.639,0.8878117262763568,0.0004431826460404742,0.0964713179157136,2.0,0.0,0.0,6.296102000000001,96.94789970336959,150.87963598766268,0.0,0.0,0.0,1.0,0.0,0.0,1000,12.694181874704732,11.98994608484544,0.0,-0.60776447194358,
36074271_28,GAS_COST=6/SEED=10/36074271_28,6.0,10,0.03,inventory,0,15,100,1005,1000,DeployWide,-2.1249120924062783,20.711410886736758,3.508260511740332,-40.699911794290735,23.251087766135786,-57.32995524756137,-78.77373364024155,-1.2065330299070676,1.5971025947457242,0.622,0.0012230019249894906,0.29595422476571565,-2.1249120924062783,30.0,0.0,0.0,6.296102000000001,96.94789970336959,150.87963598766268,0.0,0.0,0.0,1.0,0.0,0.0,1000,10.120122894412997,11.58370050935898,0.0,-0.6613344774602958,
36074271_28,GAS_COST=6/SEED=10/36074271_28,6.0,10,0.03,inventory,0,15,100,1005,1000,ArrivalRebalance,-34.61156999593225,25.815785758478388,-31.004207320292778,-78.27928754309917,2.4083356132478166,-100.06872103184207,-132.35105539316427,-0.8179055485058999,1.665670949254686,0.064,2.1638699219209713e-225,9.765899407858873e-156,-34.61156999593225,2.0,0.0,0.0,1.0552480000000002,46.16844849656831,21.107091236418533,0.0,0.0,0.0,7.0,6.0,0.6,1000,34.59841023183403,32.17274763585522,36.0,-1.0372325919110599,
36074271_28,GAS_COST=6/SEED=10/36074271_28,6.0,10,0.03,inventory,0,15,100,1005,1000,CDM,-3.5332405774848956,20.22283671871244,0.0,-42.564194855707065,21.305338060385107,-57.33032480336446,-77.99773849329829,-1.0522042362743265,1.7037533008744603,0.46,4.2678271449391627e-08,0.0024290708815623142,-3.5332405774848956,1.0006959999999998,0.02199844503595652,0.004438421340972474,-8.544493999999998,96.9485334698569,150.83700636342516,-14.384,0.16404877323527906,0.7397368901620812,1.048,0.048,0.0048,1000,8.650402256170642,11.894121354617225,0.288,-0.0015214790383123525,
36074271_29,GAS_COST=6/SEED=10/36074271_29,6.0,10,0.03,inventory,50,15,100,1005,1000,DeployNarrow,0.0964713179157136,21.608472923836356,4.591528776128712,-39.48090507159393,30.516724477229925,-56.168761744772,-77.51757365376551,-0.9939289254221594,1.4110702917728162,0.639,0.8878117262763568,0.0004431826460404742,0.0964713179157136,2.0,0.0,0.0,6.296102000000001,96.94789970336959,150.87963598766268,0.0,0.0,0.0,1.0,0.0,0.0,1000,12.694181874704732,11.98994608484544,0.0,-0.60776447194358,36074271_28
36074271_29,GAS_COST=6/SEED=10/36074271_29,6.0,10,0.03,inventory,50,15,100,1005,1000,DeployWide,-2.1249120924062783,20.711410886736758,3.508260511740332,-40.699911794290735,23.251087766135786,-57.32995524756137,-78.77373364024155,-1.2065330299070676,1.5971025947457242,0.622,0.0012230019249894906,0.29595422476571565,-2.1249120924062783,30.0,0.0,0.0,6.296102000000001,96.94789970336959,150.87963598766268,0.0,0.0,0.0,1.0,0.0,0.0,1000,10.120122894412997,11.58370050935898,0.0,-0.6613344774602958,36074271_28
36074271_29,GAS_COST=6/SEED=10/36074271_29,6.0,10,0.03,inventory,50,15,100,1005,1000,ArrivalRebalance,-34.61156999593225,25.815785758478388,-31.004207320292778,-78.27928754309917,2.4083356132478166,-100.06872103184207,-132.35105539316427,-0.8179055485058999,1.665670949254686,0.064,2.1638699219209713e-225,9.765899407858873e-156,-34.61156999593225,2.0,0.0,0.0,1.0552480000000002,46.16844849656831,21.107091236418533,0.0,0.0,0.0,7.0,6.0,0.6,1000,34.59841023183403,32.17274763585522,36.0,-1.0372325919110599,36074271_28
36074271_29,GAS_COST=6/SEED=10/36074271_29,6.0,10,0.03,inventory,50,15,100,1005,1000,CDM,-3.5332405774848956,20.22283671871244,0.0,-42.564194855707065,21.305338060385107,-57.33032480336446,-77.99773849329829,-1.0522042362743265,1.7037533008744603,0.46,4.2678271449391627e-08,0.0024290708815623142,-3.5332405774848956,1.0006959999999998,0.02199844503595652,0.004438421340972474,-8.544493999999998,96.9485334698569,150.83700636342516,-14.384,0.16404877323527906,0.7397368901620812,1.048,0.048,0.0048,1000,8.650402256170642,11.894121354617225,0.288,-0.0015214790383123525,36074271_28
36160813_0,GAS_COST=6/SEED=12/36160813_0,6.0,12,0.01,inventory,0,15,100,1005,1000,DeployNarrow,15.853083515013815,16.956191085381878,13.602949112645433,-8.712122030260673,46.928570278263656,-14.51668028381976,-24.147723319955094,0.5902063636490774,0.6281835443937513,0.853,2.0179327643643057e-138,1.312957613589948e-118,15.853083515013815,2.0,0.0,0.0,2.1089620000000004,36.82742706653936,56.63103662111931,0.0,0.0,0.0,1.0,0.0,0.0,1000,20.097888987877507,4.040975917870004,0.0,-0.2038295549936895,36074271_24
36160813_0,GAS_COST=6/SEED=12/36160813_0,6.0,12,0.01,inventory,0,15,100,1005,1000,DeployWide,12.778933753980283,13.919367309882404,11.961434284768302,-9.371417503759556,37.770858544332846,-15.105149504433719,-23.347849320742046,0.1579411047030017,0.039718924975780556,0.838,9.102629756367264e-135,4.893484319113367e-110,12.778933753980283,30.0,0.0,0.0,2.1089620000000004,36.82742706653936,56.63103662111931,0.0,0.0,0.0,1.0,0.0,0.0,1000,16.685245762715283,3.6849859328057866,0.0,-0.22132607592921472,36074271_24
36160813_0,GAS_COST=6/SEED=12/36160813_0,6.0,12,0.01,inventory,0,15,100,1005,1000,ArrivalRebalance,12.250603275290802,19.581694640739894,11.033018800309492,-18.367380969824517,48.00494194436986,-24.09288431296657,-33.42036328629992,0.4805264566459299,0.5227111461188105,0.724,1.0543703176356597e-73,2.521146162324e-66,12.250603275290802,2.0,0.0,0.0,0.21988900000000006,25.84853499101164,10.696880282992748,0.0,0.0,0.0,5.51,4.51,0.451,1000,48.56508857499849,8.84342977577738,27.06,-0.4110555239303046,36074271_24
36160813_0,GAS_COST=6/SEED=12/36160813_0,6.0,12,0.01,inventory,0,15,100,1005,1000,CDM,-6.43342336429535,19.55984575346893,-5.407253244055823,-39.86375739196604,23.64496270684925,-51.76011329602696,-65.99030782797877,-0.355453703362183,0.26247036388526057,0.389,4.170544276108716e-24,1.787676131539479e-20,-6.43342336429535,29.914450000000006,1.5302038269876987,0.04612276552853252,0.10109399999999999,13.449486236313533,4.307024830688117,-1.9901087416668297,4.909976497955174,0.642649063753468,8.575,7.575,0.7575,1000,49.715314811625284,10.47695231218033,45.45,-0.22178586374030104,36074271_24
36160813_1,GAS_COST=6/SEED=12/36160813_1,6.0,12,0.01,inventory,50,15,100,1005,1000,DeployNarrow,15.853083515013815,16.956191085381878,13.602949112645433,-8.712122030260673,46.928570278263656,-14.51668028381976,-24.147723319955094,0.5902063636490774,0.6281835443937513,0.853,2.0179327643643057e-138,1.312957613589948e-118,15.853083515013815,2.0,0.0,0.0,2.1089620000000004,36.82742706653936,56.63103662111931,0.0,0.0,0.0,1.0,0.0,0.0,1000,20.097888987877507,4.040975917870004,0.0,-0.2038295549936895,36074271_24
36160813_1,GAS_COST=6/SEED=12/36160813_1,6.0,12,0.01,inventory,50,15,100,1005,1000,DeployWide,12.778933753980283,13.919367309882404,11.961434284768302,-9.371417503759556,37.770858544332846,-15.105149504433719,-23.347849320742046,0.1579411047030017,0.039718924975780556,0.838,9.102629756367264e-135,4.893484319113367e-110,12.778933753980283,30.0,0.0,0.0,2.1089620000000004,36.82742706653936,56.63103662111931,0.0,0.0,0.0,1.0,0.0,0.0,1000,16.685245762715283,3.6849859328057866,0.0,-0.22132607592921472,36074271_24
36160813_1,GAS_COST=6/SEED=12/36160813_1,6.0,12,0.01,inventory,50,15,100,1005,1000,ArrivalRebalance,12.250603275290802,19.581694640739894,11.033018800309492,-18.367380969824517,48.00494194436986,-24.09288431296657,-33.42036328629992,0.4805264566459299,0.5227111461188105,0.724,1.0543703176356597e-73,2.521146162324e-66,12.250603275290802,2.0,0.0,0.0,0.21988900000000006,25.84853499101164,10.696880282992748,0.0,0.0,0.0,5.51,4.51,0.451,1000,48.56508857499849,8.84342977577738,27.06,-0.4110555239303046,36074271_24
36160813_1,GAS_COST=6/SEED=12/36160813_1,6.0,12,0.01,inventory,50,15,100,1005,1000,CDM,-6.43342336429535,19.55984575346893,-5.407253244055823,-39.86375739196604,23.64496270684925,-51.76011329602696,-65.99030782797877,-0.355453703362183,0.26247036388526057,0.389,4.170544276108716e-24,1.787676131539479e-20,-6.43342336429535,29.914450000000006,1.5302038269876987,0.04612276552853252,0.10109399999999999,13.449486236313533,4.307024830688117,-1.9901087416668297,4.909976497955174,0.642649063753468,8.575,7.575,0.7575,1000,49.715314811625284,10.47695231218033,45.45,-0.22178586374030104,36074271_24
36160813_2,GAS_COST=6/SEED=12/36160813_2,6.0,12,0.02,inventory,0,15,100,1005,1000,DeployNarrow,6.477607686199505,17.950551852566374,7.581377161501109,-23.96664213352248,34.81409255433276,-35.36628440504408,-50.708465953253054,-0.29864590423878545,0.9643093515796797,0.73,2.0575071009793284e-28,4.557474664873838e-33,6.477607686199505,2.0,0.0,0.0,4.403665000000001,69.87534397238362,108.28602515580104,0.0,0.0,0.0,1.0,0.0,0.0,1000,14.95097553137955,8.066962979097362,0.0,-0.406404866082683,36074271_26
36160813_2,GAS_COST=6/SEED=12/36160813_2,6.0,12,0.02,inventory,0,15,100,1005,1000,DeployWide,4.09478718770963,16.271817552955877,6.268138593964352,-24.95742360716701,27.8048911655416,-36.48392899469141,-51.603535519010464,-0.7388667337633585,0.9833922200896059,0.689,4.873609609898465e-15,1.7472770175243966e-21,4.09478718770963,30.0,0.0,0.0,4.403665000000001,69.87534397238362,108.28602515580104,0.0,0.0,0.0,1.0,0.0,0.0,1000,12.223730533503973,7.687185265063061,0.0,-0.4417580807312825,36074271_26
36160813_2,GAS_COST=6/SEED=12/36160813_2,6.0,12,0.02,inventory,0,15,100,1005,1000,ArrivalRebalance,-15.456692058634257,20.66408421617619,-15.255047836045378,-49.72042428089082,18.641865875410332,-62.62027136435355,-82.7431461913318,-0.2513787721699286,0.7375527990948121,0.219,1.6886830637707635e-98,4.0789227317524545e-87,-15.456692058634257,2.0,0.0,0.0,0.6782760000000001,39.306576008267555,16.047503532195407,0.0,0.0,0.0,6.806,5.806,0.5806,1000,40.279345472846636,20.595515093064044,34.836,-0.3045224384168465,36074271_26
36160813_2,GAS_COST=6/SEED=12/36160813_2,6.0,12,0.02,inventory,0,15,100,1005,1000,CDM,-136.07266133538965,98.00393867787076,-104.69075019364556,-336.7040770538011,-34.30913112467313,-420.6957404665746,-541.7126626361184,-1.628984667246212,3.1523521692079663,0.004,2.8676488591500717e-235,3.672246317727342e-165,-136.07266133538965,29.578891000000002,3.139289581336529,0.40485034410137305,0.12257350000000004,14.80260956372511,4.3641391981521105,-2.7586059912420895,5.240333793733212,1.7391127085243614,26.449,25.449,2.5449,1000,50.038770987632596,32.97353278513155,152.694,-0.4438995378906807,36074271_26
36160813_3,GAS_COST=6/SEED=12/36160813_3,6.0,12,0.02,inventory,50,15,100,1005,1000,DeployNarrow,6.477607686199505,17.950551852566374,7.581377161501109,-23.96664213352248,34.81409255433276,-35.36628440504408,-50.708465953253054,-0.29864590423878545,0.9643093515796797,0.73,2.0575071009793284e-28,4.557474664873838e-33,6.477607686199505,2.0,0.0,0.0,4.403665000000001,69.87534397238362,108.28602515580104,0.0,0.0,0.0,1.0,0.0,0.0,1000,14.95097553137955,8.066962979097362,0.0,-0.406404866082683,36074271_26
36160813_3,GAS_COST=6/SEED=12/36160813_3,6.0,12,0.02,inventory,50,15,100,1005,1000,DeployWide,4.09478718770963,16.271817552955877,6.268138593964352,-24.95742360716701,27.8048911655416,-36.48392899469141,-51.603535519010464,-0.7388667337633585,0.9833922200896059,0.689,4.873609609898465e-15,1.7472770175243966e-21,4.09478718770963,30.0,0.0,0.0,4.403665000000001,69.87534397238362,108.28602515580104,0.0,0.0,0.0,1.0,0.0,0.0,1000,12.223730533503973,7.687185265063061,0.0,-0.4417580807312825,36074271_26
36160813_3,GAS_COST=6/SEED=12/36160813_3,6.0,12,0.02,inventory,50,15,100,1005,1000,ArrivalRebalance,-15.456692058634257,20.66408421617619,-15.255047836045378,-49.72042428089082,18.641865875410332,-62.62027136435355,-82.7431461913318,-0.2513787721699286,0.7375527990948121,0.219,1.6886830637707635e-98,4.0789227317524545e-87,-15.456692058634257,2.0,0.0,0.0,0.6782760000000001,39.306576008267555,16.047503532195407,0.0,0.0,0.0,6.806,5.806,0.5806,1000,40.279345472846636,20.595515093064044,34.836,-0.3045224384168465,36074271_26
36160813_3,GAS_COST=6/SEED=12/36160813_3,6.0,12,0.02,inventory,50,15,100,1005,1000,CDM,-136.07266133538965,98.00393867787076,-104.69075019364556,-336.7040770538011,-34.30913112467313,-420.6957404665746,-541.7126626361184,-1.628984667246212,3.1523521692079663,0.004,2.8676488591500717e-235,3.672246317727342e-165,-136.07266133538965,29.578891000000002,3.139289581336529,0.40485034410137305,0.12257350000000004,14.80260956372511,4.3641391981521105,-2.7586059912420895,5.240333793733212,1.7391127085243614,26.449,25.449,2.5449,1000,50.038770987632596,32.97353278513155,152.694,-0.4438995378906807,36074271_26
36160813_4,GAS_COST=6/SEED=12/36160813_4,6.0,12,0.03,inventory,0,15,100,1005,1000,DeployNarrow,0.0964713179157136,21.608472923836356,4.591528776128712,-39.48090507159393,30.516724477229925,-56.168761744772,-77.51757365376551,-0.9939289254221594,1.4110702917728162,0.639,0.8878117262763568,0.0004431826460404742,0.0964713179157136,2.0,0.0,0.0,6.296102000000001,96.94789970336959,150.87963598766268,0.0,0.0,0.0,1.0,0.0,0.0,1000,12.694181874704732,11.98994608484544,0.0,-0.60776447194358,36074271_28
36160813_4,GAS_COST=6/SEED=12/36160813_4,6.0,12,0.03,inventory,0,15,100,1005,1000,DeployWide,-2.1249120924062783,20.711410886736758,3.508260511740332,-40.699911794290735,23.251087766135786,-57.32995524756137,-78.77373364024155,-1.2065330299070676,1.5971025947457242,0.622,0.0012230019249894906,0.29595422476571565,-2.1249120924062783,30.0,0.0,0.0,6.296102000000001,96.94789970336959,150.87963598766268,0.0,0.0,0.0,1.0,0.0,0.0,1000,10.120122894412997,11.58370050935898,0.0,-0.6613344774602958,36074271_28
36160813_4,GAS_COST=6/SEED=12/36160813_4,6.0,12,0.03,inventory,0,15,100,1005,1000,ArrivalRebalance,-34.61156999593225,25.815785758478388,-31.004207320292778,-78.27928754309917,2.4083356132478166,-100.06872103184207,-132.35105539316427,-0.8179055485058999,1.665670949254686,0.064,2.1638699219209713e-225,9.765899407858873e-156,-34.61156999593225,2.0,0.0,0.0,1.0552480000000002,46.16844849656831,21.107091236418533,0.0,0.0,0.0,7.0,6.0,0.6,1000,34.59841023183403,32.17274763585522,36.0,-1.0372325919110599,36074271_28
36160813_4,GAS_COST=6/SEED=12/36160813_4,6.0,12,0.03,inventory,0,15,100,1005,1000,CDM,-3.5332405774848956,20.22283671871244,0.0,-42.564194855707065,21.305338060385107,-57.33032480336446,-77.99773849329829,-1.0522042362743265,1.7037533008744603,0.46,4.2678271449391627e-08,0.0024290708815623142,-3.5332405774848956,1.0006959999999998,0.02199844503595652,0.004438421340972474,-8.544493999999998,96.9485334698569,150.83700636342516,-14.384,0.16404877323527906,0.7397368901620812,1.048,0.048,0.0048,1000,8.650402256170642,11.894121354617225,0.288,-0.0015214790383123525,36074271_28
36160813_5,GAS_COST=6/SEED=12/36160813_5,6.0,12,0.03,inventory,50,15,100,1005,1000,DeployNarrow,0.0964713179157136,21.608472923836356,4.591528776128712,-39.48090507159393,30.516724477229925,-56.168761744772,-77.51757365376551,-0.9939289254221594,1.4110702917728162,0.639,0.8878117262763568,0.0004431826460404742,0.0964713179157136,2.0,0.0,0.0,6.296102000000001,96.94789970336959,150.87963598766268,0.0,0.0,0.0,1.0,0.0,0.0,1000,12.694181874704732,11.98994608484544,0.0,-0.60776447194358,36074271_28
36160813_5,GAS_COST=6/SEED=12/36160813_5,6.0,12,0.03,inventory,50,15,100,1005,1000,DeployWide,-2.1249120924062783,20.711410886736758,3.508260511740332,-40.699911794290735,23.251087766135786,-57.32995524756137,-78.77373364024155,-1.2065330299070676,1.5971025947457242,0.622,0.0012230019249894906,0.29595422476571565,-2.1249120924062783,30.0,0.0,0.0,6.296102000000001,96.94789970336959,150.87963598766268,0.0,0.0,0.0,1.0,0.0,0.0,1000,10.120122894412997,11.58370050935898,0.0,-0.6613344774602958,36074271_28
36160813_5,GAS_COST=6/SEED=12/36160813_5,6.0,12,0.03,inventory,50,15,100,1005,1000,ArrivalRebalance,-34.61156999593225,25.815785758478388,-31.004207320292778,-78.27928754309917,2.4083356132478166,-100.06872103184207,-132.35105539316427,-0.8179055485058999,1.665670949254686,0.064,2.1638699219209713e-225,9.765899407858873e-156,-34.61156999593225,2.0,0.0,0.0,1.0552480000000002,46.16844849656831,21.107091236418533,0.0,0.0,0.0,7.0,6.0,0.6,1000,34.59841023183403,32.17274763585522,36.0,-1.0372325919110599,36074271_28
36160813_5,GAS_COST=6/SEED=12/36160813_5,6.0,12,0.03,inventory,50,15,100,1005,1000,CDM,-3.5332405774848956,20.22283671871244,0.0,-42.564194855707065,21.305338060385107,-57.33032480336446,-77.99773849329829,-1.0522042362743265,1.7037533008744603,0.46,4.2678271449391627e-08,0.0024290708815623142,-3.5332405774848956,1.0006959999999998,0.02199844503595652,0.004438421340972474,-8.544493999999998,96.9485334698569,150.83700636342516,-14.384,0.16404877323527906,0.7397368901620812,1.048,0.048,0.0048,1000,8.650402256170642,11.894121354617225,0.288,-0.0015214790383123525,36074271_28
36160813_10,GAS_COST=6/SEED=14/36160813_10,6.0,14,0.03,inventory,0,15,100,1005,1000,DeployNarrow,0.0964713179157136,21.608472923836356,4.591528776128712,-39.48090507159393,30.516724477229925,-56.168761744772,-77.51757365376551,-0.9939289254221594,1.4110702917728162,0.639,0.8878117262763568,0.0004431826460404742,0.0964713179157136,2.0,0.0,0.0,6.296102000000001,96.94789970336959,150.87963598766268,0.0,0.0,0.0,1.0,0.0,0.0,1000,12.694181874704732,11.98994608484544,0.0,-0.60776447194358,36074271_28
36160813_10,GAS_COST=6/SEED=14/36160813_10,6.0,14,0.03,inventory,0,15,100,1005,1000,DeployWide,-2.1249120924062783,20.711410886736758,3.508260511740332,-40.699911794290735,23.251087766135786,-57.32995524756137,-78.77373364024155,-1.2065330299070676,1.5971025947457242,0.622,0.0012230019249894906,0.29595422476571565,-2.1249120924062783,30.0,0.0,0.0,6.296102000000001,96.94789970336959,150.87963598766268,0.0,0.0,0.0,1.0,0.0,0.0,1000,10.120122894412997,11.58370050935898,0.0,-0.6613344774602958,36074271_28
36160813_10,GAS_COST=6/SEED=14/36160813_10,6.0,14,0.03,inventory,0,15,100,1005,1000,ArrivalRebalance,-34.61156999593225,25.815785758478388,-31.004207320292778,-78.27928754309917,2.4083356132478166,-100.06872103184207,-132.35105539316427,-0.8179055485058999,1.665670949254686,0.064,2.1638699219209713e-225,9.765899407858873e-156,-34.61156999593225,2.0,0.0,0.0,1.0552480000000002,46.16844849656831,21.107091236418533,0.0,0.0,0.0,7.0,6.0,0.6,1000,34.59841023183403,32.17274763585522,36.0,-1.0372325919110599,36074271_28
36160813_10,GAS_COST=6/SEED=14/36160813_10,6.0,14,0.03,inventory,0,15,100,1005,1000,CDM,-3.5332405774848956,20.22283671871244,0.0,-42.564194855707065,21.305338060385107,-57.33032480336446,-77.99773849329829,-1.0522042362743265,1.7037533008744603,0.46,4.2678271449391627e-08,0.0024290708815623142,-3.5332405774848956,1.0006959999999998,0.02199844503595652,0.004438421340972474,-8.544493999999998,96.9485334698569,150.83700636342516,-14.384,0.16404877323527906,0.7397368901620812,1.048,0.048,0.0048,1000,8.650402256170642,11.894121354617225,0.288,-0.0015214790383123525,36074271_28
36160813_11,GAS_COST=6/SEED=14/36160813_11,6.0,14,0.03,inventory,50,15,100,1005,1000,DeployNarrow,0.0964713179157136,21.608472923836356,4.591528776128712,-39.48090507159393,30.516724477229925,-56.168761744772,-77.51757365376551,-0.9939289254221594,1.4110702917728162,0.639,0.8878117262763568,0.0004431826460404742,0.0964713179157136,2.0,0.0,0.0,6.296102000000001,96.94789970336959,150.87963598766268,0.0,0.0,0.0,1.0,0.0,0.0,1000,12.694181874704732,11.98994608484544,0.0,-0.60776447194358,36074271_28
36160813_11,GAS_COST=6/SEED=14/36160813_11,6.0,14,0.03,inventory,50,15,100,1005,1000,DeployWide,-2.1249120924062783,20.711410886736758,3.508260511740332,-40.699911794290735,23.251087766135786,-57.32995524756137,-78.77373364024155,-1.2065330299070676,1.5971025947457242,0.622,0.0012230019249894906,0.29595422476571565,-2.1249120924062783,30.0,0.0,0.0,6.296102000000001,96.94789970336959,150.87963598766268,0.0,0.0,0.0,1.0,0.0,0.0,1000,10.120122894412997,11.58370050935898,0.0,-0.6613344774602958,36074271_28
36160813_11,GAS_COST=6/SEED=14/36160813_11,6.0,14,0.03,inventory,50,15,100,1005,1000,ArrivalRebalance,-34.61156999593225,25.815785758478388,-31.004207320292778,-78.27928754309917,2.4083356132478166,-100.06872103184207,-132.35105539316427,-0.8179055485058999,1.665670949254686,0.064,2.1638699219209713e-225,9.765899407858873e-156,-34.61156999593225,2.0,0.0,0.0,1.0552480000000002,46.16844849656831,21.107091236418533,0.0,0.0,0.0,7.0,6.0,0.6,1000,34.59841023183403,32.17274763585522,36.0,-1.0372325919110599,36074271_28
36160813_11,GAS_COST=6/SEED=14/36160813_11,6.0,14,0.03,inventory,50,15,100,1005,1000,CDM,-3.5332405774848956,20.22283671871244,0.0,-42.564194855707065,21.305338060385107,-57.33032480336446,-77.99773849329829,-1.0522042362743265,1.7037533008744603,0.46,4.2678271449391627e-08,0.0024290708815623142,-3.5332405774848956,1.0006959999999998,0.02199844503595652,0.004438421340972474,-8.544493999999998,96.9485334698569,150.83700636342516,-14.384,0.16404877323527906,0.7397368901620812,1.048,0.048,0.0048,1000,8.650402256170642,11.894121354617225,0.288,-0.0015214790383123525,36074271_28
36160813_6,GAS_COST=6/SEED=14/36160813_6,6.0,14,0.01,inventory,0,15,100,1005,1000,DeployNarrow,15.853083515013815,16.956191085381878,13.602949112645433,-8.712122030260673,46.928570278263656,-14.51668028381976,-24.147723319955094,0.5902063636490774,0.6281835443937513,0.853,2.0179327643643057e-138,1.312957613589948e-118,15.853083515013815,2.0,0.0,0.0,2.1089620000000004,36.82742706653936,56.63103662111931,0.0,0.0,0.0,1.0,0.0,0.0,1000,20.097888987877507,4.040975917870004,0.0,-0.2038295549936895,36074271_24
36160813_6,GAS_COST=6/SEED=14/36160813_6,6.0,14,0.01,inventory,0,15,100,1005,1000,DeployWide,12.778933753980283,13.919367309882404,11.961434284768302,-9.371417503759556,37.770858544332846,-15.105149504433719,-23.347849320742046,0.1579411047030017,0.039718924975780556,0.838,9.102629756367264e-135,4.893484319113367e-110,12.778933753980283,30.0,0.0,0.0,2.1089620000000004,36.82742706653936,56.63103662111931,0.0,0.0,0.0,1.0,0.0,0.0,1000,16.685245762715283,3.6849859328057866,0.0,-0.22132607592921472,36074271_24
36160813_6,GAS_COST=6/SEED=14/36160813_6,6.0,14,0.01,inventory,0,15,100,1005,1000,ArrivalRebalance,12.250603275290802,19.581694640739894,11.033018800309492,-18.367380969824517,48.00494194436986,-24.09288431296657,-33.42036328629992,0.4805264566459299,0.5227111461188105,0.724,1.0543703176356597e-73,2.521146162324e-66,12.250603275290802,2.0,0.0,0.0,0.21988900000000006,25.84853499101164,10.696880282992748,0.0,0.0,0.0,5.51,4.51,0.451,1000,48.56508857499849,8.84342977577738,27.06,-0.4110555239303046,36074271_24
36160813_6,GAS_COST=6/SEED=14/36160813_6,6.0,14,0.01,inventory,0,15,100,1005,1000,CDM,-6.43342336429535,19.55984575346893,-5.407253244055823,-39.86375739196604,23.64496270684925,-51.76011329602696,-65.99030782797877,-0.355453703362183,0.26247036388526057,0.389,4.170544276108716e-24,1.787676131539479e-20,-6.43342336429535,29.914450000000006,1.5302038269876987,0.04612276552853252,0.10109399999999999,13.449486236313533,4.307024830688117,-1.9901087416668297,4.909976497955174,0.642649063753468,8.575,7.575,0.7575,1000,49.715314811625284,10.47695231218033,45.45,-0.22178586374030104,36074271_24
36160813_7,GAS_COST=6/SEED=14/36160813_7,6.0,14,0.01,inventory,50,15,100,1005,1000,DeployNarrow,15.853083515013815,16.956191085381878,13.602949112645433,-8.712122030260673,46.928570278263656,-14.51668028381976,-24.147723319955094,0.5902063636490774,0.6281835443937513,0.853,2.0179327643643057e-138,1.312957613589948e-118,15.853083515013815,2.0,0.0,0.0,2.1089620000000004,36.82742706653936,56.63103662111931,0.0,0.0,0.0,1.0,0.0,0.0,1000,20.097888987877507,4.040975917870004,0.0,-0.2038295549936895,36074271_24
36160813_7,GAS_COST=6/SEED=14/36160813_7,6.0,14,0.01,inventory,50,15,100,1005,1000,DeployWide,12.778933753980283,13.919367309882404,11.961434284768302,-9.371417503759556,37.770858544332846,-15.105149504433719,-23.347849320742046,0.1579411047030017,0.039718924975780556,0.838,9.102629756367264e-135,4.893484319113367e-110,12.778933753980283,30.0,0.0,0.0,2.1089620000000004,36.82742706653936,56.63103662111931,0.0,0.0,0.0,1.0,0.0,0.0,1000,16.685245762715283,3.6849859328057866,0.0,-0.22132607592921472,36074271_24
36160813_7,GAS_COST=6/SEED=14/36160813_7,6.0,14,0.01,inventory,50,15,100,1005,1000,ArrivalRebalance,12.250603275290802,19.581694640739894,11.033018800309492,-18.367380969824517,48.00494194436986,-24.09288431296657,-33.42036328629992,0.4805264566459299,0.5227111461188105,0.724,1.0543703176356597e-73,2.521146162324e-66,12.250603275290802,2.0,0.0,0.0,0.21988900000000006,25.84853499101164,10.696880282992748,0.0,0.0,0.0,5.51,4.51,0.451,1000,48.56508857499849,8.84342977577738,27.06,-0.4110555239303046,36074271_24
36160813_7,GAS_COST=6/SEED=14/36160813_7,6.0,14,0.01,inventory,50,15,100,1005,1000,CDM,-6.43342336429535,19.55984575346893,-5.407253244055823,-39.86375739196604,23.64496270684925,-51.76011329602696,-65.99030782797877,-0.355453703362183,0.26247036388526057,0.389,4.170544276108716e-24,1.787676131539479e-20,-6.43342336429535,29.914450000000006,1.5302038269876987,0.04612276552853252,0.10109399999999999,13.449486236313533,4.307024830688117,-1.9901087416668297,4.909976497955174,0.642649063753468,8.575,7.575,0.7575,1000,49.715314811625284,10.47695231218033,45.45,-0.22178586374030104,36074271_24
36160813_8,GAS_COST=6/SEED=14/36160813_8,6.0,14,0.02,inventory,0,15,100,1005,1000,DeployNarrow,6.477607686199505,17.950551852566374,7.581377161501109,-23.96664213352248,34.81409255433276,-35.36628440504408,-50.708465953253054,-0.29864590423878545,0.9643093515796797,0.73,2.0575071009793284e-28,4.557474664873838e-33,6.477607686199505,2.0,0.0,0.0,4.403665000000001,69.87534397238362,108.28602515580104,0.0,0.0,0.0,1.0,0.0,0.0,1000,14.95097553137955,8.066962979097362,0.0,-0.406404866082683,36074271_26
36160813_8,GAS_COST=6/SEED=14/36160813_8,6.0,14,0.02,inventory,0,15,100,1005,1000,DeployWide,4.09478718770963,16.271817552955877,6.268138593964352,-24.95742360716701,27.8048911655416,-36.48392899469141,-51.603535519010464,-0.7388667337633585,0.9833922200896059,0.689,4.873609609898465e-15,1.7472770175243966e-21,4.09478718770963,30.0,0.0,0.0,4.403665000000001,69.87534397238362,108.28602515580104,0.0,0.0,0.0,1.0,0.0,0.0,1000,12.223730533503973,7.687185265063061,0.0,-0.4417580807312825,36074271_26
36160813_8,GAS_COST=6/SEED=14/36160813_8,6.0,14,0.02,inventory,0,15,100,1005,1000,ArrivalRebalance,-15.456692058634257,20.66408421617619,-15.255047836045378,-49.72042428089082,18.641865875410332,-62.62027136435355,-82.7431461913318,-0.2513787721699286,0.7375527990948121,0.219,1.6886830637707635e-98,4.0789227317524545e-87,-15.456692058634257,2.0,0.0,0.0,0.6782760000000001,39.306576008267555,16.047503532195407,0.0,0.0,0.0,6.806,5.806,0.5806,1000,40.279345472846636,20.595515093064044,34.836,-0.3045224384168465,36074271_26
36160813_8,GAS_COST=6/SEED=14/36160813_8,6.0,14,0.02,inventory,0,15,100,1005,1000,CDM,-136.07266133538965,98.00393867787076,-104.69075019364556,-336.7040770538011,-34.30913112467313,-420.6957404665746,-541.7126626361184,-1.628984667246212,3.1523521692079663,0.004,2.8676488591500717e-235,3.672246317727342e-165,-136.07266133538965,29.578891000000002,3.139289581336529,0.40485034410137305,0.12257350000000004,14.80260956372511,4.3641391981521105,-2.7586059912420895,5.240333793733212,1.7391127085243614,26.449,25.449,2.5449,1000,50.038770987632596,32.97353278513155,152.694,-0.4438995378906807,36074271_26
36160813_9,GAS_COST=6/SEED=14/36160813_9,6.0,14,0.02,inventory,50,15,100,1005,1000,DeployNarrow,6.477607686199505,17.950551852566374,7.581377161501109,-23.96664213352248,34.81409255433276,-35.36628440504408,-50.708465953253054,-0.29864590423878545,0.9643093515796797,0.73,2.0575071009793284e-28,4.557474664873838e-33,6.477607686199505,2.0,0.0,0.0,4.403665000000001,69.87534397238362,108.28602515580104,0.0,0.0,0.0,1.0,0.0,0.0,1000,14.95097553137955,8.066962979097362,0.0,-0.406404866082683,36074271_26
36160813_9,GAS_COST=6/SEED=14/36160813_9,6.0,14,0.02,inventory,50,15,100,1005,1000,DeployWide,4.09478718770963,16.271817552955877,6.268138593964352,-24.95742360716701,27.8048911655416,-36.48392899469141,-51.603535519010464,-0.7388667337633585,0.9833922200896059,0.689,4.873609609898465e-15,1.7472770175243966e-21,4.09478718770963,30.0,0.0,0.0,4.403665000000001,69.87534397238362,108.28602515580104,0.0,0.0,0.0,1.0,0.0,0.0,1000,12.223730533503973,7.687185265063061,0.0,-0.4417580807312825,36074271_26
36160813_9,GAS_COST=6/SEED=14/36160813_9,6.0,14,0.02,inventory,50,15,100,1005,1000,ArrivalRebalance,-15.456692058634257,20.66408421617619,-15.255047836045378,-49.72042428089082,18.641865875410332,-62.62027136435355,-82.7431461913318,-0.2513787721699286,0.7375527990948121,0.219,1.6886830637707635e-98,4.0789227317524545e-87,-15.456692058634257,2.0,0.0,0.0,0.6782760000000001,39.306576008267555,16.047503532195407,0.0,0.0,0.0,6.806,5.806,0.5806,1000,40.279345472846636,20.595515093064044,34.836,-0.3045224384168465,36074271_26
36160813_9,GAS_COST=6/SEED=14/36160813_9,6.0,14,0.02,inventory,50,15,100,1005,1000,CDM,-136.07266133538965,98.00393867787076,-104.69075019364556,-336.7040770538011,-34.30913112467313,-420.6957404665746,-541.7126626361184,-1.628984667246212,3.1523521692079663,0.004,2.8676488591500717e-235,3.672246317727342e-165,-136.07266133538965,29.578891000000002,3.139289581336529,0.40485034410137305,0.12257350000000004,14.80260956372511,4.3641391981521105,-2.7586059912420895,5.240333793733212,1.7391127085243614,26.449,25.449,2.5449,1000,50.038770987632596,32.97353278513155,152.694,-0.4438995378906807,36074271_26
36178713_0,GAS_COST=6/SEED=16/36178713_0,6.0,16,0.01,inventory,0,15,100,1005,1000,DeployNarrow,15.853083515013815,16.956191085381878,13.602949112645433,-8.712122030260673,46.928570278263656,-14.51668028381976,-24.147723319955094,0.5902063636490774,0.6281835443937513,0.853,2.0179327643643057e-138,1.312957613589948e-118,15.853083515013815,2.0,0.0,0.0,2.1089620000000004,36.82742706653936,56.63103662111931,0.0,0.0,0.0,1.0,0.0,0.0,1000,20.097888987877507,4.040975917870004,0.0,-0.2038295549936895,36074271_24
36178713_0,GAS_COST=6/SEED=16/36178713_0,6.0,16,0.01,inventory,0,15,100,1005,1000,DeployWide,12.778933753980283,13.919367309882404,11.961434284768302,-9.371417503759556,37.770858544332846,-15.105149504433719,-23.347849320742046,0.1579411047030017,0.039718924975780556,0.838,9.102629756367264e-135,4.893484319113367e-110,12.778933753980283,30.0,0.0,0.0,2.1089620000000004,36.82742706653936,56.63103662111931,0.0,0.0,0.0,1.0,0.0,0.0,1000,16.685245762715283,3.6849859328057866,0.0,-0.22132607592921472,36074271_24
36178713_0,GAS_COST=6/SEED=16/36178713_0,6.0,16,0.01,inventory,0,15,100,1005,1000,ArrivalRebalance,12.250603275290802,19.581694640739894,11.033018800309492,-18.367380969824517,48.00494194436986,-24.09288431296657,-33.42036328629992,0.4805264566459299,0.5227111461188105,0.724,1.0543703176356597e-73,2.521146162324e-66,12.250603275290802,2.0,0.0,0.0,0.21988900000000006,25.84853499101164,10.696880282992748,0.0,0.0,0.0,5.51,4.51,0.451,1000,48.56508857499849,8.84342977577738,27.06,-0.4110555239303046,36074271_24
36178713_0,GAS_COST=6/SEED=16/36178713_0,6.0,16,0.01,inventory,0,15,100,1005,1000,CDM,-6.43342336429535,19.55984575346893,-5.407253244055823,-39.86375739196604,23.64496270684925,-51.76011329602696,-65.99030782797877,-0.355453703362183,0.26247036388526057,0.389,4.170544276108716e-24,1.787676131539479e-20,-6.43342336429535,29.914450000000006,1.5302038269876987,0.04612276552853252,0.10109399999999999,13.449486236313533,4.307024830688117,-1.9901087416668297,4.909976497955174,0.642649063753468,8.575,7.575,0.7575,1000,49.715314811625284,10.47695231218033,45.45,-0.22178586374030104,36074271_24
36178713_1,GAS_COST=6/SEED=16/36178713_1,6.0,16,0.01,inventory,50,15,100,1005,1000,DeployNarrow,15.853083515013815,16.956191085381878,13.602949112645433,-8.712122030260673,46.928570278263656,-14.51668028381976,-24.147723319955094,0.5902063636490774,0.6281835443937513,0.853,2.0179327643643057e-138,1.312957613589948e-118,15.853083515013815,2.0,0.0,0.0,2.1089620000000004,36.82742706653936,56.63103662111931,0.0,0.0,0.0,1.0,0.0,0.0,1000,20.097888987877507,4.040975917870004,0.0,-0.2038295549936895,36074271_24
36178713_1,GAS_COST=6/SEED=16/36178713_1,6.0,16,0.01,inventory,50,15,100,1005,1000,DeployWide,12.778933753980283,13.919367309882404,11.961434284768302,-9.371417503759556,37.770858544332846,-15.105149504433719,-23.347849320742046,0.1579411047030017,0.039718924975780556,0.838,9.102629756367264e-135,4.893484319113367e-110,12.778933753980283,30.0,0.0,0.0,2.1089620000000004,36.82742706653936,56.63103662111931,0.0,0.0,0.0,1.0,0.0,0.0,1000,16.685245762715283,3.6849859328057866,0.0,-0.22132607592921472,36074271_24
36178713_1,GAS_COST=6/SEED=16/36178713_1,6.0,16,0.01,inventory,50,15,100,1005,1000,ArrivalRebalance,12.250603275290802,19.581694640739894,11.033018800309492,-18.367380969824517,48.00494194436986,-24.09288431296657,-33.42036328629992,0.4805264566459299,0.5227111461188105,0.724,1.0543703176356597e-73,2.521146162324e-66,12.250603275290802,2.0,0.0,0.0,0.21988900000000006,25.84853499101164,10.696880282992748,0.0,0.0,0.0,5.51,4.51,0.451,1000,48.56508857499849,8.84342977577738,27.06,-0.4110555239303046,36074271_24
36178713_1,GAS_COST=6/SEED=16/36178713_1,6.0,16,0.01,inventory,50,15,100,1005,1000,CDM,-6.43342336429535,19.55984575346893,-5.407253244055823,-39.86375739196604,23.64496270684925,-51.76011329602696,-65.99030782797877,-0.355453703362183,0.26247036388526057,0.389,4.170544276108716e-24,1.787676131539479e-20,-6.43342336429535,29.914450000000006,1.5302038269876987,0.04612276552853252,0.10109399999999999,13.449486236313533,4.307024830688117,-1.9901087416668297,4.909976497955174,0.642649063753468,8.575,7.575,0.7575,1000,49.715314811625284,10.47695231218033,45.45,-0.22178586374030104,36074271_24
36178713_2,GAS_COST=6/SEED=16/36178713_2,6.0,16,0.02,inventory,0,15,100,1005,1000,DeployNarrow,6.477607686199505,17.950551852566374,7.581377161501109,-23.96664213352248,34.81409255433276,-35.36628440504408,-50.708465953253054,-0.29864590423878545,0.9643093515796797,0.73,2.0575071009793284e-28,4.557474664873838e-33,6.477607686199505,2.0,0.0,0.0,4.403665000000001,69.87534397238362,108.28602515580104,0.0,0.0,0.0,1.0,0.0,0.0,1000,14.95097553137955,8.066962979097362,0.0,-0.406404866082683,36074271_26
36178713_2,GAS_COST=6/SEED=16/36178713_2,6.0,16,0.02,inventory,0,15,100,1005,1000,DeployWide,4.09478718770963,16.271817552955877,6.268138593964352,-24.95742360716701,27.8048911655416,-36.48392899469141,-51.603535519010464,-0.7388667337633585,0.9833922200896059,0.689,4.873609609898465e-15,1.7472770175243966e-21,4.09478718770963,30.0,0.0,0.0,4.403665000000001,69.87534397238362,108.28602515580104,0.0,0.0,0.0,1.0,0.0,0.0,1000,12.223730533503973,7.687185265063061,0.0,-0.4417580807312825,36074271_26
36178713_2,GAS_COST=6/SEED=16/36178713_2,6.0,16,0.02,inventory,0,15,100,1005,1000,ArrivalRebalance,-15.456692058634257,20.66408421617619,-15.255047836045378,-49.72042428089082,18.641865875410332,-62.62027136435355,-82.7431461913318,-0.2513787721699286,0.7375527990948121,0.219,1.6886830637707635e-98,4.0789227317524545e-87,-15.456692058634257,2.0,0.0,0.0,0.6782760000000001,39.306576008267555,16.047503532195407,0.0,0.0,0.0,6.806,5.806,0.5806,1000,40.279345472846636,20.595515093064044,34.836,-0.3045224384168465,36074271_26
36178713_2,GAS_COST=6/SEED=16/36178713_2,6.0,16,0.02,inventory,0,15,100,1005,1000,CDM,-136.07266133538965,98.00393867787076,-104.69075019364556,-336.7040770538011,-34.30913112467313,-420.6957404665746,-541.7126626361184,-1.628984667246212,3.1523521692079663,0.004,2.8676488591500717e-235,3.672246317727342e-165,-136.07266133538965,29.578891000000002,3.139289581336529,0.40485034410137305,0.12257350000000004,14.80260956372511,4.3641391981521105,-2.7586059912420895,5.240333793733212,1.7391127085243614,26.449,25.449,2.5449,1000,50.038770987632596,32.97353278513155,152.694,-0.4438995378906807,36074271_26
36178713_3,GAS_COST=6/SEED=16/36178713_3,6.0,16,0.02,inventory,50,15,100,1005,1000,DeployNarrow,6.477607686199505,17.950551852566374,7.581377161501109,-23.96664213352248,34.81409255433276,-35.36628440504408,-50.708465953253054,-0.29864590423878545,0.9643093515796797,0.73,2.0575071009793284e-28,4.557474664873838e-33,6.477607686199505,2.0,0.0,0.0,4.403665000000001,69.87534397238362,108.28602515580104,0.0,0.0,0.0,1.0,0.0,0.0,1000,14.95097553137955,8.066962979097362,0.0,-0.406404866082683,36074271_26
36178713_3,GAS_COST=6/SEED=16/36178713_3,6.0,16,0.02,inventory,50,15,100,1005,1000,DeployWide,4.09478718770963,16.271817552955877,6.268138593964352,-24.95742360716701,27.8048911655416,-36.48392899469141,-51.603535519010464,-0.7388667337633585,0.9833922200896059,0.689,4.873609609898465e-15,1.7472770175243966e-21,4.09478718770963,30.0,0.0,0.0,4.403665000000001,69.87534397238362,108.28602515580104,0.0,0.0,0.0,1.0,0.0,0.0,1000,12.223730533503973,7.687185265063061,0.0,-0.4417580807312825,36074271_26
36178713_3,GAS_COST=6/SEED=16/36178713_3,6.0,16,0.02,inventory,50,15,100,1005,1000,ArrivalRebalance,-15.456692058634257,20.66408421617619,-15.255047836045378,-49.72042428089082,18.641865875410332,-62.62027136435355,-82.7431461913318,-0.2513787721699286,0.7375527990948121,0.219,1.6886830637707635e-98,4.0789227317524545e-87,-15.456692058634257,2.0,0.0,0.0,0.6782760000000001,39.306576008267555,16.047503532195407,0.0,0.0,0.0,6.806,5.806,0.5806,1000,40.279345472846636,20.595515093064044,34.836,-0.3045224384168465,36074271_26
36178713_3,GAS_COST=6/SEED=16/36178713_3,6.0,16,0.02,inventory,50,15,100,1005,1000,CDM,-136.07266133538965,98.00393867787076,-104.69075019364556,-336.7040770538011,-34.30913112467313,-420.6957404665746,-541.7126626361184,-1.628984667246212,3.1523521692079663,0.004,2.8676488591500717e-235,3.672246317727342e-165,-136.07266133538965,29.578891000000002,3.139289581336529,0.40485034410137305,0.12257350000000004,14.80260956372511,4.3641391981521105,-2.7586059912420895,5.240333793733212,1.7391127085243614,26.449,25.449,2.5449,1000,50.038770987632596,32.97353278513155,152.694,-0.4438995378906807,36074271_26
36178713_4,GAS_COST=6/SEED=16/36178713_4,6.0,16,0.03,inventory,0,15,100,1005,1000,DeployNarrow,0.0964713179157136,21.608472923836356,4.591528776128712,-39.48090507159393,30.516724477229925,-56.168761744772,-77.51757365376551,-0.9939289254221594,1.4110702917728162,0.639,0.8878117262763568,0.0004431826460404742,0.0964713179157136,2.0,0.0,0.0,6.296102000000001,96.94789970336959,150.87963598766268,0.0,0.0,0.0,1.0,0.0,0.0,1000,12.694181874704732,11.98994608484544,0.0,-0.60776447194358,36074271_28
36178713_4,GAS_COST=6/SEED=16/36178713_4,6.0,16,0.03,inventory,0,15,100,1005,1000,DeployWide,-2.1249120924062783,20.711410886736758,3.508260511740332,-40.699911794290735,23.251087766135786,-57.32995524756137,-78.77373364024155,-1.2065330299070676,1.5971025947457242,0.622,0.0012230019249894906,0.29595422476571565,-2.1249120924062783,30.0,0.0,0.0,6.296102000000001,96.94789970336959,150.87963598766268,0.0,0.0,0.0,1.0,0.0,0.0,1000,10.120122894412997,11.58370050935898,0.0,-0.6613344774602958,36074271_28
36178713_4,GAS_COST=6/SEED=16/36178713_4,6.0,16,0.03,inventory,0,15,100,1005,1000,ArrivalRebalance,-34.61156999593225,25.815785758478388,-31.004207320292778,-78.27928754309917,2.4083356132478166,-100.06872103184207,-132.35105539316427,-0.8179055485058999,1.665670949254686,0.064,2.1638699219209713e-225,9.765899407858873e-156,-34.61156999593225,2.0,0.0,0.0,1.0552480000000002,46.16844849656831,21.107091236418533,0.0,0.0,0.0,7.0,6.0,0.6,1000,34.59841023183403,32.17274763585522,36.0,-1.0372325919110599,36074271_28
36178713_4,GAS_COST=6/SEED=16/36178713_4,6.0,16,0.03,inventory,0,15,100,1005,1000,CDM,-3.5332405774848956,20.22283671871244,0.0,-42.564194855707065,21.305338060385107,-57.33032480336446,-77.99773849329829,-1.0522042362743265,1.7037533008744603,0.46,4.2678271449391627e-08,0.0024290708815623142,-3.5332405774848956,1.0006959999999998,0.02199844503595652,0.004438421340972474,-8.544493999999998,96.9485334698569,150.83700636342516,-14.384,0.16404877323527906,0.7397368901620812,1.048,0.048,0.0048,1000,8.650402256170642,11.894121354617225,0.288,-0.0015214790383123525,36074271_28
36178713_5,GAS_COST=6/SEED=16/36178713_5,6.0,16,0.03,inventory,50,15,100,1005,1000,DeployNarrow,0.0964713179157136,21.608472923836356,4.591528776128712,-39.48090507159393,30.516724477229925,-56.168761744772,-77.51757365376551,-0.9939289254221594,1.4110702917728162,0.639,0.8878117262763568,0.0004431826460404742,0.0964713179157136,2.0,0.0,0.0,6.296102000000001,96.94789970336959,150.87963598766268,0.0,0.0,0.0,1.0,0.0,0.0,1000,12.694181874704732,11.98994608484544,0.0,-0.60776447194358,36074271_28
36178713_5,GAS_COST=6/SEED=16/36178713_5,6.0,16,0.03,inventory,50,15,100,1005,1000,DeployWide,-2.1249120924062783,20.711410886736758,3.508260511740332,-40.699911794290735,23.251087766135786,-57.32995524756137,-78.77373364024155,-1.2065330299070676,1.5971025947457242,0.622,0.0012230019249894906,0.29595422476571565,-2.1249120924062783,30.0,0.0,0.0,6.296102000000001,96.94789970336959,150.87963598766268,0.0,0.0,0.0,1.0,0.0,0.0,1000,10.120122894412997,11.58370050935898,0.0,-0.6613344774602958,36074271_28
36178713_5,GAS_COST=6/SEED=16/36178713_5,6.0,16,0.03,inventory,50,15,100,1005,1000,ArrivalRebalance,-34.61156999593225,25.815785758478388,-31.004207320292778,-78.27928754309917,2.4083356132478166,-100.06872103184207,-132.35105539316427,-0.8179055485058999,1.665670949254686,0.064,2.1638699219209713e-225,9.765899407858873e-156,-34.61156999593225,2.0,0.0,0.0,1.0552480000000002,46.16844849656831,21.107091236418533,0.0,0.0,0.0,7.0,6.0,0.6,1000,34.59841023183403,32.17274763585522,36.0,-1.0372325919110599,36074271_28
36178713_5,GAS_COST=6/SEED=16/36178713_5,6.0,16,0.03,inventory,50,15,100,1005,1000,CDM,-3.5332405774848956,20.22283671871244,0.0,-42.564194855707065,21.305338060385107,-57.33032480336446,-77.99773849329829,-1.0522042362743265,1.7037533008744603,0.46,4.2678271449391627e-08,0.0024290708815623142,-3.5332405774848956,1.0006959999999998,0.02199844503595652,0.004438421340972474,-8.544493999999998,96.9485334698569,150.83700636342516,-14.384,0.16404877323527906,0.7397368901620812,1.048,0.048,0.0048,1000,8.650402256170642,11.894121354617225,0.288,-0.0015214790383123525,36074271_28
36178713_10,GAS_COST=6/SEED=18/36178713_10,6.0,18,0.03,inventory,0,15,100,1005,1000,DeployNarrow,0.0964713179157136,21.608472923836356,4.591528776128712,-39.48090507159393,30.516724477229925,-56.168761744772,-77.51757365376551,-0.9939289254221594,1.4110702917728162,0.639,0.8878117262763568,0.0004431826460404742,0.0964713179157136,2.0,0.0,0.0,6.296102000000001,96.94789970336959,150.87963598766268,0.0,0.0,0.0,1.0,0.0,0.0,1000,12.694181874704732,11.98994608484544,0.0,-0.60776447194358,36074271_28
36178713_10,GAS_COST=6/SEED=18/36178713_10,6.0,18,0.03,inventory,0,15,100,1005,1000,DeployWide,-2.1249120924062783,20.711410886736758,3.508260511740332,-40.699911794290735,23.251087766135786,-57.32995524756137,-78.77373364024155,-1.2065330299070676,1.5971025947457242,0.622,0.0012230019249894906,0.29595422476571565,-2.1249120924062783,30.0,0.0,0.0,6.296102000000001,96.94789970336959,150.87963598766268,0.0,0.0,0.0,1.0,0.0,0.0,1000,10.120122894412997,11.58370050935898,0.0,-0.6613344774602958,36074271_28
36178713_10,GAS_COST=6/SEED=18/36178713_10,6.0,18,0.03,inventory,0,15,100,1005,1000,ArrivalRebalance,-34.61156999593225,25.815785758478388,-31.004207320292778,-78.27928754309917,2.4083356132478166,-100.06872103184207,-132.35105539316427,-0.8179055485058999,1.665670949254686,0.064,2.1638699219209713e-225,9.765899407858873e-156,-34.61156999593225,2.0,0.0,0.0,1.0552480000000002,46.16844849656831,21.107091236418533,0.0,0.0,0.0,7.0,6.0,0.6,1000,34.59841023183403,32.17274763585522,36.0,-1.0372325919110599,36074271_28
36178713_10,GAS_COST=6/SEED=18/36178713_10,6.0,18,0.03,inventory,0,15,100,1005,1000,CDM,-3.5332405774848956,20.22283671871244,0.0,-42.564194855707065,21.305338060385107,-57.33032480336446,-77.99773849329829,-1.0522042362743265,1.7037533008744603,0.46,4.2678271449391627e-08,0.0024290708815623142,-3.5332405774848956,1.0006959999999998,0.02199844503595652,0.004438421340972474,-8.544493999999998,96.9485334698569,150.83700636342516,-14.384,0.16404877323527906,0.7397368901620812,1.048,0.048,0.0048,1000,8.650402256170642,11.894121354617225,0.288,-0.0015214790383123525,36074271_28
36178713_11,GAS_COST=6/SEED=18/36178713_11,6.0,18,0.03,inventory,50,15,100,1005,1000,DeployNarrow,0.0964713179157136,21.608472923836356,4.591528776128712,-39.48090507159393,30.516724477229925,-56.168761744772,-77.51757365376551,-0.9939289254221594,1.4110702917728162,0.639,0.8878117262763568,0.0004431826460404742,0.0964713179157136,2.0,0.0,0.0,6.296102000000001,96.94789970336959,150.87963598766268,0.0,0.0,0.0,1.0,0.0,0.0,1000,12.694181874704732,11.98994608484544,0.0,-0.60776447194358,36074271_28
36178713_11,GAS_COST=6/SEED=18/36178713_11,6.0,18,0.03,inventory,50,15,100,1005,1000,DeployWide,-2.1249120924062783,20.711410886736758,3.508260511740332,-40.699911794290735,23.251087766135786,-57.32995524756137,-78.77373364024155,-1.2065330299070676,1.5971025947457242,0.622,0.0012230019249894906,0.29595422476571565,-2.1249120924062783,30.0,0.0,0.0,6.296102000000001,96.94789970336959,150.87963598766268,0.0,0.0,0.0,1.0,0.0,0.0,1000,10.120122894412997,11.58370050935898,0.0,-0.6613344774602958,36074271_28
36178713_11,GAS_COST=6/SEED=18/36178713_11,6.0,18,0.03,inventory,50,15,100,1005,1000,ArrivalRebalance,-34.61156999593225,25.815785758478388,-31.004207320292778,-78.27928754309917,2.4083356132478166,-100.06872103184207,-132.35105539316427,-0.8179055485058999,1.665670949254686,0.064,2.1638699219209713e-225,9.765899407858873e-156,-34.61156999593225,2.0,0.0,0.0,1.0552480000000002,46.16844849656831,21.107091236418533,0.0,0.0,0.0,7.0,6.0,0.6,1000,34.59841023183403,32.17274763585522,36.0,-1.0372325919110599,36074271_28
36178713_11,GAS_COST=6/SEED=18/36178713_11,6.0,18,0.03,inventory,50,15,100,1005,1000,CDM,-3.5332405774848956,20.22283671871244,0.0,-42.564194855707065,21.305338060385107,-57.33032480336446,-77.99773849329829,-1.0522042362743265,1.7037533008744603,0.46,4.2678271449391627e-08,0.0024290708815623142,-3.5332405774848956,1.0006959999999998,0.02199844503595652,0.004438421340972474,-8.544493999999998,96.9485334698569,150.83700636342516,-14.384,0.16404877323527906,0.7397368901620812,1.048,0.048,0.0048,1000,8.650402256170642,11.894121354617225,0.288,-0.0015214790383123525,36074271_28
36178713_6,GAS_COST=6/SEED=18/36178713_6,6.0,18,0.01,inventory,0,15,100,1005,1000,DeployNarrow,15.853083515013815,16.956191085381878,13.602949112645433,-8.712122030260673,46.928570278263656,-14.51668028381976,-24.147723319955094,0.5902063636490774,0.6281835443937513,0.853,2.0179327643643057e-138,1.312957613589948e-118,15.853083515013815,2.0,0.0,0.0,2.1089620000000004,36.82742706653936,56.63103662111931,0.0,0.0,0.0,1.0,0.0,0.0,1000,20.097888987877507,4.040975917870004,0.0,-0.2038295549936895,36074271_24
36178713_6,GAS_COST=6/SEED=18/36178713_6,6.0,18,0.01,inventory,0,15,100,1005,1000,DeployWide,12.778933753980283,13.919367309882404,11.961434284768302,-9.371417503759556,37.770858544332846,-15.105149504433719,-23.347849320742046,0.1579411047030017,0.039718924975780556,0.838,9.102629756367264e-135,4.893484319113367e-110,12.778933753980283,30.0,0.0,0.0,2.1089620000000004,36.82742706653936,56.63103662111931,0.0,0.0,0.0,1.0,0.0,0.0,1000,16.685245762715283,3.6849859328057866,0.0,-0.22132607592921472,36074271_24
36178713_6,GAS_COST=6/SEED=18/36178713_6,6.0,18,0.01,inventory,0,15,100,1005,1000,ArrivalRebalance,12.250603275290802,19.581694640739894,11.033018800309492,-18.367380969824517,48.00494194436986,-24.09288431296657,-33.42036328629992,0.4805264566459299,0.5227111461188105,0.724,1.0543703176356597e-73,2.521146162324e-66,12.250603275290802,2.0,0.0,0.0,0.21988900000000006,25.84853499101164,10.696880282992748,0.0,0.0,0.0,5.51,4.51,0.451,1000,48.56508857499849,8.84342977577738,27.06,-0.4110555239303046,36074271_24
36178713_6,GAS_COST=6/SEED=18/36178713_6,6.0,18,0.01,inventory,0,15,100,1005,1000,CDM,-6.43342336429535,19.55984575346893,-5.407253244055823,-39.86375739196604,23.64496270684925,-51.76011329602696,-65.99030782797877,-0.355453703362183,0.26247036388526057,0.389,4.170544276108716e-24,1.787676131539479e-20,-6.43342336429535,29.914450000000006,1.5302038269876987,0.04612276552853252,0.10109399999999999,13.449486236313533,4.307024830688117,-1.9901087416668297,4.909976497955174,0.642649063753468,8.575,7.575,0.7575,1000,49.715314811625284,10.47695231218033,45.45,-0.22178586374030104,36074271_24
36178713_7,GAS_COST=6/SEED=18/36178713_7,6.0,18,0.01,inventory,50,15,100,1005,1000,DeployNarrow,15.853083515013815,16.956191085381878,13.602949112645433,-8.712122030260673,46.928570278263656,-14.51668028381976,-24.147723319955094,0.5902063636490774,0.6281835443937513,0.853,2.0179327643643057e-138,1.312957613589948e-118,15.853083515013815,2.0,0.0,0.0,2.1089620000000004,36.82742706653936,56.63103662111931,0.0,0.0,0.0,1.0,0.0,0.0,1000,20.097888987877507,4.040975917870004,0.0,-0.2038295549936895,36074271_24
36178713_7,GAS_COST=6/SEED=18/36178713_7,6.0,18,0.01,inventory,50,15,100,1005,1000,DeployWide,12.778933753980283,13.919367309882404,11.961434284768302,-9.371417503759556,37.770858544332846,-15.105149504433719,-23.347849320742046,0.1579411047030017,0.039718924975780556,0.838,9.102629756367264e-135,4.893484319113367e-110,12.778933753980283,30.0,0.0,0.0,2.1089620000000004,36.82742706653936,56.63103662111931,0.0,0.0,0.0,1.0,0.0,0.0,1000,16.685245762715283,3.6849859328057866,0.0,-0.22132607592921472,36074271_24
36178713_7,GAS_COST=6/SEED=18/36178713_7,6.0,18,0.01,inventory,50,15,100,1005,1000,ArrivalRebalance,12.250603275290802,19.581694640739894,11.033018800309492,-18.367380969824517,48.00494194436986,-24.09288431296657,-33.42036328629992,0.4805264566459299,0.5227111461188105,0.724,1.0543703176356597e-73,2.521146162324e-66,12.250603275290802,2.0,0.0,0.0,0.21988900000000006,25.84853499101164,10.696880282992748,0.0,0.0,0.0,5.51,4.51,0.451,1000,48.56508857499849,8.84342977577738,27.06,-0.4110555239303046,36074271_24
36178713_7,GAS_COST=6/SEED=18/36178713_7,6.0,18,0.01,inventory,50,15,100,1005,1000,CDM,-6.43342336429535,19.55984575346893,-5.407253244055823,-39.86375739196604,23.64496270684925,-51.76011329602696,-65.99030782797877,-0.355453703362183,0.26247036388526057,0.389,4.170544276108716e-24,1.787676131539479e-20,-6.43342336429535,29.914450000000006,1.5302038269876987,0.04612276552853252,0.10109399999999999,13.449486236313533,4.307024830688117,-1.9901087416668297,4.909976497955174,0.642649063753468,8.575,7.575,0.7575,1000,49.715314811625284,10.47695231218033,45.45,-0.22178586374030104,36074271_24
36178713_8,GAS_COST=6/SEED=18/36178713_8,6.0,18,0.02,inventory,0,15,100,1005,1000,DeployNarrow,6.477607686199505,17.950551852566374,7.581377161501109,-23.96664213352248,34.81409255433276,-35.36628440504408,-50.708465953253054,-0.29864590423878545,0.9643093515796797,0.73,2.0575071009793284e-28,4.557474664873838e-33,6.477607686199505,2.0,0.0,0.0,4.403665000000001,69.87534397238362,108.28602515580104,0.0,0.0,0.0,1.0,0.0,0.0,1000,14.95097553137955,8.066962979097362,0.0,-0.406404866082683,36074271_26
36178713_8,GAS_COST=6/SEED=18/36178713_8,6.0,18,0.02,inventory,0,15,100,1005,1000,DeployWide,4.09478718770963,16.271817552955877,6.268138593964352,-24.95742360716701,27.8048911655416,-36.48392899469141,-51.603535519010464,-0.7388667337633585,0.9833922200896059,0.689,4.873609609898465e-15,1.7472770175243966e-21,4.09478718770963,30.0,0.0,0.0,4.403665000000001,69.87534397238362,108.28602515580104,0.0,0.0,0.0,1.0,0.0,0.0,1000,12.223730533503973,7.687185265063061,0.0,-0.4417580807312825,36074271_26
36178713_8,GAS_COST=6/SEED=18/36178713_8,6.0,18,0.02,inventory,0,15,100,1005,1000,ArrivalRebalance,-15.456692058634257,20.66408421617619,-15.255047836045378,-49.72042428089082,18.641865875410332,-62.62027136435355,-82.7431461913318,-0.2513787721699286,0.7375527990948121,0.219,1.6886830637707635e-98,4.0789227317524545e-87,-15.456692058634257,2.0,0.0,0.0,0.6782760000000001,39.306576008267555,16.047503532195407,0.0,0.0,0.0,6.806,5.806,0.5806,1000,40.279345472846636,20.595515093064044,34.836,-0.3045224384168465,36074271_26
36178713_8,GAS_COST=6/SEED=18/36178713_8,6.0,18,0.02,inventory,0,15,100,1005,1000,CDM,-136.07266133538965,98.00393867787076,-104.69075019364556,-336.7040770538011,-34.30913112467313,-420.6957404665746,-541.7126626361184,-1.628984667246212,3.1523521692079663,0.004,2.8676488591500717e-235,3.672246317727342e-165,-136.07266133538965,29.578891000000002,3.139289581336529,0.40485034410137305,0.12257350000000004,14.80260956372511,4.3641391981521105,-2.7586059912420895,5.240333793733212,1.7391127085243614,26.449,25.449,2.5449,1000,50.038770987632596,32.97353278513155,152.694,-0.4438995378906807,36074271_26
36178713_9,GAS_COST=6/SEED=18/36178713_9,6.0,18,0.02,inventory,50,15,100,1005,1000,DeployNarrow,6.477607686199505,17.950551852566374,7.581377161501109,-23.96664213352248,34.81409255433276,-35.36628440504408,-50.708465953253054,-0.29864590423878545,0.9643093515796797,0.73,2.0575071009793284e-28,4.557474664873838e-33,6.477607686199505,2.0,0.0,0.0,4.403665000000001,69.87534397238362,108.28602515580104,0.0,0.0,0.0,1.0,0.0,0.0,1000,14.95097553137955,8.066962979097362,0.0,-0.406404866082683,36074271_26
36178713_9,GAS_COST=6/SEED=18/36178713_9,6.0,18,0.02,inventory,50,15,100,1005,1000,DeployWide,4.09478718770963,16.271817552955877,6.268138593964352,-24.95742360716701,27.8048911655416,-36.48392899469141,-51.603535519010464,-0.7388667337633585,0.9833922200896059,0.689,4.873609609898465e-15,1.7472770175243966e-21,4.09478718770963,30.0,0.0,0.0,4.403665000000001,69.87534397238362,108.28602515580104,0.0,0.0,0.0,1.0,0.0,0.0,1000,12.223730533503973,7.687185265063061,0.0,-0.4417580807312825,36074271_26
36178713_9,GAS_COST=6/SEED=18/36178713_9,6.0,18,0.02,inventory,50,15,100,1005,1000,ArrivalRebalance,-15.456692058634257,20.66408421617619,-15.255047836045378,-49.72042428089082,18.641865875410332,-62.62027136435355,-82.7431461913318,-0.2513787721699286,0.7375527990948121,0.219,1.6886830637707635e-98,4.0789227317524545e-87,-15.456692058634257,2.0,0.0,0.0,0.6782760000000001,39.306576008267555,16.047503532195407,0.0,0.0,0.0,6.806,5.806,0.5806,1000,40.279345472846636,20.595515093064044,34.836,-0.3045224384168465,36074271_26
36178713_9,GAS_COST=6/SEED=18/36178713_9,6.0,18,0.02,inventory,50,15,100,1005,1000,CDM,-136.07266133538965,98.00393867787076,-104.69075019364556,-336.7040770538011,-34.30913112467313,-420.6957404665746,-541.7126626361184,-1.628984667246212,3.1523521692079663,0.004,2.8676488591500717e-235,3.672246317727342e-165,-136.07266133538965,29.578891000000002,3.139289581336529,0.40485034410137305,0.12257350000000004,14.80260956372511,4.3641391981521105,-2.7586059912420895,5.240333793733212,1.7391127085243614,26.449,25.449,2.5449,1000,50.038770987632596,32.97353278513155,152.694,-0.4438995378906807,36074271_26
36074271_0,GAS_COST=6/SEED=2/36074271_0,6.0,2,0.01,inventory,0,15,100,1005,1000,DeployNarrow,15.853083515013815,16.956191085381878,13.602949112645433,-8.712122030260673,46.928570278263656,-14.51668028381976,-24.147723319955094,0.5902063636490774,0.6281835443937513,0.853,2.0179327643643057e-138,1.312957613589948e-118,15.853083515013815,2.0,0.0,0.0,2.1089620000000004,36.82742706653936,56.63103662111931,0.0,0.0,0.0,1.0,0.0,0.0,1000,20.097888987877507,4.040975917870004,0.0,-0.2038295549936895,36074271_24
36074271_0,GAS_COST=6/SEED=2/36074271_0,6.0,2,0.01,inventory,0,15,100,1005,1000,DeployWide,12.778933753980283,13.919367309882404,11.961434284768302,-9.371417503759556,37.770858544332846,-15.105149504433719,-23.347849320742046,0.1579411047030017,0.039718924975780556,0.838,9.102629756367264e-135,4.893484319113367e-110,12.778933753980283,30.0,0.0,0.0,2.1089620000000004,36.82742706653936,56.63103662111931,0.0,0.0,0.0,1.0,0.0,0.0,1000,16.685245762715283,3.6849859328057866,0.0,-0.22132607592921472,36074271_24
36074271_0,GAS_COST=6/SEED=2/36074271_0,6.0,2,0.01,inventory,0,15,100,1005,1000,ArrivalRebalance,12.250603275290802,19.581694640739894,11.033018800309492,-18.367380969824517,48.00494194436986,-24.09288431296657,-33.42036328629992,0.4805264566459299,0.5227111461188105,0.724,1.0543703176356597e-73,2.521146162324e-66,12.250603275290802,2.0,0.0,0.0,0.21988900000000006,25.84853499101164,10.696880282992748,0.0,0.0,0.0,5.51,4.51,0.451,1000,48.56508857499849,8.84342977577738,27.06,-0.4110555239303046,36074271_24
36074271_0,GAS_COST=6/SEED=2/36074271_0,6.0,2,0.01,inventory,0,15,100,1005,1000,CDM,-6.43342336429535,19.55984575346893,-5.407253244055823,-39.86375739196604,23.64496270684925,-51.76011329602696,-65.99030782797877,-0.355453703362183,0.26247036388526057,0.389,4.170544276108716e-24,1.787676131539479e-20,-6.43342336429535,29.914450000000006,1.5302038269876987,0.04612276552853252,0.10109399999999999,13.449486236313533,4.307024830688117,-1.9901087416668297,4.909976497955174,0.642649063753468,8.575,7.575,0.7575,1000,49.715314811625284,10.47695231218033,45.45,-0.22178586374030104,36074271_24
36074271_1,GAS_COST=6/SEED=2/36074271_1,6.0,2,0.01,inventory,50,15,100,1005,1000,DeployNarrow,15.853083515013815,16.956191085381878,13.602949112645433,-8.712122030260673,46.928570278263656,-14.51668028381976,-24.147723319955094,0.5902063636490774,0.6281835443937513,0.853,2.0179327643643057e-138,1.312957613589948e-118,15.853083515013815,2.0,0.0,0.0,2.1089620000000004,36.82742706653936,56.63103662111931,0.0,0.0,0.0,1.0,0.0,0.0,1000,20.097888987877507,4.040975917870004,0.0,-0.2038295549936895,36074271_24
36074271_1,GAS_COST=6/SEED=2/36074271_1,6.0,2,0.01,inventory,50,15,100,1005,1000,DeployWide,12.778933753980283,13.919367309882404,11.961434284768302,-9.371417503759556,37.770858544332846,-15.105149504433719,-23.347849320742046,0.1579411047030017,0.039718924975780556,0.838,9.102629756367264e-135,4.893484319113367e-110,12.778933753980283,30.0,0.0,0.0,2.1089620000000004,36.82742706653936,56.63103662111931,0.0,0.0,0.0,1.0,0.0,0.0,1000,16.685245762715283,3.6849859328057866,0.0,-0.22132607592921472,36074271_24
36074271_1,GAS_COST=6/SEED=2/36074271_1,6.0,2,0.01,inventory,50,15,100,1005,1000,ArrivalRebalance,12.250603275290802,19.581694640739894,11.033018800309492,-18.367380969824517,48.00494194436986,-24.09288431296657,-33.42036328629992,0.4805264566459299,0.5227111461188105,0.724,1.0543703176356597e-73,2.521146162324e-66,12.250603275290802,2.0,0.0,0.0,0.21988900000000006,25.84853499101164,10.696880282992748,0.0,0.0,0.0,5.51,4.51,0.451,1000,48.56508857499849,8.84342977577738,27.06,-0.4110555239303046,36074271_24
36074271_1,GAS_COST=6/SEED=2/36074271_1,6.0,2,0.01,inventory,50,15,100,1005,1000,CDM,-6.43342336429535,19.55984575346893,-5.407253244055823,-39.86375739196604,23.64496270684925,-51.76011329602696,-65.99030782797877,-0.355453703362183,0.26247036388526057,0.389,4.170544276108716e-24,1.787676131539479e-20,-6.43342336429535,29.914450000000006,1.5302038269876987,0.04612276552853252,0.10109399999999999,13.449486236313533,4.307024830688117,-1.9901087416668297,4.909976497955174,0.642649063753468,8.575,7.575,0.7575,1000,49.715314811625284,10.47695231218033,45.45,-0.22178586374030104,36074271_24
36074271_2,GAS_COST=6/SEED=2/36074271_2,6.0,2,0.02,inventory,0,15,100,1005,1000,DeployNarrow,6.477607686199505,17.950551852566374,7.581377161501109,-23.96664213352248,34.81409255433276,-35.36628440504408,-50.708465953253054,-0.29864590423878545,0.9643093515796797,0.73,2.0575071009793284e-28,4.557474664873838e-33,6.477607686199505,2.0,0.0,0.0,4.403665000000001,69.87534397238362,108.28602515580104,0.0,0.0,0.0,1.0,0.0,0.0,1000,14.95097553137955,8.066962979097362,0.0,-0.406404866082683,36074271_26
36074271_2,GAS_COST=6/SEED=2/36074271_2,6.0,2,0.02,inventory,0,15,100,1005,1000,DeployWide,4.09478718770963,16.271817552955877,6.268138593964352,-24.95742360716701,27.8048911655416,-36.48392899469141,-51.603535519010464,-0.7388667337633585,0.9833922200896059,0.689,4.873609609898465e-15,1.7472770175243966e-21,4.09478718770963,30.0,0.0,0.0,4.403665000000001,69.87534397238362,108.28602515580104,0.0,0.0,0.0,1.0,0.0,0.0,1000,12.223730533503973,7.687185265063061,0.0,-0.4417580807312825,36074271_26
36074271_2,GAS_COST=6/SEED=2/36074271_2,6.0,2,0.02,inventory,0,15,100,1005,1000,ArrivalRebalance,-15.456692058634257,20.66408421617619,-15.255047836045378,-49.72042428089082,18.641865875410332,-62.62027136435355,-82.7431461913318,-0.2513787721699286,0.7375527990948121,0.219,1.6886830637707635e-98,4.0789227317524545e-87,-15.456692058634257,2.0,0.0,0.0,0.6782760000000001,39.306576008267555,16.047503532195407,0.0,0.0,0.0,6.806,5.806,0.5806,1000,40.279345472846636,20.595515093064044,34.836,-0.3045224384168465,36074271_26
36074271_2,GAS_COST=6/SEED=2/36074271_2,6.0,2,0.02,inventory,0,15,100,1005,1000,CDM,-136.07266133538965,98.00393867787076,-104.69075019364556,-336.7040770538011,-34.30913112467313,-420.6957404665746,-541.7126626361184,-1.628984667246212,3.1523521692079663,0.004,2.8676488591500717e-235,3.672246317727342e-165,-136.07266133538965,29.578891000000002,3.139289581336529,0.40485034410137305,0.12257350000000004,14.80260956372511,4.3641391981521105,-2.7586059912420895,5.240333793733212,1.7391127085243614,26.449,25.449,2.5449,1000,50.038770987632596,32.97353278513155,152.694,-0.4438995378906807,36074271_26
36074271_3,GAS_COST=6/SEED=2/36074271_3,6.0,2,0.02,inventory,50,15,100,1005,1000,DeployNarrow,6.477607686199505,17.950551852566374,7.581377161501109,-23.96664213352248,34.81409255433276,-35.36628440504408,-50.708465953253054,-0.29864590423878545,0.9643093515796797,0.73,2.0575071009793284e-28,4.557474664873838e-33,6.477607686199505,2.0,0.0,0.0,4.403665000000001,69.87534397238362,108.28602515580104,0.0,0.0,0.0,1.0,0.0,0.0,1000,14.95097553137955,8.066962979097362,0.0,-0.406404866082683,36074271_26
36074271_3,GAS_COST=6/SEED=2/36074271_3,6.0,2,0.02,inventory,50,15,100,1005,1000,DeployWide,4.09478718770963,16.271817552955877,6.268138593964352,-24.95742360716701,27.8048911655416,-36.48392899469141,-51.603535519010464,-0.7388667337633585,0.9833922200896059,0.689,4.873609609898465e-15,1.7472770175243966e-21,4.09478718770963,30.0,0.0,0.0,4.403665000000001,69.87534397238362,108.28602515580104,0.0,0.0,0.0,1.0,0.0,0.0,1000,12.223730533503973,7.687185265063061,0.0,-0.4417580807312825,36074271_26
36074271_3,GAS_COST=6/SEED=2/36074271_3,6.0,2,0.02,inventory,50,15,100,1005,1000,ArrivalRebalance,-15.456692058634257,20.66408421617619,-15.255047836045378,-49.72042428089082,18.641865875410332,-62.62027136435355,-82.7431461913318,-0.2513787721699286,0.7375527990948121,0.219,1.6886830637707635e-98,4.0789227317524545e-87,-15.456692058634257,2.0,0.0,0.0,0.6782760000000001,39.306576008267555,16.047503532195407,0.0,0.0,0.0,6.806,5.806,0.5806,1000,40.279345472846636,20.595515093064044,34.836,-0.3045224384168465,36074271_26
36074271_3,GAS_COST=6/SEED=2/36074271_3,6.0,2,0.02,inventory,50,15,100,1005,1000,CDM,-136.07266133538965,98.00393867787076,-104.69075019364556,-336.7040770538011,-34.30913112467313,-420.6957404665746,-541.7126626361184,-1.628984667246212,3.1523521692079663,0.004,2.8676488591500717e-235,3.672246317727342e-165,-136.07266133538965,29.578891000000002,3.139289581336529,0.40485034410137305,0.12257350000000004,14.80260956372511,4.3641391981521105,-2.7586059912420895,5.240333793733212,1.7391127085243614,26.449,25.449,2.5449,1000,50.038770987632596,32.97353278513155,152.694,-0.4438995378906807,36074271_26
36074271_4,GAS_COST=6/SEED=2/36074271_4,6.0,2,0.03,inventory,0,15,100,1005,1000,DeployNarrow,0.0964713179157136,21.608472923836356,4.591528776128712,-39.48090507159393,30.516724477229925,-56.168761744772,-77.51757365376551,-0.9939289254221594,1.4110702917728162,0.639,0.8878117262763568,0.0004431826460404742,0.0964713179157136,2.0,0.0,0.0,6.296102000000001,96.94789970336959,150.87963598766268,0.0,0.0,0.0,1.0,0.0,0.0,1000,12.694181874704732,11.98994608484544,0.0,-0.60776447194358,36074271_28
36074271_4,GAS_COST=6/SEED=2/36074271_4,6.0,2,0.03,inventory,0,15,100,1005,1000,DeployWide,-2.1249120924062783,20.711410886736758,3.508260511740332,-40.699911794290735,23.251087766135786,-57.32995524756137,-78.77373364024155,-1.2065330299070676,1.5971025947457242,0.622,0.0012230019249894906,0.29595422476571565,-2.1249120924062783,30.0,0.0,0.0,6.296102000000001,96.94789970336959,150.87963598766268,0.0,0.0,0.0,1.0,0.0,0.0,1000,10.120122894412997,11.58370050935898,0.0,-0.6613344774602958,36074271_28
36074271_4,GAS_COST=6/SEED=2/36074271_4,6.0,2,0.03,inventory,0,15,100,1005,1000,ArrivalRebalance,-34.61156999593225,25.815785758478388,-31.004207320292778,-78.27928754309917,2.4083356132478166,-100.06872103184207,-132.35105539316427,-0.8179055485058999,1.665670949254686,0.064,2.1638699219209713e-225,9.765899407858873e-156,-34.61156999593225,2.0,0.0,0.0,1.0552480000000002,46.16844849656831,21.107091236418533,0.0,0.0,0.0,7.0,6.0,0.6,1000,34.59841023183403,32.17274763585522,36.0,-1.0372325919110599,36074271_28
36074271_4,GAS_COST=6/SEED=2/36074271_4,6.0,2,0.03,inventory,0,15,100,1005,1000,CDM,-3.5332405774848956,20.22283671871244,0.0,-42.564194855707065,21.305338060385107,-57.33032480336446,-77.99773849329829,-1.0522042362743265,1.7037533008744603,0.46,4.2678271449391627e-08,0.0024290708815623142,-3.5332405774848956,1.0006959999999998,0.02199844503595652,0.004438421340972474,-8.544493999999998,96.9485334698569,150.83700636342516,-14.384,0.16404877323527906,0.7397368901620812,1.048,0.048,0.0048,1000,8.650402256170642,11.894121354617225,0.288,-0.0015214790383123525,36074271_28
36074271_5,GAS_COST=6/SEED=2/36074271_5,6.0,2,0.03,inventory,50,15,100,1005,1000,DeployNarrow,0.0964713179157136,21.608472923836356,4.591528776128712,-39.48090507159393,30.516724477229925,-56.168761744772,-77.51757365376551,-0.9939289254221594,1.4110702917728162,0.639,0.8878117262763568,0.0004431826460404742,0.0964713179157136,2.0,0.0,0.0,6.296102000000001,96.94789970336959,150.87963598766268,0.0,0.0,0.0,1.0,0.0,0.0,1000,12.694181874704732,11.98994608484544,0.0,-0.60776447194358,36074271_28
36074271_5,GAS_COST=6/SEED=2/36074271_5,6.0,2,0.03,inventory,50,15,100,1005,1000,DeployWide,-2.1249120924062783,20.711410886736758,3.508260511740332,-40.699911794290735,23.251087766135786,-57.32995524756137,-78.77373364024155,-1.2065330299070676,1.5971025947457242,0.622,0.0012230019249894906,0.29595422476571565,-2.1249120924062783,30.0,0.0,0.0,6.296102000000001,96.94789970336959,150.87963598766268,0.0,0.0,0.0,1.0,0.0,0.0,1000,10.120122894412997,11.58370050935898,0.0,-0.6613344774602958,36074271_28
36074271_5,GAS_COST=6/SEED=2/36074271_5,6.0,2,0.03,inventory,50,15,100,1005,1000,ArrivalRebalance,-34.61156999593225,25.815785758478388,-31.004207320292778,-78.27928754309917,2.4083356132478166,-100.06872103184207,-132.35105539316427,-0.8179055485058999,1.665670949254686,0.064,2.1638699219209713e-225,9.765899407858873e-156,-34.61156999593225,2.0,0.0,0.0,1.0552480000000002,46.16844849656831,21.107091236418533,0.0,0.0,0.0,7.0,6.0,0.6,1000,34.59841023183403,32.17274763585522,36.0,-1.0372325919110599,36074271_28
36074271_5,GAS_COST=6/SEED=2/36074271_5,6.0,2,0.03,inventory,50,15,100,1005,1000,CDM,-3.5332405774848956,20.22283671871244,0.0,-42.564194855707065,21.305338060385107,-57.33032480336446,-77.99773849329829,-1.0522042362743265,1.7037533008744603,0.46,4.2678271449391627e-08,0.0024290708815623142,-3.5332405774848956,1.0006959999999998,0.02199844503595652,0.004438421340972474,-8.544493999999998,96.9485334698569,150.83700636342516,-14.384,0.16404877323527906,0.7397368901620812,1.048,0.048,0.0048,1000,8.650402256170642,11.894121354617225,0.288,-0.0015214790383123525,36074271_28
36178713_12,GAS_COST=6/SEED=20/36178713_12,6.0,20,0.01,inventory,0,15,100,1005,1000,DeployNarrow,15.853083515013815,16.956191085381878,13.602949112645433,-8.712122030260673,46.928570278263656,-14.51668028381976,-24.147723319955094,0.5902063636490774,0.6281835443937513,0.853,2.0179327643643057e-138,1.312957613589948e-118,15.853083515013815,2.0,0.0,0.0,2.1089620000000004,36.82742706653936,56.63103662111931,0.0,0.0,0.0,1.0,0.0,0.0,1000,20.097888987877507,4.040975917870004,0.0,-0.2038295549936895,36074271_24
36178713_12,GAS_COST=6/SEED=20/36178713_12,6.0,20,0.01,inventory,0,15,100,1005,1000,DeployWide,12.778933753980283,13.919367309882404,11.961434284768302,-9.371417503759556,37.770858544332846,-15.105149504433719,-23.347849320742046,0.1579411047030017,0.039718924975780556,0.838,9.102629756367264e-135,4.893484319113367e-110,12.778933753980283,30.0,0.0,0.0,2.1089620000000004,36.82742706653936,56.63103662111931,0.0,0.0,0.0,1.0,0.0,0.0,1000,16.685245762715283,3.6849859328057866,0.0,-0.22132607592921472,36074271_24
36178713_12,GAS_COST=6/SEED=20/36178713_12,6.0,20,0.01,inventory,0,15,100,1005,1000,ArrivalRebalance,12.250603275290802,19.581694640739894,11.033018800309492,-18.367380969824517,48.00494194436986,-24.09288431296657,-33.42036328629992,0.4805264566459299,0.5227111461188105,0.724,1.0543703176356597e-73,2.521146162324e-66,12.250603275290802,2.0,0.0,0.0,0.21988900000000006,25.84853499101164,10.696880282992748,0.0,0.0,0.0,5.51,4.51,0.451,1000,48.56508857499849,8.84342977577738,27.06,-0.4110555239303046,36074271_24
36178713_12,GAS_COST=6/SEED=20/36178713_12,6.0,20,0.01,inventory,0,15,100,1005,1000,CDM,-6.43342336429535,19.55984575346893,-5.407253244055823,-39.86375739196604,23.64496270684925,-51.76011329602696,-65.99030782797877,-0.355453703362183,0.26247036388526057,0.389,4.170544276108716e-24,1.787676131539479e-20,-6.43342336429535,29.914450000000006,1.5302038269876987,0.04612276552853252,0.10109399999999999,13.449486236313533,4.307024830688117,-1.9901087416668297,4.909976497955174,0.642649063753468,8.575,7.575,0.7575,1000,49.715314811625284,10.47695231218033,45.45,-0.22178586374030104,36074271_24
36178713_13,GAS_COST=6/SEED=20/36178713_13,6.0,20,0.01,inventory,50,15,100,1005,1000,DeployNarrow,15.853083515013815,16.956191085381878,13.602949112645433,-8.712122030260673,46.928570278263656,-14.51668028381976,-24.147723319955094,0.5902063636490774,0.6281835443937513,0.853,2.0179327643643057e-138,1.312957613589948e-118,15.853083515013815,2.0,0.0,0.0,2.1089620000000004,36.82742706653936,56.63103662111931,0.0,0.0,0.0,1.0,0.0,0.0,1000,20.097888987877507,4.040975917870004,0.0,-0.2038295549936895,36074271_24
36178713_13,GAS_COST=6/SEED=20/36178713_13,6.0,20,0.01,inventory,50,15,100,1005,1000,DeployWide,12.778933753980283,13.919367309882404,11.961434284768302,-9.371417503759556,37.770858544332846,-15.105149504433719,-23.347849320742046,0.1579411047030017,0.039718924975780556,0.838,9.102629756367264e-135,4.893484319113367e-110,12.778933753980283,30.0,0.0,0.0,2.1089620000000004,36.82742706653936,56.63103662111931,0.0,0.0,0.0,1.0,0.0,0.0,1000,16.685245762715283,3.6849859328057866,0.0,-0.22132607592921472,36074271_24
36178713_13,GAS_COST=6/SEED=20/36178713_13,6.0,20,0.01,inventory,50,15,100,1005,1000,ArrivalRebalance,12.250603275290802,19.581694640739894,11.033018800309492,-18.367380969824517,48.00494194436986,-24.09288431296657,-33.42036328629992,0.4805264566459299,0.5227111461188105,0.724,1.0543703176356597e-73,2.521146162324e-66,12.250603275290802,2.0,0.0,0.0,0.21988900000000006,25.84853499101164,10.696880282992748,0.0,0.0,0.0,5.51,4.51,0.451,1000,48.56508857499849,8.84342977577738,27.06,-0.4110555239303046,36074271_24
36178713_13,GAS_COST=6/SEED=20/36178713_13,6.0,20,0.01,inventory,50,15,100,1005,1000,CDM,-6.43342336429535,19.55984575346893,-5.407253244055823,-39.86375739196604,23.64496270684925,-51.76011329602696,-65.99030782797877,-0.355453703362183,0.26247036388526057,0.389,4.170544276108716e-24,1.787676131539479e-20,-6.43342336429535,29.914450000000006,1.5302038269876987,0.04612276552853252,0.10109399999999999,13.449486236313533,4.307024830688117,-1.9901087416668297,4.909976497955174,0.642649063753468,8.575,7.575,0.7575,1000,49.715314811625284,10.47695231218033,45.45,-0.22178586374030104,36074271_24
36178713_14,GAS_COST=6/SEED=20/36178713_14,6.0,20,0.02,inventory,0,15,100,1005,1000,DeployNarrow,6.477607686199505,17.950551852566374,7.581377161501109,-23.96664213352248,34.81409255433276,-35.36628440504408,-50.708465953253054,-0.29864590423878545,0.9643093515796797,0.73,2.0575071009793284e-28,4.557474664873838e-33,6.477607686199505,2.0,0.0,0.0,4.403665000000001,69.87534397238362,108.28602515580104,0.0,0.0,0.0,1.0,0.0,0.0,1000,14.95097553137955,8.066962979097362,0.0,-0.406404866082683,36074271_26
36178713_14,GAS_COST=6/SEED=20/36178713_14,6.0,20,0.02,inventory,0,15,100,1005,1000,DeployWide,4.09478718770963,16.271817552955877,6.268138593964352,-24.95742360716701,27.8048911655416,-36.48392899469141,-51.603535519010464,-0.7388667337633585,0.9833922200896059,0.689,4.873609609898465e-15,1.7472770175243966e-21,4.09478718770963,30.0,0.0,0.0,4.403665000000001,69.87534397238362,108.28602515580104,0.0,0.0,0.0,1.0,0.0,0.0,1000,12.223730533503973,7.687185265063061,0.0,-0.4417580807312825,36074271_26
36178713_14,GAS_COST=6/SEED=20/36178713_14,6.0,20,0.02,inventory,0,15,100,1005,1000,ArrivalRebalance,-15.456692058634257,20.66408421617619,-15.255047836045378,-49.72042428089082,18.641865875410332,-62.62027136435355,-82.7431461913318,-0.2513787721699286,0.7375527990948121,0.219,1.6886830637707635e-98,4.0789227317524545e-87,-15.456692058634257,2.0,0.0,0.0,0.6782760000000001,39.306576008267555,16.047503532195407,0.0,0.0,0.0,6.806,5.806,0.5806,1000,40.279345472846636,20.595515093064044,34.836,-0.3045224384168465,36074271_26
36178713_14,GAS_COST=6/SEED=20/36178713_14,6.0,20,0.02,inventory,0,15,100,1005,1000,CDM,-136.07266133538965,98.00393867787076,-104.69075019364556,-336.7040770538011,-34.30913112467313,-420.6957404665746,-541.7126626361184,-1.628984667246212,3.1523521692079663,0.004,2.8676488591500717e-235,3.672246317727342e-165,-136.07266133538965,29.578891000000002,3.139289581336529,0.40485034410137305,0.12257350000000004,14.80260956372511,4.3641391981521105,-2.7586059912420895,5.240333793733212,1.7391127085243614,26.449,25.449,2.5449,1000,50.038770987632596,32.97353278513155,152.694,-0.4438995378906807,36074271_26
36178713_15,GAS_COST=6/SEED=20/36178713_15,6.0,20,0.02,inventory,50,15,100,1005,1000,DeployNarrow,6.477607686199505,17.950551852566374,7.581377161501109,-23.96664213352248,34.81409255433276,-35.36628440504408,-50.708465953253054,-0.29864590423878545,0.9643093515796797,0.73,2.0575071009793284e-28,4.557474664873838e-33,6.477607686199505,2.0,0.0,0.0,4.403665000000001,69.87534397238362,108.28602515580104,0.0,0.0,0.0,1.0,0.0,0.0,1000,14.95097553137955,8.066962979097362,0.0,-0.406404866082683,36074271_26
36178713_15,GAS_COST=6/SEED=20/36178713_15,6.0,20,0.02,inventory,50,15,100,1005,1000,DeployWide,4.09478718770963,16.271817552955877,6.268138593964352,-24.95742360716701,27.8048911655416,-36.48392899469141,-51.603535519010464,-0.7388667337633585,0.9833922200896059,0.689,4.873609609898465e-15,1.7472770175243966e-21,4.09478718770963,30.0,0.0,0.0,4.403665000000001,69.87534397238362,108.28602515580104,0.0,0.0,0.0,1.0,0.0,0.0,1000,12.223730533503973,7.687185265063061,0.0,-0.4417580807312825,36074271_26
36178713_15,GAS_COST=6/SEED=20/36178713_15,6.0,20,0.02,inventory,50,15,100,1005,1000,ArrivalRebalance,-15.456692058634257,20.66408421617619,-15.255047836045378,-49.72042428089082,18.641865875410332,-62.62027136435355,-82.7431461913318,-0.2513787721699286,0.7375527990948121,0.219,1.6886830637707635e-98,4.0789227317524545e-87,-15.456692058634257,2.0,0.0,0.0,0.6782760000000001,39.306576008267555,16.047503532195407,0.0,0.0,0.0,6.806,5.806,0.5806,1000,40.279345472846636,20.595515093064044,34.836,-0.3045224384168465,36074271_26
36178713_15,GAS_COST=6/SEED=20/36178713_15,6.0,20,0.02,inventory,50,15,100,1005,1000,CDM,-136.07266133538965,98.00393867787076,-104.69075019364556,-336.7040770538011,-34.30913112467313,-420.6957404665746,-541.7126626361184,-1.628984667246212,3.1523521692079663,0.004,2.8676488591500717e-235,3.672246317727342e-165,-136.07266133538965,29.578891000000002,3.139289581336529,0.40485034410137305,0.12257350000000004,14.80260956372511,4.3641391981521105,-2.7586059912420895,5.240333793733212,1.7391127085243614,26.449,25.449,2.5449,1000,50.038770987632596,32.97353278513155,152.694,-0.4438995378906807,36074271_26
36178713_16,GAS_COST=6/SEED=20/36178713_16,6.0,20,0.03,inventory,0,15,100,1005,1000,DeployNarrow,0.0964713179157136,21.608472923836356,4.591528776128712,-39.48090507159393,30.516724477229925,-56.168761744772,-77.51757365376551,-0.9939289254221594,1.4110702917728162,0.639,0.8878117262763568,0.0004431826460404742,0.0964713179157136,2.0,0.0,0.0,6.296102000000001,96.94789970336959,150.87963598766268,0.0,0.0,0.0,1.0,0.0,0.0,1000,12.694181874704732,11.98994608484544,0.0,-0.60776447194358,36074271_28
36178713_16,GAS_COST=6/SEED=20/36178713_16,6.0,20,0.03,inventory,0,15,100,1005,1000,DeployWide,-2.1249120924062783,20.711410886736758,3.508260511740332,-40.699911794290735,23.251087766135786,-57.32995524756137,-78.77373364024155,-1.2065330299070676,1.5971025947457242,0.622,0.0012230019249894906,0.29595422476571565,-2.1249120924062783,30.0,0.0,0.0,6.296102000000001,96.94789970336959,150.87963598766268,0.0,0.0,0.0,1.0,0.0,0.0,1000,10.120122894412997,11.58370050935898,0.0,-0.6613344774602958,36074271_28
36178713_16,GAS_COST=6/SEED=20/36178713_16,6.0,20,0.03,inventory,0,15,100,1005,1000,ArrivalRebalance,-34.61156999593225,25.815785758478388,-31.004207320292778,-78.27928754309917,2.4083356132478166,-100.06872103184207,-132.35105539316427,-0.8179055485058999,1.665670949254686,0.064,2.1638699219209713e-225,9.765899407858873e-156,-34.61156999593225,2.0,0.0,0.0,1.0552480000000002,46.16844849656831,21.107091236418533,0.0,0.0,0.0,7.0,6.0,0.6,1000,34.59841023183403,32.17274763585522,36.0,-1.0372325919110599,36074271_28
36178713_16,GAS_COST=6/SEED=20/36178713_16,6.0,20,0.03,inventory,0,15,100,1005,1000,CDM,-3.5332405774848956,20.22283671871244,0.0,-42.564194855707065,21.305338060385107,-57.33032480336446,-77.99773849329829,-1.0522042362743265,1.7037533008744603,0.46,4.2678271449391627e-08,0.0024290708815623142,-3.5332405774848956,1.0006959999999998,0.02199844503595652,0.004438421340972474,-8.544493999999998,96.9485334698569,150.83700636342516,-14.384,0.16404877323527906,0.7397368901620812,1.048,0.048,0.0048,1000,8.650402256170642,11.894121354617225,0.288,-0.0015214790383123525,36074271_28
36178713_17,GAS_COST=6/SEED=20/36178713_17,6.0,20,0.03,inventory,50,15,100,1005,1000,DeployNarrow,0.0964713179157136,21.608472923836356,4.591528776128712,-39.48090507159393,30.516724477229925,-56.168761744772,-77.51757365376551,-0.9939289254221594,1.4110702917728162,0.639,0.8878117262763568,0.0004431826460404742,0.0964713179157136,2.0,0.0,0.0,6.296102000000001,96.94789970336959,150.87963598766268,0.0,0.0,0.0,1.0,0.0,0.0,1000,12.694181874704732,11.98994608484544,0.0,-0.60776447194358,36074271_28
36178713_17,GAS_COST=6/SEED=20/36178713_17,6.0,20,0.03,inventory,50,15,100,1005,1000,DeployWide,-2.1249120924062783,20.711410886736758,3.508260511740332,-40.699911794290735,23.251087766135786,-57.32995524756137,-78.77373364024155,-1.2065330299070676,1.5971025947457242,0.622,0.0012230019249894906,0.29595422476571565,-2.1249120924062783,30.0,0.0,0.0,6.296102000000001,96.94789970336959,150.87963598766268,0.0,0.0,0.0,1.0,0.0,0.0,1000,10.120122894412997,11.58370050935898,0.0,-0.6613344774602958,36074271_28
36178713_17,GAS_COST=6/SEED=20/36178713_17,6.0,20,0.03,inventory,50,15,100,1005,1000,ArrivalRebalance,-34.61156999593225,25.815785758478388,-31.004207320292778,-78.27928754309917,2.4083356132478166,-100.06872103184207,-132.35105539316427,-0.8179055485058999,1.665670949254686,0.064,2.1638699219209713e-225,9.765899407858873e-156,-34.61156999593225,2.0,0.0,0.0,1.0552480000000002,46.16844849656831,21.107091236418533,0.0,0.0,0.0,7.0,6.0,0.6,1000,34.59841023183403,32.17274763585522,36.0,-1.0372325919110599,36074271_28
36178713_17,GAS_COST=6/SEED=20/36178713_17,6.0,20,0.03,inventory,50,15,100,1005,1000,CDM,-3.5332405774848956,20.22283671871244,0.0,-42.564194855707065,21.305338060385107,-57.33032480336446,-77.99773849329829,-1.0522042362743265,1.7037533008744603,0.46,4.2678271449391627e-08,0.0024290708815623142,-3.5332405774848956,1.0006959999999998,0.02199844503595652,0.004438421340972474,-8.544493999999998,96.9485334698569,150.83700636342516,-14.384,0.16404877323527906,0.7397368901620812,1.048,0.048,0.0048,1000,8.650402256170642,11.894121354617225,0.288,-0.0015214790383123525,36074271_28
36074271_10,GAS_COST=6/SEED=4/36074271_10,6.0,4,0.03,inventory,0,15,100,1005,1000,DeployNarrow,0.0964713179157136,21.608472923836356,4.591528776128712,-39.48090507159393,30.516724477229925,-56.168761744772,-77.51757365376551,-0.9939289254221594,1.4110702917728162,0.639,0.8878117262763568,0.0004431826460404742,0.0964713179157136,2.0,0.0,0.0,6.296102000000001,96.94789970336959,150.87963598766268,0.0,0.0,0.0,1.0,0.0,0.0,1000,12.694181874704732,11.98994608484544,0.0,-0.60776447194358,36074271_28
36074271_10,GAS_COST=6/SEED=4/36074271_10,6.0,4,0.03,inventory,0,15,100,1005,1000,DeployWide,-2.1249120924062783,20.711410886736758,3.508260511740332,-40.699911794290735,23.251087766135786,-57.32995524756137,-78.77373364024155,-1.2065330299070676,1.5971025947457242,0.622,0.0012230019249894906,0.29595422476571565,-2.1249120924062783,30.0,0.0,0.0,6.296102000000001,96.94789970336959,150.87963598766268,0.0,0.0,0.0,1.0,0.0,0.0,1000,10.120122894412997,11.58370050935898,0.0,-0.6613344774602958,36074271_28
36074271_10,GAS_COST=6/SEED=4/36074271_10,6.0,4,0.03,inventory,0,15,100,1005,1000,ArrivalRebalance,-34.61156999593225,25.815785758478388,-31.004207320292778,-78.27928754309917,2.4083356132478166,-100.06872103184207,-132.35105539316427,-0.8179055485058999,1.665670949254686,0.064,2.1638699219209713e-225,9.765899407858873e-156,-34.61156999593225,2.0,0.0,0.0,1.0552480000000002,46.16844849656831,21.107091236418533,0.0,0.0,0.0,7.0,6.0,0.6,1000,34.59841023183403,32.17274763585522,36.0,-1.0372325919110599,36074271_28
36074271_10,GAS_COST=6/SEED=4/36074271_10,6.0,4,0.03,inventory,0,15,100,1005,1000,CDM,-3.5332405774848956,20.22283671871244,0.0,-42.564194855707065,21.305338060385107,-57.33032480336446,-77.99773849329829,-1.0522042362743265,1.7037533008744603,0.46,4.2678271449391627e-08,0.0024290708815623142,-3.5332405774848956,1.0006959999999998,0.02199844503595652,0.004438421340972474,-8.544493999999998,96.9485334698569,150.83700636342516,-14.384,0.16404877323527906,0.7397368901620812,1.048,0.048,0.0048,1000,8.650402256170642,11.894121354617225,0.288,-0.0015214790383123525,36074271_28
36074271_11,GAS_COST=6/SEED=4/36074271_11,6.0,4,0.03,inventory,50,15,100,1005,1000,DeployNarrow,0.0964713179157136,21.608472923836356,4.591528776128712,-39.48090507159393,30.516724477229925,-56.168761744772,-77.51757365376551,-0.9939289254221594,1.4110702917728162,0.639,0.8878117262763568,0.0004431826460404742,0.0964713179157136,2.0,0.0,0.0,6.296102000000001,96.94789970336959,150.87963598766268,0.0,0.0,0.0,1.0,0.0,0.0,1000,12.694181874704732,11.98994608484544,0.0,-0.60776447194358,36074271_28
36074271_11,GAS_COST=6/SEED=4/36074271_11,6.0,4,0.03,inventory,50,15,100,1005,1000,DeployWide,-2.1249120924062783,20.711410886736758,3.508260511740332,-40.699911794290735,23.251087766135786,-57.32995524756137,-78.77373364024155,-1.2065330299070676,1.5971025947457242,0.622,0.0012230019249894906,0.29595422476571565,-2.1249120924062783,30.0,0.0,0.0,6.296102000000001,96.94789970336959,150.87963598766268,0.0,0.0,0.0,1.0,0.0,0.0,1000,10.120122894412997,11.58370050935898,0.0,-0.6613344774602958,36074271_28
36074271_11,GAS_COST=6/SEED=4/36074271_11,6.0,4,0.03,inventory,50,15,100,1005,1000,ArrivalRebalance,-34.61156999593225,25.815785758478388,-31.004207320292778,-78.27928754309917,2.4083356132478166,-100.06872103184207,-132.35105539316427,-0.8179055485058999,1.665670949254686,0.064,2.1638699219209713e-225,9.765899407858873e-156,-34.61156999593225,2.0,0.0,0.0,1.0552480000000002,46.16844849656831,21.107091236418533,0.0,0.0,0.0,7.0,6.0,0.6,1000,34.59841023183403,32.17274763585522,36.0,-1.0372325919110599,36074271_28
36074271_11,GAS_COST=6/SEED=4/36074271_11,6.0,4,0.03,inventory,50,15,100,1005,1000,CDM,-3.5332405774848956,20.22283671871244,0.0,-42.564194855707065,21.305338060385107,-57.33032480336446,-77.99773849329829,-1.0522042362743265,1.7037533008744603,0.46,4.2678271449391627e-08,0.0024290708815623142,-3.5332405774848956,1.0006959999999998,0.02199844503595652,0.004438421340972474,-8.544493999999998,96.9485334698569,150.83700636342516,-14.384,0.16404877323527906,0.7397368901620812,1.048,0.048,0.0048,1000,8.650402256170642,11.894121354617225,0.288,-0.0015214790383123525,36074271_28
36074271_6,GAS_COST=6/SEED=4/36074271_6,6.0,4,0.01,inventory,0,15,100,1005,1000,DeployNarrow,15.853083515013815,16.956191085381878,13.602949112645433,-8.712122030260673,46.928570278263656,-14.51668028381976,-24.147723319955094,0.5902063636490774,0.6281835443937513,0.853,2.0179327643643057e-138,1.312957613589948e-118,15.853083515013815,2.0,0.0,0.0,2.1089620000000004,36.82742706653936,56.63103662111931,0.0,0.0,0.0,1.0,0.0,0.0,1000,20.097888987877507,4.040975917870004,0.0,-0.2038295549936895,36074271_24
36074271_6,GAS_COST=6/SEED=4/36074271_6,6.0,4,0.01,inventory,0,15,100,1005,1000,DeployWide,12.778933753980283,13.919367309882404,11.961434284768302,-9.371417503759556,37.770858544332846,-15.105149504433719,-23.347849320742046,0.1579411047030017,0.039718924975780556,0.838,9.102629756367264e-135,4.893484319113367e-110,12.778933753980283,30.0,0.0,0.0,2.1089620000000004,36.82742706653936,56.63103662111931,0.0,0.0,0.0,1.0,0.0,0.0,1000,16.685245762715283,3.6849859328057866,0.0,-0.22132607592921472,36074271_24
36074271_6,GAS_COST=6/SEED=4/36074271_6,6.0,4,0.01,inventory,0,15,100,1005,1000,ArrivalRebalance,12.250603275290802,19.581694640739894,11.033018800309492,-18.367380969824517,48.00494194436986,-24.09288431296657,-33.42036328629992,0.4805264566459299,0.5227111461188105,0.724,1.0543703176356597e-73,2.521146162324e-66,12.250603275290802,2.0,0.0,0.0,0.21988900000000006,25.84853499101164,10.696880282992748,0.0,0.0,0.0,5.51,4.51,0.451,1000,48.56508857499849,8.84342977577738,27.06,-0.4110555239303046,36074271_24
36074271_6,GAS_COST=6/SEED=4/36074271_6,6.0,4,0.01,inventory,0,15,100,1005,1000,CDM,-6.43342336429535,19.55984575346893,-5.407253244055823,-39.86375739196604,23.64496270684925,-51.76011329602696,-65.99030782797877,-0.355453703362183,0.26247036388526057,0.389,4.170544276108716e-24,1.787676131539479e-20,-6.43342336429535,29.914450000000006,1.5302038269876987,0.04612276552853252,0.10109399999999999,13.449486236313533,4.307024830688117,-1.9901087416668297,4.909976497955174,0.642649063753468,8.575,7.575,0.7575,1000,49.715314811625284,10.47695231218033,45.45,-0.22178586374030104,36074271_24
36074271_7,GAS_COST=6/SEED=4/36074271_7,6.0,4,0.01,inventory,50,15,100,1005,1000,DeployNarrow,15.853083515013815,16.956191085381878,13.602949112645433,-8.712122030260673,46.928570278263656,-14.51668028381976,-24.147723319955094,0.5902063636490774,0.6281835443937513,0.853,2.0179327643643057e-138,1.312957613589948e-118,15.853083515013815,2.0,0.0,0.0,2.1089620000000004,36.82742706653936,56.63103662111931,0.0,0.0,0.0,1.0,0.0,0.0,1000,20.097888987877507,4.040975917870004,0.0,-0.2038295549936895,36074271_24
36074271_7,GAS_COST=6/SEED=4/36074271_7,6.0,4,0.01,inventory,50,15,100,1005,1000,DeployWide,12.778933753980283,13.919367309882404,11.961434284768302,-9.371417503759556,37.770858544332846,-15.105149504433719,-23.347849320742046,0.1579411047030017,0.039718924975780556,0.838,9.102629756367264e-135,4.893484319113367e-110,12.778933753980283,30.0,0.0,0.0,2.1089620000000004,36.82742706653936,56.63103662111931,0.0,0.0,0.0,1.0,0.0,0.0,1000,16.685245762715283,3.6849859328057866,0.0,-0.22132607592921472,36074271_24
36074271_7,GAS_COST=6/SEED=4/36074271_7,6.0,4,0.01,inventory,50,15,100,1005,1000,ArrivalRebalance,12.250603275290802,19.581694640739894,11.033018800309492,-18.367380969824517,48.00494194436986,-24.09288431296657,-33.42036328629992,0.4805264566459299,0.5227111461188105,0.724,1.0543703176356597e-73,2.521146162324e-66,12.250603275290802,2.0,0.0,0.0,0.21988900000000006,25.84853499101164,10.696880282992748,0.0,0.0,0.0,5.51,4.51,0.451,1000,48.56508857499849,8.84342977577738,27.06,-0.4110555239303046,36074271_24
36074271_7,GAS_COST=6/SEED=4/36074271_7,6.0,4,0.01,inventory,50,15,100,1005,1000,CDM,-6.43342336429535,19.55984575346893,-5.407253244055823,-39.86375739196604,23.64496270684925,-51.76011329602696,-65.99030782797877,-0.355453703362183,0.26247036388526057,0.389,4.170544276108716e-24,1.787676131539479e-20,-6.43342336429535,29.914450000000006,1.5302038269876987,0.04612276552853252,0.10109399999999999,13.449486236313533,4.307024830688117,-1.9901087416668297,4.909976497955174,0.642649063753468,8.575,7.575,0.7575,1000,49.715314811625284,10.47695231218033,45.45,-0.22178586374030104,36074271_24
36074271_8,GAS_COST=6/SEED=4/36074271_8,6.0,4,0.02,inventory,0,15,100,1005,1000,DeployNarrow,6.477607686199505,17.950551852566374,7.581377161501109,-23.96664213352248,34.81409255433276,-35.36628440504408,-50.708465953253054,-0.29864590423878545,0.9643093515796797,0.73,2.0575071009793284e-28,4.557474664873838e-33,6.477607686199505,2.0,0.0,0.0,4.403665000000001,69.87534397238362,108.28602515580104,0.0,0.0,0.0,1.0,0.0,0.0,1000,14.95097553137955,8.066962979097362,0.0,-0.406404866082683,36074271_26
36074271_8,GAS_COST=6/SEED=4/36074271_8,6.0,4,0.02,inventory,0,15,100,1005,1000,DeployWide,4.09478718770963,16.271817552955877,6.268138593964352,-24.95742360716701,27.8048911655416,-36.48392899469141,-51.603535519010464,-0.7388667337633585,0.9833922200896059,0.689,4.873609609898465e-15,1.7472770175243966e-21,4.09478718770963,30.0,0.0,0.0,4.403665000000001,69.87534397238362,108.28602515580104,0.0,0.0,0.0,1.0,0.0,0.0,1000,12.223730533503973,7.687185265063061,0.0,-0.4417580807312825,36074271_26
36074271_8,GAS_COST=6/SEED=4/36074271_8,6.0,4,0.02,inventory,0,15,100,1005,1000,ArrivalRebalance,-15.456692058634257,20.66408421617619,-15.255047836045378,-49.72042428089082,18.641865875410332,-62.62027136435355,-82.7431461913318,-0.2513787721699286,0.7375527990948121,0.219,1.6886830637707635e-98,4.0789227317524545e-87,-15.456692058634257,2.0,0.0,0.0,0.6782760000000001,39.306576008267555,16.047503532195407,0.0,0.0,0.0,6.806,5.806,0.5806,1000,40.279345472846636,20.595515093064044,34.836,-0.3045224384168465,36074271_26
36074271_8,GAS_COST=6/SEED=4/36074271_8,6.0,4,0.02,inventory,0,15,100,1005,1000,CDM,-136.07266133538965,98.00393867787076,-104.69075019364556,-336.7040770538011,-34.30913112467313,-420.6957404665746,-541.7126626361184,-1.628984667246212,3.1523521692079663,0.004,2.8676488591500717e-235,3.672246317727342e-165,-136.07266133538965,29.578891000000002,3.139289581336529,0.40485034410137305,0.12257350000000004,14.80260956372511,4.3641391981521105,-2.7586059912420895,5.240333793733212,1.7391127085243614,26.449,25.449,2.5449,1000,50.038770987632596,32.97353278513155,152.694,-0.4438995378906807,36074271_26
36074271_9,GAS_COST=6/SEED=4/36074271_9,6.0,4,0.02,inventory,50,15,100,1005,1000,DeployNarrow,6.477607686199505,17.950551852566374,7.581377161501109,-23.96664213352248,34.81409255433276,-35.36628440504408,-50.708465953253054,-0.29864590423878545,0.9643093515796797,0.73,2.0575071009793284e-28,4.557474664873838e-33,6.477607686199505,2.0,0.0,0.0,4.403665000000001,69.87534397238362,108.28602515580104,0.0,0.0,0.0,1.0,0.0,0.0,1000,14.95097553137955,8.066962979097362,0.0,-0.406404866082683,36074271_26
36074271_9,GAS_COST=6/SEED=4/36074271_9,6.0,4,0.02,inventory,50,15,100,1005,1000,DeployWide,4.09478718770963,16.271817552955877,6.268138593964352,-24.95742360716701,27.8048911655416,-36.48392899469141,-51.603535519010464,-0.7388667337633585,0.9833922200896059,0.689,4.873609609898465e-15,1.7472770175243966e-21,4.09478718770963,30.0,0.0,0.0,4.403665000000001,69.87534397238362,108.28602515580104,0.0,0.0,0.0,1.0,0.0,0.0,1000,12.223730533503973,7.687185265063061,0.0,-0.4417580807312825,36074271_26
36074271_9,GAS_COST=6/SEED=4/36074271_9,6.0,4,0.02,inventory,50,15,100,1005,1000,ArrivalRebalance,-15.456692058634257,20.66408421617619,-15.255047836045378,-49.72042428089082,18.641865875410332,-62.62027136435355,-82.7431461913318,-0.2513787721699286,0.7375527990948121,0.219,1.6886830637707635e-98,4.0789227317524545e-87,-15.456692058634257,2.0,0.0,0.0,0.6782760000000001,39.306576008267555,16.047503532195407,0.0,0.0,0.0,6.806,5.806,0.5806,1000,40.279345472846636,20.595515093064044,34.836,-0.3045224384168465,36074271_26
36074271_9,GAS_COST=6/SEED=4/36074271_9,6.0,4,0.02,inventory,50,15,100,1005,1000,CDM,-136.07266133538965,98.00393867787076,-104.69075019364556,-336.7040770538011,-34.30913112467313,-420.6957404665746,-541.7126626361184,-1.628984667246212,3.1523521692079663,0.004,2.8676488591500717e-235,3.672246317727342e-165,-136.07266133538965,29.578891000000002,3.139289581336529,0.40485034410137305,0.12257350000000004,14.80260956372511,4.3641391981521105,-2.7586059912420895,5.240333793733212,1.7391127085243614,26.449,25.449,2.5449,1000,50.038770987632596,32.97353278513155,152.694,-0.4438995378906807,36074271_26
36074271_12,GAS_COST=6/SEED=6/36074271_12,6.0,6,0.01,inventory,0,15,100,1005,1000,DeployNarrow,15.853083515013815,16.956191085381878,13.602949112645433,-8.712122030260673,46.928570278263656,-14.51668028381976,-24.147723319955094,0.5902063636490774,0.6281835443937513,0.853,2.0179327643643057e-138,1.312957613589948e-118,15.853083515013815,2.0,0.0,0.0,2.1089620000000004,36.82742706653936,56.63103662111931,0.0,0.0,0.0,1.0,0.0,0.0,1000,20.097888987877507,4.040975917870004,0.0,-0.2038295549936895,36074271_24
36074271_12,GAS_COST=6/SEED=6/36074271_12,6.0,6,0.01,inventory,0,15,100,1005,1000,DeployWide,12.778933753980283,13.919367309882404,11.961434284768302,-9.371417503759556,37.770858544332846,-15.105149504433719,-23.347849320742046,0.1579411047030017,0.039718924975780556,0.838,9.102629756367264e-135,4.893484319113367e-110,12.778933753980283,30.0,0.0,0.0,2.1089620000000004,36.82742706653936,56.63103662111931,0.0,0.0,0.0,1.0,0.0,0.0,1000,16.685245762715283,3.6849859328057866,0.0,-0.22132607592921472,36074271_24
36074271_12,GAS_COST=6/SEED=6/36074271_12,6.0,6,0.01,inventory,0,15,100,1005,1000,ArrivalRebalance,12.250603275290802,19.581694640739894,11.033018800309492,-18.367380969824517,48.00494194436986,-24.09288431296657,-33.42036328629992,0.4805264566459299,0.5227111461188105,0.724,1.0543703176356597e-73,2.521146162324e-66,12.250603275290802,2.0,0.0,0.0,0.21988900000000006,25.84853499101164,10.696880282992748,0.0,0.0,0.0,5.51,4.51,0.451,1000,48.56508857499849,8.84342977577738,27.06,-0.4110555239303046,36074271_24
36074271_12,GAS_COST=6/SEED=6/36074271_12,6.0,6,0.01,inventory,0,15,100,1005,1000,CDM,-6.43342336429535,19.55984575346893,-5.407253244055823,-39.86375739196604,23.64496270684925,-51.76011329602696,-65.99030782797877,-0.355453703362183,0.26247036388526057,0.389,4.170544276108716e-24,1.787676131539479e-20,-6.43342336429535,29.914450000000006,1.5302038269876987,0.04612276552853252,0.10109399999999999,13.449486236313533,4.307024830688117,-1.9901087416668297,4.909976497955174,0.642649063753468,8.575,7.575,0.7575,1000,49.715314811625284,10.47695231218033,45.45,-0.22178586374030104,36074271_24
36074271_13,GAS_COST=6/SEED=6/36074271_13,6.0,6,0.01,inventory,50,15,100,1005,1000,DeployNarrow,15.853083515013815,16.956191085381878,13.602949112645433,-8.712122030260673,46.928570278263656,-14.51668028381976,-24.147723319955094,0.5902063636490774,0.6281835443937513,0.853,2.0179327643643057e-138,1.312957613589948e-118,15.853083515013815,2.0,0.0,0.0,2.1089620000000004,36.82742706653936,56.63103662111931,0.0,0.0,0.0,1.0,0.0,0.0,1000,20.097888987877507,4.040975917870004,0.0,-0.2038295549936895,36074271_24
36074271_13,GAS_COST=6/SEED=6/36074271_13,6.0,6,0.01,inventory,50,15,100,1005,1000,DeployWide,12.778933753980283,13.919367309882404,11.961434284768302,-9.371417503759556,37.770858544332846,-15.105149504433719,-23.347849320742046,0.1579411047030017,0.039718924975780556,0.838,9.102629756367264e-135,4.893484319113367e-110,12.778933753980283,30.0,0.0,0.0,2.1089620000000004,36.82742706653936,56.63103662111931,0.0,0.0,0.0,1.0,0.0,0.0,1000,16.685245762715283,3.6849859328057866,0.0,-0.22132607592921472,36074271_24
36074271_13,GAS_COST=6/SEED=6/36074271_13,6.0,6,0.01,inventory,50,15,100,1005,1000,ArrivalRebalance,12.250603275290802,19.581694640739894,11.033018800309492,-18.367380969824517,48.00494194436986,-24.09288431296657,-33.42036328629992,0.4805264566459299,0.5227111461188105,0.724,1.0543703176356597e-73,2.521146162324e-66,12.250603275290802,2.0,0.0,0.0,0.21988900000000006,25.84853499101164,10.696880282992748,0.0,0.0,0.0,5.51,4.51,0.451,1000,48.56508857499849,8.84342977577738,27.06,-0.4110555239303046,36074271_24
36074271_13,GAS_COST=6/SEED=6/36074271_13,6.0,6,0.01,inventory,50,15,100,1005,1000,CDM,-6.43342336429535,19.55984575346893,-5.407253244055823,-39.86375739196604,23.64496270684925,-51.76011329602696,-65.99030782797877,-0.355453703362183,0.26247036388526057,0.389,4.170544276108716e-24,1.787676131539479e-20,-6.43342336429535,29.914450000000006,1.5302038269876987,0.04612276552853252,0.10109399999999999,13.449486236313533,4.307024830688117,-1.9901087416668297,4.909976497955174,0.642649063753468,8.575,7.575,0.7575,1000,49.715314811625284,10.47695231218033,45.45,-0.22178586374030104,36074271_24
36074271_14,GAS_COST=6/SEED=6/36074271_14,6.0,6,0.02,inventory,0,15,100,1005,1000,DeployNarrow,6.477607686199505,17.950551852566374,7.581377161501109,-23.96664213352248,34.81409255433276,-35.36628440504408,-50.708465953253054,-0.29864590423878545,0.9643093515796797,0.73,2.0575071009793284e-28,4.557474664873838e-33,6.477607686199505,2.0,0.0,0.0,4.403665000000001,69.87534397238362,108.28602515580104,0.0,0.0,0.0,1.0,0.0,0.0,1000,14.95097553137955,8.066962979097362,0.0,-0.406404866082683,36074271_26
36074271_14,GAS_COST=6/SEED=6/36074271_14,6.0,6,0.02,inventory,0,15,100,1005,1000,DeployWide,4.09478718770963,16.271817552955877,6.268138593964352,-24.95742360716701,27.8048911655416,-36.48392899469141,-51.603535519010464,-0.7388667337633585,0.9833922200896059,0.689,4.873609609898465e-15,1.7472770175243966e-21,4.09478718770963,30.0,0.0,0.0,4.403665000000001,69.87534397238362,108.28602515580104,0.0,0.0,0.0,1.0,0.0,0.0,1000,12.223730533503973,7.687185265063061,0.0,-0.4417580807312825,36074271_26
36074271_14,GAS_COST=6/SEED=6/36074271_14,6.0,6,0.02,inventory,0,15,100,1005,1000,ArrivalRebalance,-15.456692058634257,20.66408421617619,-15.255047836045378,-49.72042428089082,18.641865875410332,-62.62027136435355,-82.7431461913318,-0.2513787721699286,0.7375527990948121,0.219,1.6886830637707635e-98,4.0789227317524545e-87,-15.456692058634257,2.0,0.0,0.0,0.6782760000000001,39.306576008267555,16.047503532195407,0.0,0.0,0.0,6.806,5.806,0.5806,1000,40.279345472846636,20.595515093064044,34.836,-0.3045224384168465,36074271_26
36074271_14,GAS_COST=6/SEED=6/36074271_14,6.0,6,0.02,inventory,0,15,100,1005,1000,CDM,-136.07266133538965,98.00393867787076,-104.69075019364556,-336.7040770538011,-34.30913112467313,-420.6957404665746,-541.7126626361184,-1.628984667246212,3.1523521692079663,0.004,2.8676488591500717e-235,3.672246317727342e-165,-136.07266133538965,29.578891000000002,3.139289581336529,0.40485034410137305,0.12257350000000004,14.80260956372511,4.3641391981521105,-2.7586059912420895,5.240333793733212,1.7391127085243614,26.449,25.449,2.5449,1000,50.038770987632596,32.97353278513155,152.694,-0.4438995378906807,36074271_26
36074271_15,GAS_COST=6/SEED=6/36074271_15,6.0,6,0.02,inventory,50,15,100,1005,1000,DeployNarrow,6.477607686199505,17.950551852566374,7.581377161501109,-23.96664213352248,34.81409255433276,-35.36628440504408,-50.708465953253054,-0.29864590423878545,0.9643093515796797,0.73,2.0575071009793284e-28,4.557474664873838e-33,6.477607686199505,2.0,0.0,0.0,4.403665000000001,69.87534397238362,108.28602515580104,0.0,0.0,0.0,1.0,0.0,0.0,1000,14.95097553137955,8.066962979097362,0.0,-0.406404866082683,36074271_26
36074271_15,GAS_COST=6/SEED=6/36074271_15,6.0,6,0.02,inventory,50,15,100,1005,1000,DeployWide,4.09478718770963,16.271817552955877,6.268138593964352,-24.95742360716701,27.8048911655416,-36.48392899469141,-51.603535519010464,-0.7388667337633585,0.9833922200896059,0.689,4.873609609898465e-15,1.7472770175243966e-21,4.09478718770963,30.0,0.0,0.0,4.403665000000001,69.87534397238362,108.28602515580104,0.0,0.0,0.0,1.0,0.0,0.0,1000,12.223730533503973,7.687185265063061,0.0,-0.4417580807312825,36074271_26
36074271_15,GAS_COST=6/SEED=6/36074271_15,6.0,6,0.02,inventory,50,15,100,1005,1000,ArrivalRebalance,-15.456692058634257,20.66408421617619,-15.255047836045378,-49.72042428089082,18.641865875410332,-62.62027136435355,-82.7431461913318,-0.2513787721699286,0.7375527990948121,0.219,1.6886830637707635e-98,4.0789227317524545e-87,-15.456692058634257,2.0,0.0,0.0,0.6782760000000001,39.306576008267555,16.047503532195407,0.0,0.0,0.0,6.806,5.806,0.5806,1000,40.279345472846636,20.595515093064044,34.836,-0.3045224384168465,36074271_26
36074271_15,GAS_COST=6/SEED=6/36074271_15,6.0,6,0.02,inventory,50,15,100,1005,1000,CDM,-136.07266133538965,98.00393867787076,-104.69075019364556,-336.7040770538011,-34.30913112467313,-420.6957404665746,-541.7126626361184,-1.628984667246212,3.1523521692079663,0.004,2.8676488591500717e-235,3.672246317727342e-165,-136.07266133538965,29.578891000000002,3.139289581336529,0.40485034410137305,0.12257350000000004,14.80260956372511,4.3641391981521105,-2.7586059912420895,5.240333793733212,1.7391127085243614,26.449,25.449,2.5449,1000,50.038770987632596,32.97353278513155,152.694,-0.4438995378906807,36074271_26
36074271_16,GAS_COST=6/SEED=6/36074271_16,6.0,6,0.03,inventory,0,15,100,1005,1000,DeployNarrow,0.0964713179157136,21.608472923836356,4.591528776128712,-39.48090507159393,30.516724477229925,-56.168761744772,-77.51757365376551,-0.9939289254221594,1.4110702917728162,0.639,0.8878117262763568,0.0004431826460404742,0.0964713179157136,2.0,0.0,0.0,6.296102000000001,96.94789970336959,150.87963598766268,0.0,0.0,0.0,1.0,0.0,0.0,1000,12.694181874704732,11.98994608484544,0.0,-0.60776447194358,36074271_28
36074271_16,GAS_COST=6/SEED=6/36074271_16,6.0,6,0.03,inventory,0,15,100,1005,1000,DeployWide,-2.1249120924062783,20.711410886736758,3.508260511740332,-40.699911794290735,23.251087766135786,-57.32995524756137,-78.77373364024155,-1.2065330299070676,1.5971025947457242,0.622,0.0012230019249894906,0.29595422476571565,-2.1249120924062783,30.0,0.0,0.0,6.296102000000001,96.94789970336959,150.87963598766268,0.0,0.0,0.0,1.0,0.0,0.0,1000,10.120122894412997,11.58370050935898,0.0,-0.6613344774602958,36074271_28
36074271_16,GAS_COST=6/SEED=6/36074271_16,6.0,6,0.03,inventory,0,15,100,1005,1000,ArrivalRebalance,-34.61156999593225,25.815785758478388,-31.004207320292778,-78.27928754309917,2.4083356132478166,-100.06872103184207,-132.35105539316427,-0.8179055485058999,1.665670949254686,0.064,2.1638699219209713e-225,9.765899407858873e-156,-34.61156999593225,2.0,0.0,0.0,1.0552480000000002,46.16844849656831,21.107091236418533,0.0,0.0,0.0,7.0,6.0,0.6,1000,34.59841023183403,32.17274763585522,36.0,-1.0372325919110599,36074271_28
36074271_16,GAS_COST=6/SEED=6/36074271_16,6.0,6,0.03,inventory,0,15,100,1005,1000,CDM,-3.5332405774848956,20.22283671871244,0.0,-42.564194855707065,21.305338060385107,-57.33032480336446,-77.99773849329829,-1.0522042362743265,1.7037533008744603,0.46,4.2678271449391627e-08,0.0024290708815623142,-3.5332405774848956,1.0006959999999998,0.02199844503595652,0.004438421340972474,-8.544493999999998,96.9485334698569,150.83700636342516,-14.384,0.16404877323527906,0.7397368901620812,1.048,0.048,0.0048,1000,8.650402256170642,11.894121354617225,0.288,-0.0015214790383123525,36074271_28
36074271_17,GAS_COST=6/SEED=6/36074271_17,6.0,6,0.03,inventory,50,15,100,1005,1000,DeployNarrow,0.0964713179157136,21.608472923836356,4.591528776128712,-39.48090507159393,30.516724477229925,-56.168761744772,-77.51757365376551,-0.9939289254221594,1.4110702917728162,0.639,0.8878117262763568,0.0004431826460404742,0.0964713179157136,2.0,0.0,0.0,6.296102000000001,96.94789970336959,150.87963598766268,0.0,0.0,0.0,1.0,0.0,0.0,1000,12.694181874704732,11.98994608484544,0.0,-0.60776447194358,36074271_28
36074271_17,GAS_COST=6/SEED=6/36074271_17,6.0,6,0.03,inventory,50,15,100,1005,1000,DeployWide,-2.1249120924062783,20.711410886736758,3.508260511740332,-40.699911794290735,23.251087766135786,-57.32995524756137,-78.77373364024155,-1.2065330299070676,1.5971025947457242,0.622,0.0012230019249894906,0.29595422476571565,-2.1249120924062783,30.0,0.0,0.0,6.296102000000001,96.94789970336959,150.87963598766268,0.0,0.0,0.0,1.0,0.0,0.0,1000,10.120122894412997,11.58370050935898,0.0,-0.6613344774602958,36074271_28
36074271_17,GAS_COST=6/SEED=6/36074271_17,6.0,6,0.03,inventory,50,15,100,1005,1000,ArrivalRebalance,-34.61156999593225,25.815785758478388,-31.004207320292778,-78.27928754309917,2.4083356132478166,-100.06872103184207,-132.35105539316427,-0.8179055485058999,1.665670949254686,0.064,2.1638699219209713e-225,9.765899407858873e-156,-34.61156999593225,2.0,0.0,0.0,1.0552480000000002,46.16844849656831,21.107091236418533,0.0,0.0,0.0,7.0,6.0,0.6,1000,34.59841023183403,32.17274763585522,36.0,-1.0372325919110599,36074271_28
36074271_17,GAS_COST=6/SEED=6/36074271_17,6.0,6,0.03,inventory,50,15,100,1005,1000,CDM,-3.5332405774848956,20.22283671871244,0.0,-42.564194855707065,21.305338060385107,-57.33032480336446,-77.99773849329829,-1.0522042362743265,1.7037533008744603,0.46,4.2678271449391627e-08,0.0024290708815623142,-3.5332405774848956,1.0006959999999998,0.02199844503595652,0.004438421340972474,-8.544493999999998,96.9485334698569,150.83700636342516,-14.384,0.16404877323527906,0.7397368901620812,1.048,0.048,0.0048,1000,8.650402256170642,11.894121354617225,0.288,-0.0015214790383123525,36074271_28
36074271_18,GAS_COST=6/SEED=8/36074271_18,6.0,8,0.01,inventory,0,15,100,1005,1000,DeployNarrow,15.853083515013815,16.956191085381878,13.602949112645433,-8.712122030260673,46.928570278263656,-14.51668028381976,-24.147723319955094,0.5902063636490774,0.6281835443937513,0.853,2.0179327643643057e-138,1.312957613589948e-118,15.853083515013815,2.0,0.0,0.0,2.1089620000000004,36.82742706653936,56.63103662111931,0.0,0.0,0.0,1.0,0.0,0.0,1000,20.097888987877507,4.040975917870004,0.0,-0.2038295549936895,36074271_24
36074271_18,GAS_COST=6/SEED=8/36074271_18,6.0,8,0.01,inventory,0,15,100,1005,1000,DeployWide,12.778933753980283,13.919367309882404,11.961434284768302,-9.371417503759556,37.770858544332846,-15.105149504433719,-23.347849320742046,0.1579411047030017,0.039718924975780556,0.838,9.102629756367264e-135,4.893484319113367e-110,12.778933753980283,30.0,0.0,0.0,2.1089620000000004,36.82742706653936,56.63103662111931,0.0,0.0,0.0,1.0,0.0,0.0,1000,16.685245762715283,3.6849859328057866,0.0,-0.22132607592921472,36074271_24
36074271_18,GAS_COST=6/SEED=8/36074271_18,6.0,8,0.01,inventory,0,15,100,1005,1000,ArrivalRebalance,12.250603275290802,19.581694640739894,11.033018800309492,-18.367380969824517,48.00494194436986,-24.09288431296657,-33.42036328629992,0.4805264566459299,0.5227111461188105,0.724,1.0543703176356597e-73,2.521146162324e-66,12.250603275290802,2.0,0.0,0.0,0.21988900000000006,25.84853499101164,10.696880282992748,0.0,0.0,0.0,5.51,4.51,0.451,1000,48.56508857499849,8.84342977577738,27.06,-0.4110555239303046,36074271_24
36074271_18,GAS_COST=6/SEED=8/36074271_18,6.0,8,0.01,inventory,0,15,100,1005,1000,CDM,-6.43342336429535,19.55984575346893,-5.407253244055823,-39.86375739196604,23.64496270684925,-51.76011329602696,-65.99030782797877,-0.355453703362183,0.26247036388526057,0.389,4.170544276108716e-24,1.787676131539479e-20,-6.43342336429535,29.914450000000006,1.5302038269876987,0.04612276552853252,0.10109399999999999,13.449486236313533,4.307024830688117,-1.9901087416668297,4.909976497955174,0.642649063753468,8.575,7.575,0.7575,1000,49.715314811625284,10.47695231218033,45.45,-0.22178586374030104,36074271_24
36074271_19,GAS_COST=6/SEED=8/36074271_19,6.0,8,0.01,inventory,50,15,100,1005,1000,DeployNarrow,15.853083515013815,16.956191085381878,13.602949112645433,-8.712122030260673,46.928570278263656,-14.51668028381976,-24.147723319955094,0.5902063636490774,0.6281835443937513,0.853,2.0179327643643057e-138,1.312957613589948e-118,15.853083515013815,2.0,0.0,0.0,2.1089620000000004,36.82742706653936,56.63103662111931,0.0,0.0,0.0,1.0,0.0,0.0,1000,20.097888987877507,4.040975917870004,0.0,-0.2038295549936895,36074271_24
36074271_19,GAS_COST=6/SEED=8/36074271_19,6.0,8,0.01,inventory,50,15,100,1005,1000,DeployWide,12.778933753980283,13.919367309882404,11.961434284768302,-9.371417503759556,37.770858544332846,-15.105149504433719,-23.347849320742046,0.1579411047030017,0.039718924975780556,0.838,9.102629756367264e-135,4.893484319113367e-110,12.778933753980283,30.0,0.0,0.0,2.1089620000000004,36.82742706653936,56.63103662111931,0.0,0.0,0.0,1.0,0.0,0.0,1000,16.685245762715283,3.6849859328057866,0.0,-0.22132607592921472,36074271_24
36074271_19,GAS_COST=6/SEED=8/36074271_19,6.0,8,0.01,inventory,50,15,100,1005,1000,ArrivalRebalance,12.250603275290802,19.581694640739894,11.033018800309492,-18.367380969824517,48.00494194436986,-24.09288431296657,-33.42036328629992,0.4805264566459299,0.5227111461188105,0.724,1.0543703176356597e-73,2.521146162324e-66,12.250603275290802,2.0,0.0,0.0,0.21988900000000006,25.84853499101164,10.696880282992748,0.0,0.0,0.0,5.51,4.51,0.451,1000,48.56508857499849,8.84342977577738,27.06,-0.4110555239303046,36074271_24
36074271_19,GAS_COST=6/SEED=8/36074271_19,6.0,8,0.01,inventory,50,15,100,1005,1000,CDM,-6.43342336429535,19.55984575346893,-5.407253244055823,-39.86375739196604,23.64496270684925,-51.76011329602696,-65.99030782797877,-0.355453703362183,0.26247036388526057,0.389,4.170544276108716e-24,1.787676131539479e-20,-6.43342336429535,29.914450000000006,1.5302038269876987,0.04612276552853252,0.10109399999999999,13.449486236313533,4.307024830688117,-1.9901087416668297,4.909976497955174,0.642649063753468,8.575,7.575,0.7575,1000,49.715314811625284,10.47695231218033,45.45,-0.22178586374030104,36074271_24
36074271_20,GAS_COST=6/SEED=8/36074271_20,6.0,8,0.02,inventory,0,15,100,1005,1000,DeployNarrow,6.477607686199505,17.950551852566374,7.581377161501109,-23.96664213352248,34.81409255433276,-35.36628440504408,-50.708465953253054,-0.29864590423878545,0.9643093515796797,0.73,2.0575071009793284e-28,4.557474664873838e-33,6.477607686199505,2.0,0.0,0.0,4.403665000000001,69.87534397238362,108.28602515580104,0.0,0.0,0.0,1.0,0.0,0.0,1000,14.95097553137955,8.066962979097362,0.0,-0.406404866082683,36074271_26
36074271_20,GAS_COST=6/SEED=8/36074271_20,6.0,8,0.02,inventory,0,15,100,1005,1000,DeployWide,4.09478718770963,16.271817552955877,6.268138593964352,-24.95742360716701,27.8048911655416,-36.48392899469141,-51.603535519010464,-0.7388667337633585,0.9833922200896059,0.689,4.873609609898465e-15,1.7472770175243966e-21,4.09478718770963,30.0,0.0,0.0,4.403665000000001,69.87534397238362,108.28602515580104,0.0,0.0,0.0,1.0,0.0,0.0,1000,12.223730533503973,7.687185265063061,0.0,-0.4417580807312825,36074271_26
36074271_20,GAS_COST=6/SEED=8/36074271_20,6.0,8,0.02,inventory,0,15,100,1005,1000,ArrivalRebalance,-15.456692058634257,20.66408421617619,-15.255047836045378,-49.72042428089082,18.641865875410332,-62.62027136435355,-82.7431461913318,-0.2513787721699286,0.7375527990948121,0.219,1.6886830637707635e-98,4.0789227317524545e-87,-15.456692058634257,2.0,0.0,0.0,0.6782760000000001,39.306576008267555,16.047503532195407,0.0,0.0,0.0,6.806,5.806,0.5806,1000,40.279345472846636,20.595515093064044,34.836,-0.3045224384168465,36074271_26
36074271_20,GAS_COST=6/SEED=8/36074271_20,6.0,8,0.02,inventory,0,15,100,1005,1000,CDM,-136.07266133538965,98.00393867787076,-104.69075019364556,-336.7040770538011,-34.30913112467313,-420.6957404665746,-541.7126626361184,-1.628984667246212,3.1523521692079663,0.004,2.8676488591500717e-235,3.672246317727342e-165,-136.07266133538965,29.578891000000002,3.139289581336529,0.40485034410137305,0.12257350000000004,14.80260956372511,4.3641391981521105,-2.7586059912420895,5.240333793733212,1.7391127085243614,26.449,25.449,2.5449,1000,50.038770987632596,32.97353278513155,152.694,-0.4438995378906807,36074271_26
36074271_21,GAS_COST=6/SEED=8/36074271_21,6.0,8,0.02,inventory,50,15,100,1005,1000,DeployNarrow,6.477607686199505,17.950551852566374,7.581377161501109,-23.96664213352248,34.81409255433276,-35.36628440504408,-50.708465953253054,-0.29864590423878545,0.9643093515796797,0.73,2.0575071009793284e-28,4.557474664873838e-33,6.477607686199505,2.0,0.0,0.0,4.403665000000001,69.87534397238362,108.28602515580104,0.0,0.0,0.0,1.0,0.0,0.0,1000,14.95097553137955,8.066962979097362,0.0,-0.406404866082683,36074271_26
36074271_21,GAS_COST=6/SEED=8/36074271_21,6.0,8,0.02,inventory,50,15,100,1005,1000,DeployWide,4.09478718770963,16.271817552955877,6.268138593964352,-24.95742360716701,27.8048911655416,-36.48392899469141,-51.603535519010464,-0.7388667337633585,0.9833922200896059,0.689,4.873609609898465e-15,1.7472770175243966e-21,4.09478718770963,30.0,0.0,0.0,4.403665000000001,69.87534397238362,108.28602515580104,0.0,0.0,0.0,1.0,0.0,0.0,1000,12.223730533503973,7.687185265063061,0.0,-0.4417580807312825,36074271_26
36074271_21,GAS_COST=6/SEED=8/36074271_21,6.0,8,0.02,inventory,50,15,100,1005,1000,ArrivalRebalance,-15.456692058634257,20.66408421617619,-15.255047836045378,-49.72042428089082,18.641865875410332,-62.62027136435355,-82.7431461913318,-0.2513787721699286,0.7375527990948121,0.219,1.6886830637707635e-98,4.0789227317524545e-87,-15.456692058634257,2.0,0.0,0.0,0.6782760000000001,39.306576008267555,16.047503532195407,0.0,0.0,0.0,6.806,5.806,0.5806,1000,40.279345472846636,20.595515093064044,34.836,-0.3045224384168465,36074271_26
36074271_21,GAS_COST=6/SEED=8/36074271_21,6.0,8,0.02,inventory,50,15,100,1005,1000,CDM,-136.07266133538965,98.00393867787076,-104.69075019364556,-336.7040770538011,-34.30913112467313,-420.6957404665746,-541.7126626361184,-1.628984667246212,3.1523521692079663,0.004,2.8676488591500717e-235,3.672246317727342e-165,-136.07266133538965,29.578891000000002,3.139289581336529,0.40485034410137305,0.12257350000000004,14.80260956372511,4.3641391981521105,-2.7586059912420895,5.240333793733212,1.7391127085243614,26.449,25.449,2.5449,1000,50.038770987632596,32.97353278513155,152.694,-0.4438995378906807,36074271_26
36074271_22,GAS_COST=6/SEED=8/36074271_22,6.0,8,0.03,inventory,0,15,100,1005,1000,DeployNarrow,0.0964713179157136,21.608472923836356,4.591528776128712,-39.48090507159393,30.516724477229925,-56.168761744772,-77.51757365376551,-0.9939289254221594,1.4110702917728162,0.639,0.8878117262763568,0.0004431826460404742,0.0964713179157136,2.0,0.0,0.0,6.296102000000001,96.94789970336959,150.87963598766268,0.0,0.0,0.0,1.0,0.0,0.0,1000,12.694181874704732,11.98994608484544,0.0,-0.60776447194358,36074271_28
36074271_22,GAS_COST=6/SEED=8/36074271_22,6.0,8,0.03,inventory,0,15,100,1005,1000,DeployWide,-2.1249120924062783,20.711410886736758,3.508260511740332,-40.699911794290735,23.251087766135786,-57.32995524756137,-78.77373364024155,-1.2065330299070676,1.5971025947457242,0.622,0.0012230019249894906,0.29595422476571565,-2.1249120924062783,30.0,0.0,0.0,6.296102000000001,96.94789970336959,150.87963598766268,0.0,0.0,0.0,1.0,0.0,0.0,1000,10.120122894412997,11.58370050935898,0.0,-0.6613344774602958,36074271_28
36074271_22,GAS_COST=6/SEED=8/36074271_22,6.0,8,0.03,inventory,0,15,100,1005,1000,ArrivalRebalance,-34.61156999593225,25.815785758478388,-31.004207320292778,-78.27928754309917,2.4083356132478166,-100.06872103184207,-132.35105539316427,-0.8179055485058999,1.665670949254686,0.064,2.1638699219209713e-225,9.765899407858873e-156,-34.61156999593225,2.0,0.0,0.0,1.0552480000000002,46.16844849656831,21.107091236418533,0.0,0.0,0.0,7.0,6.0,0.6,1000,34.59841023183403,32.17274763585522,36.0,-1.0372325919110599,36074271_28
36074271_22,GAS_COST=6/SEED=8/36074271_22,6.0,8,0.03,inventory,0,15,100,1005,1000,CDM,-3.5332405774848956,20.22283671871244,0.0,-42.564194855707065,21.305338060385107,-57.33032480336446,-77.99773849329829,-1.0522042362743265,1.7037533008744603,0.46,4.2678271449391627e-08,0.0024290708815623142,-3.5332405774848956,1.0006959999999998,0.02199844503595652,0.004438421340972474,-8.544493999999998,96.9485334698569,150.83700636342516,-14.384,0.16404877323527906,0.7397368901620812,1.048,0.048,0.0048,1000,8.650402256170642,11.894121354617225,0.288,-0.0015214790383123525,36074271_28
36074271_23,GAS_COST=6/SEED=8/36074271_23,6.0,8,0.03,inventory,50,15,100,1005,1000,DeployNarrow,0.0964713179157136,21.608472923836356,4.591528776128712,-39.48090507159393,30.516724477229925,-56.168761744772,-77.51757365376551,-0.9939289254221594,1.4110702917728162,0.639,0.8878117262763568,0.0004431826460404742,0.0964713179157136,2.0,0.0,0.0,6.296102000000001,96.94789970336959,150.87963598766268,0.0,0.0,0.0,1.0,0.0,0.0,1000,12.694181874704732,11.98994608484544,0.0,-0.60776447194358,36074271_28
36074271_23,GAS_COST=6/SEED=8/36074271_23,6.0,8,0.03,inventory,50,15,100,1005,1000,DeployWide,-2.1249120924062783,20.711410886736758,3.508260511740332,-40.699911794290735,23.251087766135786,-57.32995524756137,-78.77373364024155,-1.2065330299070676,1.5971025947457242,0.622,0.0012230019249894906,0.29595422476571565,-2.1249120924062783,30.0,0.0,0.0,6.296102000000001,96.94789970336959,150.87963598766268,0.0,0.0,0.0,1.0,0.0,0.0,1000,10.120122894412997,11.58370050935898,0.0,-0.6613344774602958,36074271_28
36074271_23,GAS_COST=6/SEED=8/36074271_23,6.0,8,0.03,inventory,50,15,100,1005,1000,ArrivalRebalance,-34.61156999593225,25.815785758478388,-31.004207320292778,-78.27928754309917,2.4083356132478166,-100.06872103184207,-132.35105539316427,-0.8179055485058999,1.665670949254686,0.064,2.1638699219209713e-225,9.765899407858873e-156,-34.61156999593225,2.0,0.0,0.0,1.0552480000000002,46.16844849656831,21.107091236418533,0.0,0.0,0.0,7.0,6.0,0.6,1000,34.59841023183403,32.17274763585522,36.0,-1.0372325919110599,36074271_28
36074271_23,GAS_COST=6/SEED=8/36074271_23,6.0,8,0.03,inventory,50,15,100,1005,1000,CDM,-3.5332405774848956,20.22283671871244,0.0,-42.564194855707065,21.305338060385107,-57.33032480336446,-77.99773849329829,-1.0522042362743265,1.7037533008744603,0.46,4.2678271449391627e-08,0.0024290708815623142,-3.5332405774848956,1.0006959999999998,0.02199844503595652,0.004438421340972474,-8.544493999999998,96.9485334698569,150.83700636342516,-14.384,0.16404877323527906,0.7397368901620812,1.048,0.048,0.0048,1000,8.650402256170642,11.894121354617225,0.288,-0.0015214790383123525,36074271_28
