run_id,run_dir,gas_cost,train_seed,volatility,reward_kind,inventory_phi,tau,decision_stride,eval_seed,n_eval,agent,mean_pnl,std_pnl,median_pnl,p5_pnl,p95_pnl,cvar5_pnl,cvar1_pnl,skew_pnl,kurt_pnl,profitable_frac,p_ttest,p_wilcoxon,mean_utility,mean_spread,spread_std_within,spread_std_between,mean_center,center_std_within,center_std_between,deploy_mean_center,deploy_center_std_within,deploy_center_std_between,deploys_per_ep,rebalances_per_ep,rebalance_rate_pct,decisions_per_ep,attrib_fees,attrib_il,attrib_gas,attrib_hodl
36073252_24,GAS_COST=2/SEED=10/36073252_24,2.0,10,0.01,inventory,0,15,100,1005,1000,PPO,41.943833881852264,17.673052466640982,41.93800670169935,14.3632928915219,71.25447258274627,5.978117931638176,-5.797958507649594,0.018311084804012934,0.03644494341389137,0.989,0.0,6.043515231770347e-165,41.943833881852264,5.172,2.482195662605522,1.1590582383987442,0.5457000000000001,26.567821286395628,9.74438974538683,-0.10866547619047617,3.3000331524379836,1.5285947423972366,7.272,6.272,62.720000000000006,10,67.18219563694697,12.501299475380234,12.544,-0.19306227971446974
36073252_24,GAS_COST=2/SEED=10/36073252_24,2.0,10,0.01,inventory,0,15,100,1005,1000,PPO_narrow,49.39308311171882,20.65546061660114,48.556312575256584,14.858831879072358,84.03603766998428,8.85894258182753,-3.0129920940070294,0.12623888242724804,-0.07962294125178282,0.994,0.0,4.641001901494176e-165,49.39308311171882,2.0,0.0,0.0,0.733,26.649209491031435,9.820970980509005,-0.01962261904761905,2.3413459321099244,1.013118813368453,8.543,7.543,75.43,10,78.61141262836331,13.660554274505227,15.086,-0.47177524213926697
36073252_25,GAS_COST=2/SEED=10/36073252_25,2.0,10,0.01,inventory,50,15,100,1005,1000,PPO,32.10062919464462,14.515905543213767,31.618371992810467,9.027435012670201,56.725773218737984,4.5498734855768,-1.0735826880693367,0.26203563709216726,0.04486634299900771,0.995,0.0,4.1907678880314294e-165,14.32178834945734,10.6015,4.630708290694991,3.313183929394805,-5.20905,27.325967483096072,10.336535473624613,-2.668295833333333,4.2598517685010755,2.2026333045086566,6.08,5.08,50.8,10,52.81957845875595,10.501373916929612,10.16,-0.057575347181706774
36073252_25,GAS_COST=2/SEED=10/36073252_25,2.0,10,0.01,inventory,50,15,100,1005,1000,PPO_narrow,46.762859115470576,19.791377066562283,44.93392323454634,15.89316149977588,81.87687078816367,9.46102317081221,0.04512417900525634,0.20886310142120437,-0.16247633716715448,0.996,0.0,4.0425041743249477e-165,24.2482359737816,2.0,0.0,0.0,-2.5334000000000008,27.02532407223006,10.206064101307614,-0.4763253968253969,2.1538104107963765,1.0111912308779107,7.563,6.563,65.63,10,73.12794758210353,12.853008149338415,13.126,-0.38608031729453535
36073252_26,GAS_COST=2/SEED=10/36073252_26,2.0,10,0.02,inventory,0,15,100,1005,1000,PPO,8.988583321319547,18.466523227393232,10.087564018733588,-21.46959302404426,37.089635771664696,-32.44486261934664,-50.618943176699226,-0.3622961660902281,0.43305077551953186,0.698,4.2999394196959447e-48,6.592243931900077e-47,8.988583321319547,15.8165,3.9972486180065383,2.8356758894485807,6.784350000000001,57.94649487949883,32.19278502362758,0.687864880952381,2.9680496162236194,2.0910902510260416,4.413,3.413,34.129999999999995,10,33.296800762144805,16.968088265047918,6.826,-0.5141291757773367
36073252_26,GAS_COST=2/SEED=10/36073252_26,2.0,10,0.02,inventory,0,15,100,1005,1000,PPO_narrow,17.435333651618276,20.111284022123698,17.49482473364344,-16.16796005876743,51.69029457929876,-26.02919774289774,-40.82566042298576,-0.026239742821425018,0.48760583810306724,0.824,9.788158010467183e-124,1.0096091545875597e-102,17.435333651618276,2.0,0.0,0.0,6.693,59.66498253688447,35.84378204096214,0.16290317460317463,1.0564349417219727,0.6834806546371964,5.066,4.066,40.66,10,45.62342616074637,19.81061611693203,8.132,-0.24547639219605594
36073252_27,GAS_COST=2/SEED=10/36073252_27,2.0,10,0.02,inventory,50,15,100,1005,1000,PPO,1.3786080985825178,4.474836612030051,0.0,-4.600466343217687,9.815567731370464,-9.688572217065321,-16.643673914510735,-0.01599873357919116,3.8444290168821764,0.406,1.8131471119035317e-21,4.987807818917809e-28,0.08242029793704497,10.93402555910543,0.6332862872622366,7.97652959437585,-15.582774227902025,9.01753994870303,48.802572165889885,-2.707667731629393,0.2968505225634923,4.065459429784134,0.695,0.069,0.6900000000000001,10,3.0114949869031,1.469370216475507,0.138,-0.025516671845075303
36073252_27,GAS_COST=2/SEED=10/36073252_27,2.0,10,0.02,inventory,50,15,100,1005,1000,PPO_narrow,3.155404939297006,6.393412462861319,1.2976549707448726,-5.121593752410353,14.821699277863898,-9.615091914777368,-16.18153109020824,0.9523684316176845,3.3899293449813195,0.562,2.913844686776787e-49,6.883023329559963e-54,1.355226554177194,2.0,0.0,0.0,-11.472744814278823,8.808468881935973,48.066579505133994,0.8646888567293777,0.08755426917510854,0.4494705167721937,0.798,0.107,1.0699999999999998,10,5.797355450561125,2.3868567809886714,0.214,-0.04109373027544711
36073252_28,GAS_COST=2/SEED=10/36073252_28,2.0,10,0.03,inventory,0,15,100,1005,1000,PPO,-0.6141006990109222,16.491596708326078,2.2599783959079787,-33.1123284941434,21.32184285718979,-45.99908943413741,-64.76639884547379,-1.210898713030245,2.76054145210891,0.575,0.2394940572725656,0.01614667847470246,-0.6141006990109222,14.050660792951541,0.0,7.2537146494285984,0.6708831550241241,71.95112769230622,132.70577511397062,-2.1123348017621146,0.0,5.355638661617386,0.908,0.0,0.0,10,8.06310614618805,8.222054137500953,0.0,-0.4551527076980185
36073252_28,GAS_COST=2/SEED=10/36073252_28,2.0,10,0.03,inventory,0,15,100,1005,1000,PPO_narrow,1.2869115424303899,13.46429247384014,2.881242485058692,-24.97755809003138,19.001438441834072,-34.4784212931771,-49.96600006234462,-0.8711183435808975,2.273523342040887,0.582,0.0025837121989121647,1.2506242325065999e-08,1.2869115424303899,2.0,0.0,0.0,14.587246014379494,44.94414267576845,86.66280232347314,0.2086068563092633,0.25851452524573304,1.0360644031293214,1.014,0.1,1.0,10,8.139817831812044,6.658265819012316,0.2,0.005359529630661612
36073252_29,GAS_COST=2/SEED=10/36073252_29,2.0,10,0.03,inventory,50,15,100,1005,1000,PPO,0.009740918766413188,0.26462046690885555,0.0,0.0,0.0,0.0,0.0,30.240521086646815,932.7035867513542,0.002,0.24491228450607958,0.17971249487899976,0.00949759317090784,14.0,0.0,0.0,-49.5,0.0,0.5,3.0,0.0,0.0,0.002,0.0,0.0,10,0.010791649975115662,0.0010507312087024746,0.0,0.0
36073252_29,GAS_COST=2/SEED=10/36073252_29,2.0,10,0.03,inventory,50,15,100,1005,1000,PPO_narrow,0.0,0.0,0.0,0.0,0.0,0.0,0.0,,,0.0,,,0.0,,,,,,,,,,0.0,0.0,0.0,10,0.0,0.0,0.0,0.0
36160714_0,GAS_COST=2/SEED=12/36160714_0,2.0,12,0.01,inventory,0,15,100,1005,1000,PPO,44.08527093711946,19.282534285091582,43.1259478876359,12.865264193563924,77.32967091795058,6.582069921344887,-3.580912445730553,0.1592517493327919,-0.09598172986593445,0.993,0.0,5.691542740679955e-165,44.08527093711946,3.5231000000000003,2.167009556966707,1.345346197080885,0.65565,26.644037219254532,9.871782036567662,0.1195563492063492,2.9113877625744586,1.379865036677071,7.022,6.022,60.220000000000006,10,68.94399850564304,12.451178116740895,12.044,-0.36354945178266873
36160714_0,GAS_COST=2/SEED=12/36160714_0,2.0,12,0.01,inventory,0,15,100,1005,1000,PPO_narrow,50.344052900272075,21.203002320202067,48.65849513549017,17.647847707864685,84.81317546854653,9.477705994473038,-1.4532216895758097,0.15220345277290517,-0.2971180053234517,0.996,0.0,4.030387925371733e-165,50.344052900272075,2.0,0.0,0.0,0.5955,26.570730395382938,9.753047203310357,0.02875515873015874,2.241526064490621,0.9256025614837284,8.671,7.671,76.71000000000001,10,79.89386309484203,13.736311191822988,15.342,-0.4714990027469609
36160714_1,GAS_COST=2/SEED=12/36160714_1,2.0,12,0.01,inventory,50,15,100,1005,1000,PPO,28.139869298560505,14.056509727982068,27.657015358023273,5.663263382936168,51.55979652898875,1.559332755399346,-2.8426002983994634,0.2421568802618165,-0.09920957963625598,0.991,0.0,7.300688778501109e-165,12.881414686709261,13.743400000000001,3.0789777798665,2.415635825202135,-8.781,28.272466188188115,11.71287983375566,-3.0608069444444443,3.869075930628368,2.263613108897465,5.062,4.062,40.620000000000005,10,45.54431484761969,9.073571495381008,8.124,-0.20687405367816916
36160714_1,GAS_COST=2/SEED=12/36160714_1,2.0,12,0.01,inventory,50,15,100,1005,1000,PPO_narrow,44.8917229243929,19.09030419213341,43.99995565603467,16.06638704303819,77.97141288722172,9.252666828327929,-2.0316754443473544,0.2669814426664795,0.028809729431106046,0.996,0.0,4.3314418293435134e-165,23.30188948304998,2.0,0.0,0.0,-3.4701999999999997,27.07308093324484,10.856014552311544,-0.6806960317460319,2.4019400078060236,1.1568494620564476,7.251,6.251,62.510000000000005,10,70.1479644426133,12.460069719167095,12.502,-0.29417179905331425
36160714_2,GAS_COST=2/SEED=12/36160714_2,2.0,12,0.02,inventory,0,15,100,1005,1000,PPO,8.061382983791752,17.165889884130344,9.578684403869829,-20.963529149203907,32.97903938867121,-31.446308409228887,-50.29596093895162,-0.4697914596269567,0.6868633359245697,0.695,3.45927572396597e-45,1.1703582955219516e-45,8.061382983791752,19.4294,6.48435700876651,4.409085578665944,0.8394000000000003,59.74332062317662,35.701981914734084,-0.9418416666666667,2.867215833915593,1.6830173839644302,4.461,3.461,34.61,10,32.0970998422828,16.70848028569387,6.922,-0.405236572797182
36160714_2,GAS_COST=2/SEED=12/36160714_2,2.0,12,0.02,inventory,0,15,100,1005,1000,PPO_narrow,18.111102931962215,20.041545252106122,18.198652637380178,-14.81192497863538,51.31609752324017,-25.088258678091798,-41.77092084299655,-0.002751255627957202,0.5924556074294176,0.831,1.177792262166588e-131,1.1939139157879374e-108,18.111102931962215,2.0,0.0,0.0,2.8898999999999995,58.38162961567415,35.477510735534985,0.17442619047619046,0.9057131056048032,0.5896741936168327,5.174,4.174,41.74,10,46.87525138693364,20.099670419886685,8.348,-0.3164780350847428
36160714_3,GAS_COST=2/SEED=12/36160714_3,2.0,12,0.02,inventory,50,15,100,1005,1000,PPO,1.7017005243938237,4.932559043596752,0.7510646918528323,-6.756400607177124,9.889673675351752,-11.13951195112774,-17.104535038616223,-0.35079131152139337,2.861369314672113,0.531,3.0937651679464074e-26,9.270653719431055e-34,-0.06947984260027434,20.084051724137932,0.9619252873563219,5.173266961485352,-11.593031609195402,9.789870689655173,48.80445917337777,1.9572557471264367,0.5147270114942529,2.682536075556557,0.83,0.134,1.34,10,4.006474240485553,1.9584471051599535,0.268,-0.07832661093177594
36160714_3,GAS_COST=2/SEED=12/36160714_3,2.0,12,0.02,inventory,50,15,100,1005,1000,PPO_narrow,3.287825001671942,6.786159505094629,1.7692177650131953,-5.508979563058654,15.693678611977603,-11.082693132489881,-18.48824742389029,0.6969128713443875,3.1975164057855032,0.592,1.0481995593892118e-47,4.000518761605893e-53,1.2638959642004761,1.996565934065934,0.003434065934065934,0.04129455361416872,-9.428228021978022,9.141826923076923,47.47786228509337,0.7723214285714286,0.3293269230769231,1.5495811099984065,0.866,0.138,1.3800000000000001,10,6.161506548522151,2.5940031506607437,0.276,-0.0036783961894657794
36160714_4,GAS_COST=2/SEED=12/36160714_4,2.0,12,0.03,inventory,0,15,100,1005,1000,PPO,0.0043507527736911696,12.765540368586667,1.7062098030810944,-26.03477565406933,15.641176782011543,-37.189081271820775,-54.49252977772729,-1.4289310782550704,4.056153363307786,0.535,0.9914072749005033,0.00010259822106953019,0.0043507527736911696,18.76078914919852,0.0,5.231224791331456,8.23251766386785,49.83403651577175,106.45364328806451,2.660295930949445,0.0,1.862790797390207,0.811,0.0,0.0,10,5.735878876143783,6.031707686915886,0.0,0.30017956354579384
36160714_4,GAS_COST=2/SEED=12/36160714_4,2.0,12,0.03,inventory,0,15,100,1005,1000,PPO_narrow,0.7555659336109332,10.783442401646623,0.0,-21.690652087911854,16.303341727810142,-29.904874530965788,-41.15365167757843,-0.9873471526946058,3.270807958912685,0.456,0.02701174325067709,1.0846653221061906e-06,0.7555659336109332,2.0,0.0,0.0,10.102833813640729,42.76277788449989,91.36596306429932,1.271613832853026,0.002161383285302594,3.7229428864275045,0.695,0.001,0.01,10,5.327293269225285,4.933611130296899,0.002,0.36388379468254617
36160714_5,GAS_COST=2/SEED=12/36160714_5,2.0,12,0.03,inventory,50,15,100,1005,1000,PPO,-0.23618448991300636,4.074620344459323,0.0,0.0,0.0,-10.194618332693691,-28.041957855068905,-3.261466427006322,65.5181231934354,0.03,0.0672354861105531,0.07013759573603273,-0.8061989592211007,18.16161616161616,0.07142492739258058,8.202045081317692,80.76926406926407,18.56538631848724,75.01747790316313,0.6893939393939394,0.08333333333333333,3.9194205194707186,0.067,0.001,0.01,10,0.14974464591255346,0.4484607453024685,0.002,0.06453160947690864
36160714_5,GAS_COST=2/SEED=12/36160714_5,2.0,12,0.03,inventory,50,15,100,1005,1000,PPO_narrow,0.0,0.0,0.0,0.0,0.0,0.0,0.0,,,0.0,,,0.0,,,,,,,,,,0.0,0.0,0.0,10,0.0,0.0,0.0,0.0
36160714_10,GAS_COST=2/SEED=14/36160714_10,2.0,14,0.03,inventory,0,15,100,1005,1000,PPO,-0.5541373204414114,14.031100695979262,2.7028152261403875,-28.795538954032587,16.132072992309112,-37.658654305539415,-52.15988582234902,-1.0728928565564944,1.8952857103955498,0.622,0.2122248048951284,0.0047174521509058195,-0.5541373204414114,23.382209821428567,0.08051594031745919,4.200625561671366,3.191985367063493,56.864598594105146,109.37608100239338,-1.096267361111111,0.09341141466247545,3.0406294297367116,0.99,0.03,0.3,10,7.254290999685809,7.581759103339932,0.06,-0.16666921678728802
36160714_10,GAS_COST=2/SEED=14/36160714_10,2.0,14,0.03,inventory,0,15,100,1005,1000,PPO_narrow,0.3739652311636776,11.874100504010645,0.9548084954424212,-25.218879528474872,17.035373752210358,-30.81248185322417,-39.39211324853378,-0.8756505083347546,1.5639719631193145,0.53,0.3197654054724485,2.3480719750107034e-05,0.3739652311636776,2.0,0.0,0.0,8.647085385878489,44.54186326396845,92.14939195454035,5.423029556650246,0.12007389162561577,5.088555611462752,0.827,0.015,0.15,10,5.868519082880164,5.549681684694041,0.03,0.08512783297755472
36160714_11,GAS_COST=2/SEED=14/36160714_11,2.0,14,0.03,inventory,50,15,100,1005,1000,PPO,0.0,0.0,0.0,0.0,0.0,0.0,0.0,,,0.0,,,0.0,,,,,,,,,,0.0,0.0,0.0,10,0.0,0.0,0.0,0.0
36160714_11,GAS_COST=2/SEED=14/36160714_11,2.0,14,0.03,inventory,50,15,100,1005,1000,PPO_narrow,0.0,0.0,0.0,0.0,0.0,0.0,0.0,,,0.0,,,0.0,,,,,,,,,,0.0,0.0,0.0,10,0.0,0.0,0.0,0.0
36160714_6,GAS_COST=2/SEED=14/36160714_6,2.0,14,0.01,inventory,0,15,100,1005,1000,PPO,42.45041255141046,17.947876161555325,42.23481326777198,13.126887806618681,71.92612989899786,6.198006655398472,-5.1278634368366856,0.07681867604066954,0.009427059391941661,0.992,0.0,5.490264050555738e-165,42.45041255141046,4.043100000000001,2.348630331007763,1.4041482792070072,-0.023550000000000067,26.818573355632836,9.669839083330187,-0.06584087301587302,2.739841534451049,1.263969222418881,6.935,5.935,59.35,10,66.89599487365767,12.307778519805936,11.87,-0.267803802441287
36160714_6,GAS_COST=2/SEED=14/36160714_6,2.0,14,0.01,inventory,0,15,100,1005,1000,PPO_narrow,50.20758331068539,20.768469525232423,49.260028224540065,17.664060703378414,84.6504346136926,9.840357513822601,-2.993686315565719,0.18535139315191765,0.056757698061868034,0.996,0.0,4.613228467302368e-165,50.20758331068539,1.999,0.003000000000000005,0.009949874371066208,0.6720999999999999,26.636872753288248,9.758943415657251,0.03414841269841269,1.8521427674886737,0.7925521871583527,8.624,7.624,76.24,10,79.71812043930755,13.887861481722215,15.248,-0.3746756468999461
36160714_7,GAS_COST=2/SEED=14/36160714_7,2.0,14,0.01,inventory,50,15,100,1005,1000,PPO,28.70387621603129,14.766398552256266,27.54590322030424,6.990007118904913,54.542276679309396,1.7594136865219208,-6.145055225034457,0.47956139722544977,0.5115615598341745,0.986,0.0,1.2905188056712823e-164,12.116419555813279,13.3391,6.4900356778948405,3.3053685407228044,-6.031350000000001,27.345997197356468,10.39590687133643,-3.331426190476191,4.229483803250756,1.7440307420298675,5.872,4.872,48.72,10,48.30060377847993,9.681820893207558,9.744,-0.17090666924108514
36160714_7,GAS_COST=2/SEED=14/36160714_7,2.0,14,0.01,inventory,50,15,100,1005,1000,PPO_narrow,46.62110647383453,19.69873345909244,45.282098404807584,16.490830929839063,81.54387550540478,9.456189675121037,-1.351528927346601,0.22957789181546315,-0.15163177234372638,0.996,0.0,4.2160011735663175e-165,23.935805093301493,1.9841000000000002,0.03402062916156472,0.05636656810557123,-2.31155,27.027443012874276,10.030064511133515,-0.7231392857142858,2.3569039646232244,1.0617807689564467,7.656,6.656,66.56,10,73.29556617890927,13.046854491908597,13.312,-0.3156052131661586
36160714_8,GAS_COST=2/SEED=14/36160714_8,2.0,14,0.02,inventory,0,15,100,1005,1000,PPO,8.668446055527722,17.602506267297745,9.110318316629218,-21.5807488526466,36.13016845135404,-30.704207968943575,-46.840054065897974,-0.2796140299699643,0.47075182321079057,0.704,4.48632695897628e-49,5.428688140660331e-48,8.668446055527722,17.6685,5.476520536927544,3.272646902737905,2.74905,57.87206571187065,33.522813449910494,-0.40600714285714284,2.8146761065642787,1.8897082578454971,4.339,3.339,33.39,10,32.82303999232936,17.2534604384856,6.678,-0.223133498316045
36160714_8,GAS_COST=2/SEED=14/36160714_8,2.0,14,0.02,inventory,0,15,100,1005,1000,PPO_narrow,16.692760186451135,19.570119252477724,17.616197524182894,-16.541333156675982,47.49699258824773,-26.7616988059612,-42.53285374080194,-0.18102279887424458,0.581895662735147,0.816,9.800930520885588e-121,2.119244022817072e-100,16.692760186451135,1.9995999999999998,0.0012000000000000018,0.006311893535223807,-1.0305,58.76032974900733,34.29549416104104,-0.13271170634920634,1.5495828987689906,1.1393636528636628,5.348,4.348,43.480000000000004,10,45.586943071974076,19.97401898624003,8.696,-0.22416389928292144
36160714_9,GAS_COST=2/SEED=14/36160714_9,2.0,14,0.02,inventory,50,15,100,1005,1000,PPO,1.4568703614301923,4.088211618136386,0.0,-4.651366340855628,8.341289822868855,-8.852984225078398,-14.084390855644404,-0.06537972139625363,3.147572779404528,0.454,8.677319544082648e-28,1.7301257377252246e-33,0.3010597175657168,22.13860544217687,0.041666666666666664,5.036339653242971,-7.89328231292517,3.0795068027210886,46.449770635790856,-0.3244047619047619,0.1441326530612245,1.321947962061704,0.618,0.03,0.3,10,2.877390730353804,1.3325983020646879,0.06,-0.027922066858923837
36160714_9,GAS_COST=2/SEED=14/36160714_9,2.0,14,0.02,inventory,50,15,100,1005,1000,PPO_narrow,3.2391186981226356,6.521892114839561,1.2717062165208404,-4.9999408626528,15.881291601996226,-9.977817785576688,-16.9455727305746,0.9047142515791055,3.1527220559767963,0.546,8.41824280486494e-50,9.157806409472272e-54,1.3836808747588552,2.0,0.0,0.0,-11.133748055987558,11.302344723813443,48.749769228458966,0.9170554691550026,0.0784936306699705,0.19394970889157281,0.776,0.133,1.33,10,5.753815685768779,2.238210771609286,0.266,-0.01048621603685692
36160714_12,GAS_COST=2/SEED=16/36160714_12,2.0,16,0.01,inventory,0,15,100,1005,1000,PPO,43.15397126838901,17.345353382138992,43.265213742534115,14.705669244864868,72.27426686665189,7.990626901767773,-3.299798683315976,-0.00682936082382888,-0.06008695136145725,0.995,0.0,4.725328121097022e-165,43.15397126838901,4.665,2.7368795411956737,1.5312070402137001,0.3051,26.639753581014542,9.856659119093042,-0.1771660714285714,2.6285070283171965,1.2093655905678897,7.316,6.316,63.160000000000004,10,68.7673095185791,12.660032895519242,12.632,-0.3213053546708533
36160714_12,GAS_COST=2/SEED=16/36160714_12,2.0,16,0.01,inventory,0,15,100,1005,1000,PPO_narrow,49.85162356111717,20.49925373334218,49.05741374336753,18.332777660225116,84.17178747525273,9.632688764050744,-2.7640265196284077,0.11157394266654788,-0.12373416311578289,0.995,0.0,4.517322106650724e-165,49.85162356111717,2.0,0.0,0.0,0.1919,26.532363960967114,9.718897282613908,-0.1952575396825397,2.0705780148475585,0.9092476294547206,8.761,7.761,77.61,10,79.78099435316558,14.068379072349876,15.522,-0.33899171969854724
36160714_13,GAS_COST=2/SEED=16/36160714_13,2.0,16,0.01,inventory,50,15,100,1005,1000,PPO,31.705372963141954,14.677823250913946,31.279796249847664,8.16625539779198,56.05380006164075,1.4272358662568216,-5.192691730796582,0.10743122586756072,0.15017482473331922,0.981,0.0,1.1724923615747042e-164,13.793206115452314,11.8536,4.875206779665123,3.36454261973303,-4.7676,27.21768234910516,10.123428531875948,-2.119618650793651,3.91077057510528,1.821509242268906,6.282,5.282,52.82000000000001,10,52.82915951949836,10.393934752356554,10.564,-0.16585180399984892
36160714_13,GAS_COST=2/SEED=16/36160714_13,2.0,16,0.01,inventory,50,15,100,1005,1000,PPO_narrow,46.83785764098819,19.316060446846542,45.861113261043215,16.766401576109526,78.90259113483464,9.746822556913164,0.11154511685067518,0.18154774251371247,-0.16677297475526576,0.996,0.0,3.841387285589504e-165,23.86339086231262,2.0,0.0,0.0,-2.024,26.804534449234346,10.197283167589296,-0.4581611111111111,2.3214510736326854,1.0775391593365078,7.85,6.85,68.5,10,74.01677289058466,13.17731061564033,13.7,-0.30160463395612924
36160714_14,GAS_COST=2/SEED=16/36160714_14,2.0,16,0.02,inventory,0,15,100,1005,1000,PPO,8.873010308294608,17.63739677575306,9.478163908025579,-20.78735928027624,36.89557191360168,-30.789218132136703,-46.88172765708043,-0.3443640044106898,0.3907077588227832,0.714,6.393880543550071e-51,2.116109172448186e-49,8.873010308294608,16.8807,6.032419849211198,3.9403346951750176,5.13305,61.52396272486137,38.92248906734383,0.11181130952380951,2.5508786575743545,1.8807095921847423,4.063,3.063,30.630000000000003,10,31.460942953840885,16.219692562526543,6.126,-0.24224008301973526
36160714_14,GAS_COST=2/SEED=16/36160714_14,2.0,16,0.02,inventory,0,15,100,1005,1000,PPO_narrow,18.606378758408898,20.200667643628762,18.8365482472513,-14.814560553752278,51.60187882672948,-25.101926847888887,-40.92368557549891,-0.020580458105841016,0.547420880367885,0.837,2.032266517427154e-135,4.246544649498383e-110,18.606378758408898,2.0,0.0,0.0,3.2075,59.65699143096537,37.524408772824124,0.023852777777777782,1.031497898850189,0.6571568639139441,5.474,4.474,44.74,10,48.2757867525645,20.49689434010712,8.948,-0.22451365404848203
36160714_15,GAS_COST=2/SEED=16/36160714_15,2.0,16,0.02,inventory,50,15,100,1005,1000,PPO,1.4409706091898564,3.829941725014027,0.0,-4.320529911150066,8.408206273983557,-8.35414935861502,-13.434875969217718,-0.32052842013110516,2.701158503559019,0.481,1.3570821624025647e-30,1.0623687455674415e-36,0.3879800101816596,22.745874587458747,0.0,6.06331618118209,-8.025577557755776,0.05693069306930693,45.767237434175506,0.6320132013201321,0.0,2.4233936001153116,0.606,0.0,0.0,10,2.8031664572040453,1.362195848014189,0.0,0.0
36160714_15,GAS_COST=2/SEED=16/36160714_15,2.0,16,0.02,inventory,50,15,100,1005,1000,PPO_narrow,2.8667944555626965,6.433683112843838,1.036337552286227,-5.843107862656927,14.821699277863898,-10.289593483995532,-16.931929067406678,0.9159483032237294,3.5170964923447157,0.542,3.1711006419163443e-41,3.983426618730581e-45,1.1145907031947284,2.0,0.0,0.0,-8.188512518409425,6.594992636229749,46.78498541919188,0.7150220913107511,0.38217967599410896,1.4210218349753208,0.774,0.095,0.95,10,5.298044665317935,2.2500261882770225,0.19,0.008775978521784552
36160714_16,GAS_COST=2/SEED=16/36160714_16,2.0,16,0.03,inventory,0,15,100,1005,1000,PPO,-1.0545645472525436,18.157525286294703,4.385842183166005,-36.82552099070993,21.976269953707718,-48.477567890918095,-62.47577269489589,-0.9957167636112992,1.015659589495984,0.607,0.06670067235922948,0.12379988518258607,-1.0545645472525436,10.582523713710836,0.2822582926347015,3.3742817639980833,21.73181549615151,73.43266985974684,127.85426927025301,2.7516767270288396,0.5447519207949669,4.970324409092677,1.168,0.174,1.7399999999999998,10,9.143219128999815,9.027552016150155,0.348,-0.8222316601022038
36160714_16,GAS_COST=2/SEED=16/36160714_16,2.0,16,0.03,inventory,0,15,100,1005,1000,PPO_narrow,1.524115801009295,13.895847136409897,3.7219101682020437,-25.223046724850793,20.312087900439305,-34.6240207695198,-48.00965710882546,-0.7439610306612423,2.310233001769089,0.602,0.0005493288110336006,5.913107160633785e-10,1.524115801009295,2.0,0.0,0.0,2.5389941953048756,52.801418216186306,101.66333840299653,-0.156957928802589,0.019956850053937433,1.6215287782203525,0.936,0.009,0.09,10,8.24116542828053,6.970883796649933,0.018,0.2718341693786969
36160714_17,GAS_COST=2/SEED=16/36160714_17,2.0,16,0.03,inventory,50,15,100,1005,1000,PPO,0.0,0.0,0.0,0.0,0.0,0.0,0.0,,,0.0,,,0.0,,,,,,,,,,0.0,0.0,0.0,10,0.0,0.0,0.0,0.0
36160714_17,GAS_COST=2/SEED=16/36160714_17,2.0,16,0.03,inventory,50,15,100,1005,1000,PPO_narrow,0.0,0.0,0.0,0.0,0.0,0.0,0.0,,,0.0,,,0.0,,,,,,,,,,0.0,0.0,0.0,10,0.0,0.0,0.0,0.0
36160714_18,GAS_COST=2/SEED=18/36160714_18,2.0,18,0.01,inventory,0,15,100,1005,1000,PPO,42.51386800343147,17.712376617602548,42.16285026310754,13.721590447369646,72.04205964504321,6.62964554549706,-4.329846057619932,0.017603264687106296,-0.08027847015805101,0.992,0.0,5.312009820967889e-165,42.51386800343147,4.1265,2.554078767204971,1.7672656138792493,0.5086499999999999,26.635300816576127,9.781927349837556,-0.13738492063492064,3.450509607876414,1.541000905863257,7.089,6.089,60.89000000000001,10,67.36162282542767,12.4073404616439,12.178,-0.26241436035232035
36160714_18,GAS_COST=2/SEED=18/36160714_18,2.0,18,0.01,inventory,0,15,100,1005,1000,PPO_narrow,49.376020874754246,20.726855173334208,48.795624305300635,16.09708617744958,85.2103287415132,8.925382143244105,-3.9529176574730287,0.1007016683583417,-0.21780324535577789,0.993,0.0,4.682975459789221e-165,49.376020874754246,1.9858000000000002,0.03643303027798238,0.043570173284025404,0.8613,26.48020976222669,9.759990128581073,0.1321470238095238,2.5624697572279267,1.1593703262362849,8.283,7.283,72.83000000000001,10,77.88719101763337,13.520011078815418,14.566,-0.4251590640637196
36160714_19,GAS_COST=2/SEED=18/36160714_19,2.0,18,0.01,inventory,50,15,100,1005,1000,PPO,29.753183113856906,13.8211504790194,29.582127315147318,8.297048765815441,52.67830474142433,2.59109867986979,-5.084023476090147,0.182763212368234,0.11270636224135488,0.987,0.0,8.405825514655476e-165,12.588118896511707,14.518,5.268478981979328,3.1660789630077137,-5.6564,27.322318900205808,11.427204559296207,-2.75635376984127,4.201065468994686,2.0909761545918766,5.452,4.452,44.519999999999996,10,48.407961539679306,9.638234236630982,8.904,-0.11254418919141773
36160714_19,GAS_COST=2/SEED=18/36160714_19,2.0,18,0.01,inventory,50,15,100,1005,1000,PPO_narrow,46.35663011798492,19.65357946882812,44.61625849251277,16.60126720196945,80.76033642414822,10.204739778740768,-2.2193260272493944,0.24796156606476455,-0.17834070331933738,0.994,0.0,3.899479111462461e-165,23.59469305417916,2.0,0.0,0.0,-2.537,27.210754792211322,10.618691586066525,-0.5125551587301589,2.2153032641162627,1.0292924963608965,7.478,6.478,64.78,10,72.37860041150503,12.712286516878864,12.956,-0.3536837766412612
36160714_20,GAS_COST=2/SEED=18/36160714_20,2.0,18,0.02,inventory,0,15,100,1005,1000,PPO,9.597595680748404,17.670619472474367,10.564021248972267,-18.5100395360341,36.60443133757129,-30.431723470325178,-49.15291897763369,-0.3344334947260668,0.7280789932385665,0.716,4.396838984729734e-58,3.62323258697966e-56,9.597595680748404,12.1305,4.483028739011177,3.118489979140546,1.97775,59.38777351506728,34.311986935144105,0.43334880952380955,2.9276901137158413,1.9099354807737714,4.271,3.271,32.709999999999994,10,33.17237116789382,16.63395505617401,6.542,-0.3988204309714022
36160714_20,GAS_COST=2/SEED=18/36160714_20,2.0,18,0.02,inventory,0,15,100,1005,1000,PPO_narrow,18.30163611096382,20.101262593156157,18.595407053344616,-14.547726947552245,51.55039728306925,-25.196326559413066,-41.845407886488054,-0.028979732529094956,0.6215001225270109,0.829,4.003639976927303e-133,3.1796086661133107e-109,18.30163611096382,1.9995999999999998,0.0010000000000000007,0.007735631842325486,1.8135999999999999,58.82349661751367,34.81974253264949,0.05085873015873016,0.9707437022540455,0.6883026502982967,5.479,4.479,44.790000000000006,10,47.91379885998641,20.053666349668575,8.958,-0.600496399354002
36160714_21,GAS_COST=2/SEED=18/36160714_21,2.0,18,0.02,inventory,50,15,100,1005,1000,PPO,1.355150849934853,3.8853912366904964,0.16800954802488377,-4.939356373655568,7.8864762205538765,-8.980635800261929,-14.076563672630447,-0.5370760530345324,2.7679572350004076,0.511,9.495541846661171e-27,2.2759143029586983e-35,0.23242625352831897,25.439393939393938,0.11515151515151516,3.5436831886868005,-10.457575757575757,2.371969696969697,47.08393033337595,-1.2878787878787878,0.05757575757575758,1.9564106087823452,0.683,0.023,0.22999999999999998,10,2.8937181104394214,1.5028223793582987,0.046,0.010255118853730434
36160714_21,GAS_COST=2/SEED=18/36160714_21,2.0,18,0.02,inventory,50,15,100,1005,1000,PPO_narrow,2.9214286833823766,6.53494943508792,1.1232831757238841,-5.850155116399532,14.795691647845507,-10.494289095576084,-17.588553076173014,0.9275801032805823,3.726331725017758,0.555,1.8409289057469227e-41,1.9205338438353236e-47,1.01418658607398,2.0,0.0,0.0,-12.91029207232267,11.024589436875543,46.950759830270854,-0.327538247566064,1.256606397774687,2.8757570794193628,0.881,0.162,1.6199999999999999,10,5.836319206860246,2.57594458710817,0.324,-0.014945936369699118
36160714_22,GAS_COST=2/SEED=18/36160714_22,2.0,18,0.03,inventory,0,15,100,1005,1000,PPO,-0.2524770351772771,13.288180792954142,2.048484679584874,-25.592017531579778,15.76288165255515,-36.68589729495752,-52.26321959302339,-1.1891923388893837,2.377373098381665,0.578,0.5482852402527475,0.004058354901586893,-0.2524770351772771,14.148276643990929,0.24856798669386826,4.60631827058225,7.938572688334593,49.480046008194066,92.74863417172267,-3.3053791887125223,0.12388650016491863,4.376201155707597,1.023,0.078,0.78,10,7.185565286588029,7.235628511624328,0.156,-0.04641381014097852
36160714_22,GAS_COST=2/SEED=18/36160714_22,2.0,18,0.03,inventory,0,15,100,1005,1000,PPO_narrow,0.3206587327106635,12.099087961931176,0.7708847840883095,-24.045305913899544,17.13689862709775,-32.96341739640939,-46.21308866715607,-1.0049810238229293,2.5424340754122214,0.514,0.40241618504424886,0.0001745701920367244,0.3206587327106635,2.0,0.0,0.0,10.385807269653423,37.19369116128071,81.9253604940354,0.21001972386587772,0.20707113142708533,5.398894577203581,0.936,0.091,0.9099999999999999,10,5.963522821714107,5.319277611394718,0.182,-0.1415864776087261
36160714_23,GAS_COST=2/SEED=18/36160714_23,2.0,18,0.03,inventory,50,15,100,1005,1000,PPO,-0.005265773756699559,0.5173610124906466,0.0,0.0,0.0,-0.49304689798851087,-2.4652344899425542,-4.543262897603726,170.65509170164037,0.004,0.7477471743143181,0.6744240722352938,-0.026887850174451305,26.5,0.0,0.5,18.875,0.0,50.736913337332616,1.75,0.0,0.25,0.008,0.0,0.0,10,0.030522902611287404,0.03578867636798696,0.0,0.0
36160714_23,GAS_COST=2/SEED=18/36160714_23,2.0,18,0.03,inventory,50,15,100,1005,1000,PPO_narrow,0.0,0.0,0.0,0.0,0.0,0.0,0.0,,,0.0,,,0.0,,,,,,,,,,0.0,0.0,0.0,10,0.0,0.0,0.0,0.0
36073252_0,GAS_COST=2/SEED=2/36073252_0,2.0,2,0.01,inventory,0,15,100,1005,1000,PPO,40.44392803361032,17.930700808899914,39.7320458907501,11.92226999263183,71.06842380515971,5.136346575271159,-4.275334261932381,0.16913106348821544,-0.10392324147475263,0.989,0.0,5.232907307531381e-165,40.44392803361032,6.5554,3.3642960837777665,1.421601505345292,0.147,26.668817175384984,9.608268626552862,-0.11900873015873016,3.220800705034262,1.3562423740223304,7.208,6.208,62.080000000000005,10,65.35932749605615,12.145397441253925,12.416,-0.3540020211919109
36073252_0,GAS_COST=2/SEED=2/36073252_0,2.0,2,0.01,inventory,0,15,100,1005,1000,PPO_narrow,50.33499031964307,21.347091879487703,49.94966492926949,17.205741961025154,85.432358414809,7.805991185075436,-6.7064134219984455,0.09738813068861739,0.0997939396412586,0.993,0.0,6.814007759452127e-165,50.33499031964307,1.9994,0.0016000000000000016,0.008924124606929245,0.6587000000000001,26.552249421646025,9.72066943733815,-0.12034781746031746,1.7449356140795598,0.7105088425778767,8.767,7.767,77.67,10,80.24360052409054,13.886518592584926,15.534,-0.48809161186253947
36073252_1,GAS_COST=2/SEED=2/36073252_1,2.0,2,0.01,inventory,50,15,100,1005,1000,PPO,32.78232666225576,14.673631239256657,32.394890925154186,9.959720458979712,57.726009749553754,6.057731053410084,0.4287454397419651,0.33126819141914415,-0.022340286486373095,0.997,0.0,3.5105433812339783e-165,14.906436036995704,12.154,5.259895404574635,2.9176538519845017,-4.7707999999999995,27.12098523914982,10.144771183225375,-2.245505952380953,3.770095882756504,1.821201606116006,6.215,5.215,52.15,10,53.791350512391375,10.43517702648293,10.43,-0.14384682365269025
36073252_1,GAS_COST=2/SEED=2/36073252_1,2.0,2,0.01,inventory,50,15,100,1005,1000,PPO_narrow,46.38141578074188,20.11197130238675,45.322818624927095,15.47576238188911,80.5031213786651,8.527971632520178,-1.4033550750658719,0.286951804954538,0.06412850163316808,0.995,0.0,4.517322106650724e-165,23.73462677853557,2.0,0.0,0.0,-2.2312,26.76620855852247,10.113042398803637,-0.40944682539682536,2.733917627930998,1.2468270885965,8.436,7.436,74.36,10,74.77023449413633,13.20291653338257,14.872,-0.31390218001187564
36073252_4,GAS_COST=2/SEED=2/36073252_4,2.0,2,0.03,inventory,0,15,100,1005,1000,PPO,0.13173339020796823,11.514463066317878,0.0,-23.566334518171562,14.928850691100301,-32.82513241875588,-47.76540393753636,-1.3590878520127907,3.702609436783745,0.491,0.7177233852423528,0.00020762618325800134,0.13173339020796823,16.474179964539005,0.23511999571302952,2.770925928938696,4.421534637791287,50.115100710507,97.42731899172993,-0.3612588652482269,0.04901411210230063,1.1444646612651543,0.786,0.034,0.34,10,5.565472010408824,5.346489801012944,0.068,-0.019248819187912717
36073252_4,GAS_COST=2/SEED=2/36073252_4,2.0,2,0.03,inventory,0,15,100,1005,1000,PPO_narrow,1.24407237634683,10.870384590708866,0.9168032917716005,-19.75158821910682,17.867795865969782,-27.907263522278996,-38.62222867249915,-0.8229321508344317,2.047993214758864,0.565,0.0003125995566882852,5.114957104516209e-10,1.24407237634683,2.0,0.0,0.0,2.2412543153049476,32.39968195735894,82.36536654775391,-0.571921749136939,0.0,1.2867184202735573,0.869,0.0,0.0,10,6.3099617022971195,4.945271529045225,0.0,-0.12061779690506504
36073252_5,GAS_COST=2/SEED=2/36073252_5,2.0,2,0.03,inventory,50,15,100,1005,1000,PPO,0.0,0.0,0.0,0.0,0.0,0.0,0.0,,,0.0,,,0.0,,,,,,,,,,0.0,0.0,0.0,10,0.0,0.0,0.0,0.0
36073252_5,GAS_COST=2/SEED=2/36073252_5,2.0,2,0.03,inventory,50,15,100,1005,1000,PPO_narrow,-7.024167807696813e-05,0.00222012599771485,0.0,0.0,0.0,-0.0014048335615393626,-0.007024167807696813,-31.575322658699804,995.0010010010008,0.0,0.3175526601764125,0.31731050786291415,-0.000906861423809957,1.0,0.0,0.0,-38.25,13.75,29.25,-14.5,0.0,0.0,0.002,0.0,0.0,10,0.0029997892749683095,0.0030700309530452777,0.0,0.0
36152394_0,GAS_COST=2/SEED=2/36152394_0,2.0,2,0.02,inventory,0,15,100,1005,1000,PPO,9.685213798212692,18.327235716474842,10.93340729870738,-20.34090468340364,36.636155187299,-31.637153797361588,-48.85529435154881,-0.3207720934501358,0.4788938743607938,0.718,2.0106121792218308e-55,2.413186516843407e-53,9.685213798212692,12.7101,5.4711729127128566,3.627209394286467,6.94945,61.8876993948621,38.144249988661464,0.04993869047619049,1.9565703360959092,1.5540017651559865,3.851,2.851,28.51,10,31.37794675951284,15.588928957467848,5.702,-0.4018040038323013
36152394_0,GAS_COST=2/SEED=2/36152394_0,2.0,2,0.02,inventory,0,15,100,1005,1000,PPO_narrow,16.964065316317722,19.71141097865615,17.53002692016645,-16.908868379143104,49.41616056355673,-26.407793173326283,-40.753185154115286,-0.07730707847089224,0.6026617767489433,0.815,2.234664497462387e-122,1.8336239855366107e-101,16.964065316317722,1.9999,0.00030000000000000046,0.0031606961258558246,3.8846500000000006,59.87371857832883,37.495849328659034,-0.1319384920634921,1.0492528303947544,0.809491660170727,5.061,4.061,40.61,10,44.40541007696911,19.001063095965705,8.122,-0.3182816646856936
36152394_1,GAS_COST=2/SEED=2/36152394_1,2.0,2,0.02,inventory,50,15,100,1005,1000,PPO,1.34465362842575,3.8115295188534866,0.0,-3.7033858767737002,7.980075720130735,-8.405475206362121,-14.443147669494033,-0.5410982216965641,5.665696085325747,0.484,2.6944631628776114e-27,2.1904980934359807e-38,0.4101892416403585,21.633994490358123,0.15364477645238078,2.438400988192192,-16.47953168044077,4.394771889793165,46.616758714836436,-2.3701790633608817,0.12618552345211195,2.093761710235776,0.648,0.043,0.43,10,2.8948468052626906,1.4310946428250726,0.086,-0.03309853401186807
36152394_1,GAS_COST=2/SEED=2/36152394_1,2.0,2,0.02,inventory,50,15,100,1005,1000,PPO_narrow,3.2632154832346516,6.788556003535221,1.3722487933272873,-5.581168374556807,16.400481946084476,-10.333814574969944,-16.876565806514396,0.9789369645383984,3.212843366347638,0.586,4.654515755042018e-47,3.1677054319830655e-53,1.234680384784271,2.0,0.0,0.0,-10.950617283950617,10.12482853223594,50.29872658479965,0.9499314128943759,0.03909465020576132,0.42780983777673043,0.792,0.063,0.63,10,5.901435031414274,2.466752792154394,0.126,-0.045466756025227636
36160714_24,GAS_COST=2/SEED=20/36160714_24,2.0,20,0.01,inventory,0,15,100,1005,1000,PPO,42.314903732620536,18.677042150561988,41.30182685035527,13.569664666493106,73.4244176574493,4.678169193635174,-5.770968714669652,0.04557770643656833,-0.17880508837693698,0.987,0.0,6.692466461468e-165,42.314903732620536,4.241899999999999,2.8431457554330017,1.8166877524770182,0.13374999999999995,26.61522771535191,9.947318655672994,-0.38486944444444443,2.8007695380775193,1.1481523396714677,7.199,6.199,61.989999999999995,10,67.46869875753562,12.440958827801103,12.398,-0.3148361971139766
36160714_24,GAS_COST=2/SEED=20/36160714_24,2.0,20,0.01,inventory,0,15,100,1005,1000,PPO_narrow,50.24201938929123,20.879521259940788,49.89602116839194,18.9812050039786,85.61869084582737,8.818698004757527,-3.0417276517801723,0.10258406064493975,-0.1687435033471716,0.993,0.0,4.292615064113592e-165,50.24201938929123,1.9918999999999998,0.02310000000000003,0.029400510199654718,0.45155,26.54459154701157,9.631218256144962,-0.3483684523809524,2.2204837051391837,1.0015830121862588,8.71,7.71,77.1,10,79.91296948279717,13.772434977337111,15.42,-0.478515116168836
36160714_25,GAS_COST=2/SEED=20/36160714_25,2.0,20,0.01,inventory,50,15,100,1005,1000,PPO,31.239379957331636,15.21703140161455,30.18750145256047,7.729800155780129,57.27589736014923,4.070206944692691,-1.160605183992186,0.4410925666003795,0.23218794726789715,0.993,0.0,4.030387925371733e-165,13.977636471156096,10.010399999999999,4.534815230415307,2.6938061994137588,-6.370199999999999,27.423902498912046,11.22627573864102,-2.288166865079365,4.337163102314141,2.0678220081729783,5.613,4.613,46.13000000000001,10,50.605427912402405,9.91842430760542,9.226,-0.22162364746534696
36160714_25,GAS_COST=2/SEED=20/36160714_25,2.0,20,0.01,inventory,50,15,100,1005,1000,PPO_narrow,45.4661607475492,18.830406471625437,44.48600150361494,16.327525096419084,77.45233738082909,9.652101422560836,-1.2594177653188467,0.1289422118333522,-0.2856682548918341,0.996,0.0,4.165685427424094e-165,23.128256365683033,2.0,0.0,0.0,-2.4054,26.844427750117678,10.051486996459778,-0.709581746031746,2.3738097573184787,1.1338062571120961,7.433,6.433,64.33,10,71.40815524496045,12.806865433421713,12.866,-0.26912906398951875
36160714_26,GAS_COST=2/SEED=20/36160714_26,2.0,20,0.02,inventory,0,15,100,1005,1000,PPO,9.771354549856678,17.727647233835985,10.134149333403116,-20.11655576141084,36.06147910623031,-30.632334678481765,-48.423038100094445,-0.3315116398158126,0.7677360677362439,0.738,1.4681666035746634e-59,5.2215301467070916e-58,9.771354549856678,12.217,5.756214743512644,3.4927569339992726,-1.8826,58.84371871906316,35.33520563460754,-0.3364440476190476,2.9285286564008484,1.964082009903244,4.456,3.456,34.56,10,34.2362351857948,16.986857951533967,6.912,-0.56602268440416
36160714_26,GAS_COST=2/SEED=20/36160714_26,2.0,20,0.02,inventory,0,15,100,1005,1000,PPO_narrow,18.541980032837397,20.286629657030957,18.8459924493298,-14.092288061387592,51.22276990500827,-26.632562958057747,-42.97540614145591,-0.06433736972593923,0.7525097155989169,0.839,6.909050380901921e-134,1.2839978889987777e-109,18.541980032837397,1.9995999999999998,0.0004898979485566349,0.012642784503423285,1.0148000000000004,58.39580268910411,33.44129693896455,-0.2249484126984127,1.1572682844405853,0.7365958115316782,5.568,4.568,45.67999999999999,10,48.551612757544376,20.52048123750275,9.136,-0.35315148720423134
36160714_27,GAS_COST=2/SEED=20/36160714_27,2.0,20,0.02,inventory,50,15,100,1005,1000,PPO,1.9422956656619572,4.934438281388327,0.2168971940025699,-4.924116158703265,10.550685685250096,-9.545725082036633,-16.06306179410807,0.35966426427703496,4.045471324988735,0.537,3.869179340210723e-33,1.4640273277673237e-43,0.5214595894789482,13.082474226804123,0.4801178203240059,4.201020537226142,-13.815905743740796,7.203976435935199,47.129154449690795,-1.0301914580265095,0.34241531664212077,3.588997069286046,0.758,0.079,0.79,10,3.863869825854245,1.7571734612400978,0.158,-0.006400698952190702
36160714_27,GAS_COST=2/SEED=20/36160714_27,2.0,20,0.02,inventory,50,15,100,1005,1000,PPO_narrow,2.865609565737267,6.048895703912555,0.7121058061852068,-4.685228799682499,13.961642026412827,-9.364285026836246,-16.419831947042553,0.7912440616048159,3.017867948531717,0.538,7.005887783649708e-46,6.026134069118614e-51,1.033671650316412,2.0,0.0,0.0,-9.610606060606061,9.407575757575758,46.507419182606014,0.5136363636363637,0.42727272727272725,1.3914660204081208,0.787,0.127,1.27,10,5.318708887336585,2.246744711488303,0.254,0.04764538988898501
36160714_28,GAS_COST=2/SEED=20/36160714_28,2.0,20,0.03,inventory,0,15,100,1005,1000,PPO,-0.4296291457858763,14.346727223227429,2.716029501257026,-28.73765834417019,18.11000603918489,-38.64208598821896,-51.05945708313101,-1.005086664317623,1.37217415890838,0.561,0.34411914535963833,0.0624652445043846,-0.4296291457858763,6.519816414686824,0.7234789479670132,3.7094531369041106,29.24998071582845,49.85125625628323,88.56690069903816,4.394303455723542,0.604350542484689,4.463996812317862,1.185,0.259,2.5900000000000003,10,6.787117163508302,6.918493669722464,0.518,0.21974736042828602
36160714_28,GAS_COST=2/SEED=20/36160714_28,2.0,20,0.03,inventory,0,15,100,1005,1000,PPO_narrow,0.6398265232743898,9.594159189055866,0.0,-17.092730613218606,14.926064034692063,-25.797791994102273,-37.295988247109605,-0.7459377295789329,3.8832713717332803,0.401,0.03529327496755631,2.2684120930209235e-05,0.6398265232743898,2.0,0.0,0.0,-0.5765632346027263,30.985699353300166,76.82288727234472,-4.676304654442878,0.07122708039492243,6.081714589890242,0.749,0.04,0.4,10,4.682768608699088,3.985198476346134,0.08,0.022256390921435953
36160714_29,GAS_COST=2/SEED=20/36160714_29,2.0,20,0.03,inventory,50,15,100,1005,1000,PPO,0.0,0.0,0.0,0.0,0.0,0.0,0.0,,,0.0,,,0.0,,,,,,,,,,0.0,0.0,0.0,10,0.0,0.0,0.0,0.0
36160714_29,GAS_COST=2/SEED=20/36160714_29,2.0,20,0.03,inventory,50,15,100,1005,1000,PPO_narrow,0.0,0.0,0.0,0.0,0.0,0.0,0.0,,,0.0,,,0.0,,,,,,,,,,0.0,0.0,0.0,10,0.0,0.0,0.0,0.0
36073252_10,GAS_COST=2/SEED=4/36073252_10,2.0,4,0.03,inventory,0,15,100,1005,1000,PPO,-0.7643651163607696,13.397916313914047,0.0,-27.418281695712146,16.715355032157284,-40.18637342268992,-55.961853504371604,-1.3501222426562196,3.6565308462961896,0.456,0.07165643713021481,0.14272606479967653,-0.7643651163607696,12.53432021633719,0.14220029789013497,6.256130419514897,7.473922199428075,57.35873547246483,110.24398082462507,-2.8646649260226287,0.11698390739867062,7.661098437453095,0.799,0.033,0.33,10,5.6074670638819795,6.034961143130218,0.066,-0.27087103711253063
36073252_10,GAS_COST=2/SEED=4/36073252_10,2.0,4,0.03,inventory,0,15,100,1005,1000,PPO_narrow,0.8003391689029895,11.937498662844208,0.0,-22.69267273339975,18.09497480314044,-31.265842979622676,-41.949964686943815,-0.6399992568869594,2.7703730729894147,0.487,0.034331525127835966,1.0599037474091645e-05,0.8003391689029895,2.0,0.0,0.0,5.67061191626409,39.732755560071574,84.6856375544233,-0.838365539452496,0.43153727865539965,1.5443245918580448,0.909,0.081,0.8099999999999999,10,6.776204762330796,5.794404494699917,0.162,-0.019461098727889207
36073252_11,GAS_COST=2/SEED=4/36073252_11,2.0,4,0.03,inventory,50,15,100,1005,1000,PPO,0.0,0.0,0.0,0.0,0.0,0.0,0.0,,,0.0,,,0.0,,,,,,,,,,0.0,0.0,0.0,10,0.0,0.0,0.0,0.0
36073252_11,GAS_COST=2/SEED=4/36073252_11,2.0,4,0.03,inventory,50,15,100,1005,1000,PPO_narrow,0.0,0.0,0.0,0.0,0.0,0.0,0.0,,,0.0,,,0.0,,,,,,,,,,0.0,0.0,0.0,10,0.0,0.0,0.0,0.0
36073252_6,GAS_COST=2/SEED=4/36073252_6,2.0,4,0.01,inventory,0,15,100,1005,1000,PPO,42.68434960541498,19.425284535413663,42.638150008350294,11.67564523716406,75.48762236701099,4.980497083382529,-7.464335606891211,0.11691730819647357,-0.14237007344554664,0.989,0.0,7.916481193149226e-165,42.68434960541498,3.8673,2.466814923121551,1.386499444644678,0.63275,26.62270615085905,10.005962469322979,-0.27816646825396824,2.7208542768247823,1.2009789493887073,7.289,6.289,62.89,10,68.17182638109718,12.58933015223602,12.578,-0.3201466234461595
36073252_6,GAS_COST=2/SEED=4/36073252_6,2.0,4,0.01,inventory,0,15,100,1005,1000,PPO_narrow,49.57928373365662,20.57382771722474,48.30363592087156,17.57393084390881,83.81983507833084,10.065843655001046,0.04511020777349586,0.1694167845828258,-0.23047974725510434,0.997,0.0,3.5529556066938113e-165,49.57928373365662,1.9777,0.05537247364351253,0.05668077275408303,0.24125000000000002,26.445518058536035,9.70759784588855,-0.36918928571428566,2.8178319710250306,1.2578175150614488,8.375,7.375,73.75,10,78.33780105394685,13.669477440988148,14.75,-0.33903987930208906
36073252_7,GAS_COST=2/SEED=4/36073252_7,2.0,4,0.01,inventory,50,15,100,1005,1000,PPO,30.325660807460547,14.67297468152089,29.03790648466338,8.982803555994526,56.89443230741592,4.219174877713308,-2.061014912128462,0.4272338431140556,0.11354277658310474,0.992,0.0,4.753775528764352e-165,13.891683347717775,12.536,4.984048300473579,2.4482287474825553,-6.1609,27.11114326903409,10.866162670878804,-3.3727517857142857,3.7164711120980707,1.6874848950389052,6.018,5.018,50.17999999999999,10,50.44302411910247,9.926808584796282,10.036,-0.1545547268456414
36073252_7,GAS_COST=2/SEED=4/36073252_7,2.0,4,0.01,inventory,50,15,100,1005,1000,PPO_narrow,46.24875096882961,19.55225284753737,45.00443354019012,16.14151520614026,79.83870521833313,9.893978150336764,0.02109041830742626,0.2583155067279415,-0.1569768140373009,0.996,0.0,3.6502634533457544e-165,23.9561140139809,2.0,0.0,0.0,-2.6686,26.939331316704852,10.252703742915816,-0.6703809523809524,2.9489300023214913,1.4262086365451263,8.003,7.003,70.03,10,73.58673171764124,13.077454046721876,14.006,-0.2545267020897494
36073252_8,GAS_COST=2/SEED=4/36073252_8,2.0,4,0.02,inventory,0,15,100,1005,1000,PPO,9.813717318828767,18.261873444141205,11.087695506467298,-20.8663884379541,39.32780736343337,-30.944998828075164,-47.31415026675633,-0.23785082858002052,0.4981249999227466,0.718,4.8979430620950353e-57,9.937680676073893e-55,9.813717318828767,11.847,6.033337767338959,4.681631232807642,4.8295,59.50452098760907,36.07303701866534,-0.40680813492063495,3.3919213010062266,1.7984255581214175,4.747,3.747,37.47,10,35.23880055431169,17.458827607597087,7.494,-0.47225562788583497
36073252_8,GAS_COST=2/SEED=4/36073252_8,2.0,4,0.02,inventory,0,15,100,1005,1000,PPO_narrow,15.408357105534229,20.032424344059553,15.945282234007095,-16.243166122938373,48.966753720218605,-28.215214987289865,-43.22773567692675,-0.06920885517427172,0.43921104219487495,0.789,6.265006823251521e-103,3.0310512907592247e-89,15.408357105534229,2.0,0.0,0.0,7.126699999999999,58.580411749572086,37.73844375580424,0.21881071428571428,0.9211183338641049,0.6413111407943674,4.826,3.826,38.260000000000005,10,42.297487914081614,18.41535258403334,7.652,-0.8217782245140461
36073252_9,GAS_COST=2/SEED=4/36073252_9,2.0,4,0.02,inventory,50,15,100,1005,1000,PPO,1.6315088869470824,4.436036000039644,0.0,-4.834836515075864,9.897010744559172,-8.970345278389136,-13.878463949058084,0.29160873862052195,3.148548144232622,0.469,2.1856411833304594e-29,9.6444628439265e-35,0.4595325581514687,17.493162393162393,0.24188034188034188,7.490560743741402,-8.746581196581197,2.4653846153846155,46.639916658572844,2.7141025641025642,0.07051282051282051,2.4499681330026455,0.609,0.024,0.24,10,3.0739926078691724,1.418583786921207,0.048,0.024100065999117126
36073252_9,GAS_COST=2/SEED=4/36073252_9,2.0,4,0.02,inventory,50,15,100,1005,1000,PPO_narrow,2.8634591008464088,6.427675421013656,0.7587107868136513,-5.134626813751271,14.53894737864819,-10.631729086703945,-17.957797090809663,0.8394938037615164,4.283679703617425,0.527,3.2946755903426167e-41,1.5285241840910446e-48,1.132402439203519,2.0,0.0,0.0,-10.949081364829395,9.525319262577021,49.20465000658698,0.8732283464566929,0.1283464566929134,0.4988883419956368,0.732,0.097,0.9700000000000001,10,5.344681000360794,2.240894132753844,0.194,-0.04632776676054009
36073252_12,GAS_COST=2/SEED=6/36073252_12,2.0,6,0.01,inventory,0,15,100,1005,1000,PPO,41.91147929851387,18.02509394859659,41.04495591189334,13.43011096815579,72.58410319655,6.548066469195285,-3.6079602924845973,0.12768285950489258,0.01940750857139273,0.995,0.0,8.108708876285623e-165,41.91147929851387,4.817099999999999,2.9867535429910896,1.5453729614562306,0.36815,26.59602941116767,9.680469155857066,-0.38628591269841267,3.5616259206088188,1.6345260243701565,7.163,6.163,61.63000000000001,10,66.83026163620771,12.306278909271777,12.326,-0.28650342842205273
36073252_12,GAS_COST=2/SEED=6/36073252_12,2.0,6,0.01,inventory,0,15,100,1005,1000,PPO_narrow,49.69550856095184,20.786357025471933,48.29685434486464,17.74030119908333,84.09522471370623,9.210614081403152,-3.3143227552126064,0.18648053919944244,0.07040459000401178,0.994,0.0,4.436703096825291e-165,49.69550856095184,1.9969000000000001,0.008258257569495595,0.020503414349810137,0.27245,26.526875529341147,9.71672107747773,-0.1034468253968254,2.247884132846772,0.9024359984383379,8.821,7.821,78.21000000000001,10,79.63717817134533,13.806949991520211,15.642,-0.4927196188732651
36073252_13,GAS_COST=2/SEED=6/36073252_13,2.0,6,0.01,inventory,50,15,100,1005,1000,PPO,30.34380880488056,14.74507012461877,30.034435818011616,7.456707651597344,55.65799954187014,1.8744135245919573,-5.24876786441123,0.24125684900700842,0.07224837028540998,0.986,0.0,1.1209409366867855e-164,13.582860451361267,12.6395,5.899847706266633,3.772589263357462,-6.51525,27.2764219424454,11.955365111007692,-2.616494642857143,3.5489695370376357,1.8002837165398078,5.671,4.671,46.71,10,49.650487970303324,9.795166570251396,9.342,-0.16951259517136108
36073252_13,GAS_COST=2/SEED=6/36073252_13,2.0,6,0.01,inventory,50,15,100,1005,1000,PPO_narrow,45.26056792697545,19.41100153025744,44.07124215387887,15.0192648251344,78.83300310189901,7.63371279418762,-3.8480842853511605,0.24032377914837638,0.1258375610890523,0.993,0.0,4.530900128565171e-165,23.189874865393787,1.9956999999999998,0.011458257569495598,0.02390627532678398,-2.88965,27.06287475459584,10.088871610715442,-0.36803789682539684,2.6363480204351752,1.1350053827186686,8.095,7.095,70.95,10,72.61256006810456,12.836609724131874,14.19,-0.32538241699723874
36073252_14,GAS_COST=2/SEED=6/36073252_14,2.0,6,0.02,inventory,0,15,100,1005,1000,PPO,9.650580759157432,18.2710159953464,10.956402490768312,-21.219759752560446,37.25802456370237,-31.44140632522614,-47.479572925648576,-0.2968218794878475,0.4724697190526741,0.716,2.247944529900957e-55,2.612653496944772e-53,9.650580759157432,14.7505,6.802427612135205,4.4765053054810515,5.030849999999999,60.160615853821746,38.52410953906008,0.12948988095238095,2.42450141703249,1.715847876209853,4.049,3.049,30.49,10,32.25070661960133,15.911333820746261,6.098,-0.5907920396976368
36073252_14,GAS_COST=2/SEED=6/36073252_14,2.0,6,0.02,inventory,0,15,100,1005,1000,PPO_narrow,16.873836484063,19.643790763592904,17.526835361312806,-15.362638962284995,48.36009624611947,-26.22672114183114,-40.92265433979186,-0.10822298859034005,0.4557974076317115,0.816,5.005381857902336e-122,3.618735309597435e-101,16.873836484063,1.9981,0.003974772708486755,0.020159117044156478,5.10175,60.831610177051644,38.63869083493254,-0.044964682539682534,0.9147054398960415,0.6094127354124304,4.955,3.955,39.55,10,43.99197570680111,18.698653292663206,7.91,-0.5094859300749066
36073252_15,GAS_COST=2/SEED=6/36073252_15,2.0,6,0.02,inventory,50,15,100,1005,1000,PPO,1.6885316389999476,4.53605903349268,0.42958172786904925,-5.151890292077553,9.126368850824448,-9.847939489605018,-15.671697771270306,-0.06608862639662728,3.8849951633871296,0.534,5.071441655099343e-30,6.986483092700287e-40,0.39477195198250287,23.418305597579426,0.4924357034795764,4.636742117244552,-13.862455874936964,6.766183058374109,47.95678463442506,-0.3755673222390318,0.11913767019667171,1.7714336494385918,0.725,0.064,0.64,10,3.493865157934331,1.6624743667670536,0.128,-0.01485915216733001
36073252_15,GAS_COST=2/SEED=6/36073252_15,2.0,6,0.02,inventory,50,15,100,1005,1000,PPO_narrow,3.4237118012968417,6.741551832472007,1.2965838003834165,-4.619766577461132,16.22296455187826,-8.989863737956814,-16.117466360896778,1.2147053192994357,4.098112882628846,0.563,9.3078345489115e-52,1.266910836490098e-57,1.5455326600637018,2.0,0.0,0.0,-13.747668139420716,10.877136571174805,46.814983475789944,0.6045655375552282,0.36267615114408935,1.1139967731496474,0.866,0.187,1.8699999999999999,10,6.400057451541304,2.5278351688297676,0.374,-0.07451048141469471
36152596_0,GAS_COST=2/SEED=6/36152596_0,2.0,6,0.03,inventory,0,15,100,1005,1000,PPO,-0.7245333929437817,13.469660232050462,0.0,-26.32064510201058,16.754461965320388,-40.19369206819712,-57.24584243192702,-1.4215557187463872,3.8873556803863014,0.413,0.0894159867062492,0.28084061103203006,-0.7245333929437817,15.45817777308162,0.18099232287527053,6.2604143757934665,19.223159986381138,63.10117177022409,113.60358997026785,1.3646449704142012,0.1624680874626423,5.192288463610107,0.71,0.034,0.34,10,5.3656320174412295,5.864311997606381,0.068,-0.15785341277862888
36152596_0,GAS_COST=2/SEED=6/36152596_0,2.0,6,0.03,inventory,0,15,100,1005,1000,PPO_narrow,0.4407021821427886,8.488598559275152,0.0,-15.786949646991506,13.086361477325024,-25.179902015996614,-34.7182795148398,-0.7627378465826093,6.107784286676981,0.319,0.10112523409515756,3.2952970000459735e-05,0.4407021821427886,2.0,0.0,0.0,-3.8887613082811403,42.86918740168481,90.0590943237889,3.9843423799582465,0.015657620041753653,0.3423258524385508,0.48,0.001,0.01,10,3.770945036735362,3.48811516799276,0.002,0.1598723134001868
36152596_1,GAS_COST=2/SEED=6/36152596_1,2.0,6,0.03,inventory,50,15,100,1005,1000,PPO,0.007630847265836906,0.5517989665677537,0.0,0.0,0.0,-0.36249336431555546,-1.8124668215777775,-3.5033142123225023,274.62497038071723,0.007,0.6621378055955401,0.5076243443095237,-0.008536697274114054,18.0,0.0,0.0,-15.3,0.0,66.40188250343509,3.0,0.0,0.0,0.01,0.0,0.0,10,0.03846231995367405,0.03083147268783715,0.0,0.0
36152596_1,GAS_COST=2/SEED=6/36152596_1,2.0,6,0.03,inventory,50,15,100,1005,1000,PPO_narrow,0.0,0.0,0.0,0.0,0.0,0.0,0.0,,,0.0,,,0.0,,,,,,,,,,0.0,0.0,0.0,10,0.0,0.0,0.0,0.0
36073252_20,GAS_COST=2/SEED=8/36073252_20,2.0,8,0.02,inventory,0,15,100,1005,1000,PPO,8.791971579890419,17.96619184549393,9.774304341426955,-22.692606094732604,35.04267417170187,-33.11539633745848,-50.60987759597034,-0.4446750137240529,0.5903766437036335,0.705,1.530903750059224e-48,1.2730603889048659e-48,8.791971579890419,17.6028,7.04883671063405,3.8482141520450757,-0.6705999999999998,59.33065261425017,36.73761200241518,-1.2704529761904761,3.063709906878078,1.763250970449961,4.477,3.477,34.769999999999996,10,32.990140674638255,16.611093663078503,6.954,-0.633075431669334
36073252_20,GAS_COST=2/SEED=8/36073252_20,2.0,8,0.02,inventory,0,15,100,1005,1000,PPO_narrow,17.528959358509077,20.473742486551924,18.331739978466715,-16.813638675789132,50.49390552509582,-27.59829109455175,-43.286455132132104,-0.053502818782276654,0.5564925022098985,0.82,2.0206918265176847e-121,7.636952685374316e-102,17.528959358509077,2.0,0.0,0.0,3.0530000000000004,58.64986462777362,35.81418924113738,-0.13420119047619047,1.2470364599175208,0.6768540734639711,5.656,4.656,46.559999999999995,10,47.92158367579882,20.31146467398262,9.312,-0.7691596433071236
36073252_21,GAS_COST=2/SEED=8/36073252_21,2.0,8,0.02,inventory,50,15,100,1005,1000,PPO,1.754333116396045,4.615200394443904,0.33209766720807465,-4.735083831132289,9.621154644015679,-9.353694483651726,-15.953284574174983,0.16651065631029444,3.889881895229178,0.529,3.72784131225262e-31,7.907067542812672e-42,0.3646190214806412,16.376642335766423,0.45255474452554745,8.020942140028323,-16.19051094890511,8.248175182481752,48.329497699791105,-2.145985401459854,0.3970802919708029,3.0269233397785897,0.759,0.074,0.74,10,3.6586395091142703,1.6869238063322385,0.148,-0.06938258638598722
36073252_21,GAS_COST=2/SEED=8/36073252_21,2.0,8,0.02,inventory,50,15,100,1005,1000,PPO_narrow,3.066863519178567,6.411363590011912,0.9488254658160145,-4.652379674824794,14.974824557477813,-9.559288928831005,-16.157652698465576,1.0014532740134792,3.4805731754495195,0.548,1.1650086290872488e-46,1.5499864688445554e-51,1.3035333568295997,2.0,0.0,0.0,-12.342688330871493,9.948301329394386,46.3141446487507,0.794682422451994,0.12259970457902511,0.389979465279236,0.825,0.148,1.48,10,5.795378628704337,2.3980308654816502,0.296,-0.03448424404411939
36073252_22,GAS_COST=2/SEED=8/36073252_22,2.0,8,0.03,inventory,0,15,100,1005,1000,PPO,0.37329050268617153,12.823208354599117,0.6764947707205806,-25.197246341585423,17.38117833439577,-34.50972459539281,-49.135992638384394,-0.9054396412650225,3.1397128816100093,0.531,0.35774488444022107,5.496436425735306e-05,0.37329050268617153,7.894057365636313,0.04859306332853178,0.721938755389413,2.4370565302144263,47.98093652351627,94.98002951607337,-2.9353801169590645,0.04239766081871345,2.500056666366437,0.873,0.018,0.18,10,6.709178300499497,6.380535338048427,0.036,0.08064754023510218
36073252_22,GAS_COST=2/SEED=8/36073252_22,2.0,8,0.03,inventory,0,15,100,1005,1000,PPO_narrow,0.08665939793502923,13.602585219807535,0.7962333553671783,-25.960659610806346,17.97538719217665,-36.37376350574203,-51.77529175125208,-0.9015711137205116,2.500687135074119,0.532,0.8404567205994752,0.0024988588221100147,0.08665939793502923,1.9775018395879325,0.02072941873135783,0.11051267049531317,10.45429806580469,48.41574620483031,89.8507177225707,-1.0629598969830758,0.6431836849419458,2.810087023117617,1.153,0.247,2.4699999999999998,10,8.00609404802144,7.016632858557225,0.494,-0.4088017915291866
36073252_23,GAS_COST=2/SEED=8/36073252_23,2.0,8,0.03,inventory,50,15,100,1005,1000,PPO,0.0,0.0,0.0,0.0,0.0,0.0,0.0,,,0.0,,,0.0,,,,,,,,,,0.0,0.0,0.0,10,0.0,0.0,0.0,0.0
36073252_23,GAS_COST=2/SEED=8/36073252_23,2.0,8,0.03,inventory,50,15,100,1005,1000,PPO_narrow,0.0,0.0,0.0,0.0,0.0,0.0,0.0,,,0.0,,,0.0,,,,,,,,,,0.0,0.0,0.0,10,0.0,0.0,0.0,0.0
36152895_0,GAS_COST=2/SEED=8/36152895_0,2.0,8,0.01,inventory,0,15,100,1005,1000,PPO,41.55501759328524,17.49789846460918,40.56432770382389,12.403599985330631,70.77623690508074,6.118171305271362,-3.6273792433773453,0.07670058131741411,0.002510493589150453,0.995,0.0,5.408510666788704e-165,41.55501759328524,5.2555,3.5095592982520496,1.938450347571482,0.73725,26.691447893925112,9.560708129500659,0.2299293650793651,3.3588151357154854,1.681685472970683,7.09,6.09,60.9,10,66.33710194085437,12.342958463994542,12.18,-0.2591258835745732
36152895_0,GAS_COST=2/SEED=8/36152895_0,2.0,8,0.01,inventory,0,15,100,1005,1000,PPO_narrow,50.10756238805339,21.203850019733657,49.533326374037756,15.967382398793593,85.18012174778856,8.822312452217885,-2.53308490680879,0.13806453628758775,-0.13100577186378404,0.995,0.0,4.436703096825291e-165,50.10756238805339,1.9994,0.001800000000000003,0.007722693830523135,0.6445,26.62847160599681,9.809238744673308,0.1926892857142857,1.8588340590545895,0.8216844279443276,8.285,7.285,72.85,10,78.81006327664736,13.70724913364894,14.57,-0.425251754945034
36152895_1,GAS_COST=2/SEED=8/36152895_1,2.0,8,0.01,inventory,50,15,100,1005,1000,PPO,28.520955730854883,13.79861088626576,28.092948775335117,7.337364264953561,51.88628980074366,2.581314152014311,-4.938000843648126,0.29944765232790527,0.13670994947215087,0.988,0.0,9.972551729901517e-165,13.072336229894391,14.6146,6.68981692792287,3.5361259649509096,-7.760800000000001,28.00700665911659,10.753326618307472,-3.3882986111111113,4.0429299515720905,1.9966555489271618,5.614,4.614,46.14,10,47.57613110327607,9.662640721758759,9.228,-0.16453465066243156
36152895_1,GAS_COST=2/SEED=8/36152895_1,2.0,8,0.01,inventory,50,15,100,1005,1000,PPO_narrow,46.247759853907276,19.499352302182935,45.386744622618494,16.172794523950962,79.10287588041719,9.329136070430263,-1.8354526647134661,0.20557179133831457,-0.11898566596881377,0.995,0.0,4.140752891426515e-165,23.777428219502085,2.0,0.0,0.0,-2.4685,26.98470649953641,10.152196695789538,-0.3192670634920635,2.144871246893986,1.0178345275181058,7.449,6.449,64.49,10,72.36351876532771,12.917605914804499,12.898,-0.3001529966159312
36073407_25,GAS_COST=4/SEED=10/36073407_25,4.0,10,0.01,inventory,50,15,100,1005,1000,PPO,15.235636349533147,13.297119224560811,13.032562713366474,-2.14768089437473,39.67087258447535,-6.285896939769548,-12.0483201339669,0.5991223617208503,-0.05284576189981083,0.92,4.321050524648695e-184,4.490347232465973e-146,5.405362924199054,19.6129,2.4508746313672467,4.063777010368556,-33.55585000000001,34.19269237843121,35.40140284335495,-4.019532936507937,1.6021859305273733,1.5005046843655023,2.648,1.648,16.479999999999997,10,27.483946606413063,5.653207345293089,6.592,-0.0031029115868281883
36073407_25,GAS_COST=4/SEED=10/36073407_25,4.0,10,0.01,inventory,50,15,100,1005,1000,PPO_narrow,23.58544185986003,17.753240109713754,20.486477203241975,-0.41067153606661555,58.101458752693986,-5.283438546196867,-12.452244139772006,0.7308867786522985,0.6752918849969638,0.945,7.522531468595057e-223,1.0761288850452744e-157,9.189769753231484,2.0,0.0,0.0,-24.221300000000003,33.555275791168306,27.44844324019124,-0.6823718253968254,1.2989280939578811,1.2600741483823923,3.212,2.212,22.12,10,39.97041515988154,7.304406329529273,8.848,-0.23256697049223612
36073407_26,GAS_COST=4/SEED=10/36073407_26,4.0,10,0.02,inventory,0,15,100,1005,1000,PPO,5.320057349571597,17.5758357480702,6.601235485654456,-25.193191140607944,32.22922725622211,-37.25345869302441,-55.492259901577086,-0.5264394322630788,1.2339373858137765,0.714,8.285725575242822e-21,4.716161549246941e-27,5.320057349571597,8.0312,0.029796029290646103,0.1828293193117559,1.203099999999999,69.27887203136162,109.45929773386088,0.824,0.176,0.968,1.032,0.032,0.32,10,14.011880043164375,8.351343605692763,0.128,-0.212479087900012
36073407_26,GAS_COST=4/SEED=10/36073407_26,4.0,10,0.02,inventory,0,15,100,1005,1000,PPO_narrow,6.61364068878284,18.56069960626031,7.587674192391546,-24.17248754740106,37.78027966448178,-35.25098174343572,-50.708465953253054,-0.24388780568360224,0.6411112126169876,0.706,8.771395324352657e-28,3.263508373212586e-30,6.61364068878284,2.0,0.0,0.0,20.696799999999996,71.29444818862306,99.51444593505005,0.15716666666666668,0.21625567576825294,0.546192655266131,1.18,0.18,1.8,10,16.729886545032752,9.249830415793884,0.72,-0.14641544045602647
36073407_27,GAS_COST=4/SEED=10/36073407_27,4.0,10,0.02,inventory,50,15,100,1005,1000,PPO,1.5519093972966964,4.425969695037679,0.0,-4.60308766464177,9.077103234379365,-9.270888565987832,-15.352354810134306,0.12115753686036998,3.825967303676375,0.47,5.303640188470723e-27,2.2089476583787858e-35,0.26415265869796994,18.95517774343122,0.05409582689335394,10.441394566157417,-14.64270994332818,6.82874343367123,49.66474052749688,-0.7040185471406492,0.0030911901081916537,1.1391376329472453,0.652,0.005,0.05,10,3.1016549473494357,1.4345143755213556,0.02,-0.09523117453138341
36073407_27,GAS_COST=4/SEED=10/36073407_27,4.0,10,0.02,inventory,50,15,100,1005,1000,PPO_narrow,2.270394838804811,5.5910805523627385,0.0,-4.467611309364372,13.22257800466451,-8.80611053803984,-13.938956053033678,1.2906713202426057,5.107457196448838,0.477,5.169857366809227e-35,1.1055649683554143e-39,0.9795331818868148,1.9983361064891847,0.0,0.04075690087825587,-6.360232945091514,0.8103161397670549,45.36415349049435,0.9500831946755408,0.009151414309484194,0.8198884870406508,0.611,0.01,0.1,10,4.0251452723717005,1.7354973960352726,0.04,0.020746962468383274
36073407_28,GAS_COST=4/SEED=10/36073407_28,4.0,10,0.03,inventory,0,15,100,1005,1000,PPO,-1.063830980895777,21.203523910364662,4.33223205170566,-40.540184107601036,26.444101896199033,-57.108885839994,-78.6246753772838,-1.1139358660887315,1.5493509904469054,0.626,0.11310204344298166,0.02445475408132668,-1.063830980895777,8.0,0.0,0.0,8.0762,97.20257029467435,163.30558237108735,1.0,0.0,0.0,1.0,0.0,0.0,10,11.448761803212026,12.26459180608908,0.0,-0.24800097801872426
36073407_28,GAS_COST=4/SEED=10/36073407_28,4.0,10,0.03,inventory,0,15,100,1005,1000,PPO_narrow,0.5014390325714441,13.726498200456703,3.0603105184243873,-26.231935340636362,18.113699673316482,-35.14204843947179,-50.62124567769418,-0.9060264203776233,1.9931656550123797,0.615,0.24851995876109909,6.392983258242773e-06,0.5014390325714441,2.0,0.0,0.0,7.013917293233083,46.940239401503234,95.11387174553535,3.4589473684210525,0.0,3.76100475760183,0.95,0.0,0.0,10,7.460435473869032,6.902858854547559,0.0,-0.056137586750029445
36073407_29,GAS_COST=4/SEED=10/36073407_29,4.0,10,0.03,inventory,50,15,100,1005,1000,PPO,0.0,0.0,0.0,0.0,0.0,0.0,0.0,,,0.0,,,0.0,,,,,,,,,,0.0,0.0,0.0,10,0.0,0.0,0.0,0.0
36073407_29,GAS_COST=4/SEED=10/36073407_29,4.0,10,0.03,inventory,50,15,100,1005,1000,PPO_narrow,0.0,0.0,0.0,0.0,0.0,0.0,0.0,,,0.0,,,0.0,,,,,,,,,,0.0,0.0,0.0,10,0.0,0.0,0.0,0.0
36153170_0,GAS_COST=4/SEED=10/36153170_0,4.0,10,0.01,inventory,0,15,100,1005,1000,PPO,24.395318097007053,17.962488143102796,23.567936823799414,-4.425732394612839,55.555262736046124,-10.691268944628193,-21.2234690566821,0.24938338659773424,0.29426517825564336,0.918,5.2418282779847694e-229,1.228104868155107e-150,24.395318097007053,8.937,5.328092228852567,4.0952595766324755,3.8172,28.709610430165963,12.457510752955422,0.13639761904761907,2.2051110658032553,1.489024857737926,4.269,3.269,32.690000000000005,10,46.849438810168735,9.057340376193453,13.076,-0.32078033696823455
36153170_0,GAS_COST=4/SEED=10/36153170_0,4.0,10,0.01,inventory,0,15,100,1005,1000,PPO_narrow,32.47913674234916,19.834486783947728,31.31822884584244,0.8168009072858075,66.869320145746,-6.452425011612999,-17.794904854195615,0.11411694881551855,-0.19897126777325136,0.958,5.562171217198863e-285,5.879156007524107e-160,32.47913674234916,2.0,0.0,0.0,1.2962,27.691055448670188,10.981678631247593,0.18855396825396825,1.170912508032059,0.6848723296876442,5.693,4.693,46.92999999999999,10,63.17234753307944,11.747738657503513,18.772,-0.17347213322676827
36160744_0,GAS_COST=4/SEED=12/36160744_0,4.0,12,0.01,inventory,0,15,100,1005,1000,PPO,25.981011219564248,18.343213225414264,25.32643237812158,-3.2392170424723643,56.16418107011108,-9.830521896231744,-19.959374611286613,0.23121069639981054,0.32543636874176896,0.924,5.297225121188082e-241,3.2690651548906184e-153,25.981011219564248,5.2584,3.69797882593183,2.9752125033348458,0.2517999999999999,28.37890128052375,12.15587971970766,-0.8494827380952381,3.268954733755643,1.9671793536673543,4.265,3.265,32.65,10,48.73342215175393,9.463957238668815,13.06,-0.22845369352086592
36160744_0,GAS_COST=4/SEED=12/36160744_0,4.0,12,0.01,inventory,0,15,100,1005,1000,PPO_narrow,33.24330486646776,20.017519571363415,32.61504921673156,2.0665562463145024,66.91040257372593,-4.977778969765427,-16.565920806503698,0.23747779147860565,0.03518719586107588,0.962,1.9077014954795457e-289,3.5547543668212106e-161,33.24330486646776,2.0,0.0,0.0,1.9446,27.589003770928706,11.283263306331197,0.16352142857142857,1.6666346899068034,0.8905645689141612,5.723,4.723,47.230000000000004,10,64.0978831308096,11.731252787466309,18.892,-0.2313254768755387
36160744_1,GAS_COST=4/SEED=12/36160744_1,4.0,12,0.01,inventory,50,15,100,1005,1000,PPO,13.88269127532831,13.650993902955387,10.811841023592478,-2.024658053793536,38.928929235662025,-6.293671735058133,-12.012957423367675,0.8849038543613836,1.037684300715087,0.835,3.1788752143208956e-156,1.8637939649378842e-132,4.5535243770026534,13.681100000000002,2.115619585670425,3.092686985454558,-35.908550000000005,33.98040840848568,36.653480044840215,-7.810476190476191,1.1320856367502374,1.1056546398128497,2.426,1.426,14.26,10,24.875501613516533,5.234644122837523,5.704,-0.05416621535070543
36160744_1,GAS_COST=4/SEED=12/36160744_1,4.0,12,0.01,inventory,50,15,100,1005,1000,PPO_narrow,22.29154796279335,17.837009397148254,17.895487455002353,-0.117613316471852,57.18666237750942,-4.180685236435954,-10.810885375670136,0.851216324781379,0.6586971265835881,0.949,2.7387670241475417e-206,9.177551842043322e-158,9.347816286910986,2.0,0.0,0.0,-30.0296,34.05835022595969,32.59380038964465,-1.2800305555555556,1.9005006824155002,2.099329694769076,2.991,1.991,19.910000000000004,10,37.1543613665447,6.774569879709961,7.964,-0.12424352404138865
36160744_2,GAS_COST=4/SEED=12/36160744_2,4.0,12,0.02,inventory,0,15,100,1005,1000,PPO,5.997853006252113,18.086209699546966,6.111870696835467,-25.696523074907326,35.059205963569305,-35.69952347491133,-49.87788663145676,-0.21484833193155017,1.0727793789236202,0.676,1.845567175304391e-24,3.6897724325362413e-28,5.997853006252113,2.4903000000000004,0.20891782339603646,2.762150595097957,7.7563499999999985,69.85532234186499,113.91325634963431,-0.9531666666666666,0.08910431442445273,0.4633225118640362,1.043,0.043,0.43,10,14.773493469180385,8.515741096445845,0.172,-0.08789936648242526
36160744_2,GAS_COST=4/SEED=12/36160744_2,4.0,12,0.02,inventory,0,15,100,1005,1000,PPO_narrow,6.53219018030171,17.980820616062537,7.585305297866512,-23.96664213352248,34.81409255433276,-35.36628440504408,-50.708465953253054,-0.3049272233927029,0.9461835398586818,0.73,9.409929663198226e-29,2.746764817504375e-33,6.53219018030171,2.0,0.0,0.0,6.215099999999999,69.78769310715329,115.44950559439395,0.017,0.017,0.1794742321337523,1.01,0.01,0.1,10,15.097789583916521,8.309370834310917,0.04,-0.21622856930389364
36160744_3,GAS_COST=4/SEED=12/36160744_3,4.0,12,0.02,inventory,50,15,100,1005,1000,PPO,1.2735107768950569,3.947924128330583,0.0,-5.117420420918586,8.235803449671499,-9.191087238123242,-14.746486411689705,-0.4563252953334328,3.393213356695508,0.465,2.733732195259001e-23,1.854097901235802e-31,0.13518827223754296,21.236930860033727,0.20994940978077573,4.033786736683152,-9.207560427206296,3.372591908238256,47.012878285063536,0.9338111298482293,0.10413153456998314,3.4939636182049565,0.623,0.03,0.3,10,2.8466640740445643,1.475119766193121,0.12,0.021966469043613802
36160744_3,GAS_COST=4/SEED=12/36160744_3,4.0,12,0.02,inventory,50,15,100,1005,1000,PPO_narrow,2.3920495208144104,5.784813466153273,0.36033320317199014,-5.532753985553154,13.268671002345258,-9.556751146951228,-15.857261418566008,0.8512411214727945,3.2939827292403603,0.528,3.7643447398359675e-36,3.221934262049561e-42,0.8728681696378875,2.0,0.0,0.0,-8.559679767103347,3.4417758369723437,47.082989896539026,-0.12445414847161572,0.13755458515283842,0.8337924531228,0.732,0.045,0.45,10,4.449545102015698,1.8461617148431977,0.18,-0.0313338663580907
36160744_4,GAS_COST=4/SEED=12/36160744_4,4.0,12,0.03,inventory,0,15,100,1005,1000,PPO,-1.5174918688863248,20.87163805232873,3.518362685675868,-40.41650333146113,24.755869201272592,-56.57631043046362,-77.99445048052313,-1.0937593010386095,1.5404970654226355,0.628,0.021766885287762425,0.08519414458408985,-1.5174918688863248,14.0,0.0,0.0,4.0762,97.20257029467435,163.30558237108735,-3.0,0.0,0.0,1.0,0.0,0.0,10,10.889327504622791,12.098024128165552,0.0,-0.3087952453435669
36160744_4,GAS_COST=4/SEED=12/36160744_4,4.0,12,0.03,inventory,0,15,100,1005,1000,PPO_narrow,-0.46713026618843606,21.54692859938526,6.027048161931077,-40.118915360960415,28.03926846850437,-56.58750133318832,-77.35510022347786,-0.9843073545562355,1.4084516302955548,0.569,0.49335874241251115,0.019870203065928294,-0.46713026618843606,2.0,0.0,0.0,6.0762,97.20257029467435,163.30558237108735,-1.0,0.0,0.0,1.0,0.0,0.0,10,12.10608109675316,12.311510382966143,0.0,-0.2617009799754546
36160744_5,GAS_COST=4/SEED=12/36160744_5,4.0,12,0.03,inventory,50,15,100,1005,1000,PPO,0.0,0.0,0.0,0.0,0.0,0.0,0.0,,,0.0,,,0.0,,,,,,,,,,0.0,0.0,0.0,10,0.0,0.0,0.0,0.0
36160744_5,GAS_COST=4/SEED=12/36160744_5,4.0,12,0.03,inventory,50,15,100,1005,1000,PPO_narrow,0.0,0.0,0.0,0.0,0.0,0.0,0.0,,,0.0,,,0.0,,,,,,,,,,0.0,0.0,0.0,10,0.0,0.0,0.0,0.0
36160744_10,GAS_COST=4/SEED=14/36160744_10,4.0,14,0.03,inventory,0,15,100,1005,1000,PPO,0.08836911062359945,12.539549466678938,1.247156988629456,-25.503060313288476,15.915179495480178,-33.56989607647781,-44.801864837524235,-1.0344122182509297,1.6804249259832469,0.53,0.8237821702093956,0.0013591514846826012,0.08836911062359945,18.223557692307693,0.0,4.190249996734459,12.335682806776557,50.9782173684774,99.08636413592097,-1.3317307692307692,0.0,3.5133574623547807,0.832,0.0,0.0,10,6.040332774367329,5.996252420406917,0.0,0.04428875666318794
36160744_10,GAS_COST=4/SEED=14/36160744_10,4.0,14,0.03,inventory,0,15,100,1005,1000,PPO_narrow,-0.532573739099747,16.00298628991039,3.041233943574298,-31.74653937431444,20.939063825575584,-43.367560202857106,-58.477696731750655,-1.0009983030514034,1.8011221928689265,0.561,0.29311423797678765,0.026372217620541406,-0.532573739099747,2.0,0.0,0.0,22.52485264464092,58.91446349364455,112.49813335493725,4.041259500542888,0.0,6.685459300416372,0.921,0.0,0.0,10,7.1015941457706955,6.898047891926459,0.0,-0.7361199929439856
36160744_11,GAS_COST=4/SEED=14/36160744_11,4.0,14,0.03,inventory,50,15,100,1005,1000,PPO,0.0,0.0,0.0,0.0,0.0,0.0,0.0,,,0.0,,,0.0,,,,,,,,,,0.0,0.0,0.0,10,0.0,0.0,0.0,0.0
36160744_11,GAS_COST=4/SEED=14/36160744_11,4.0,14,0.03,inventory,50,15,100,1005,1000,PPO_narrow,0.0,0.0,0.0,0.0,0.0,0.0,0.0,,,0.0,,,0.0,,,,,,,,,,0.0,0.0,0.0,10,0.0,0.0,0.0,0.0
36160744_6,GAS_COST=4/SEED=14/36160744_6,4.0,14,0.01,inventory,0,15,100,1005,1000,PPO,24.750821450255476,17.311877697650193,24.188687036627357,-3.0083466867406115,52.776995035657414,-11.048145950894764,-22.58642008820336,0.14215420892114997,0.6305468665837357,0.931,1.0100982585099647e-243,3.104175817699338e-152,24.750821450255476,9.431899999999999,5.8220446576527545,4.218095825132473,-0.5331499999999999,28.266617384651443,11.36657198004306,0.019466666666666667,3.3609943613935878,1.9602778685660347,4.509,3.509,35.089999999999996,10,48.55485619567208,9.542494060828304,14.036,-0.22554068458829957
36160744_6,GAS_COST=4/SEED=14/36160744_6,4.0,14,0.01,inventory,0,15,100,1005,1000,PPO_narrow,33.20621492534094,19.491017199937783,32.20823258046266,2.4892703899381505,66.78486493821781,-5.256271570749593,-16.491313764582024,0.17367944551661713,0.0726530280178781,0.964,1.234028370036485e-297,3.47141853919154e-161,33.20621492534094,2.0,0.0,0.0,0.18939999999999993,27.767757841161693,11.150791345909044,-0.21702420634920636,1.3890727549094226,0.7868800047733855,5.488,4.488,44.88000000000001,10,62.90590361023648,11.596495914641935,17.952,-0.15119277025361322
36160744_7,GAS_COST=4/SEED=14/36160744_7,4.0,14,0.01,inventory,50,15,100,1005,1000,PPO,15.38343592542823,13.493187245720549,13.261043661507244,-1.6656154548499316,40.892587943390645,-5.911762153455095,-10.32980006484803,0.7102059300932193,0.16642773810238332,0.92,7.26325021893897e-183,1.2491046815916289e-147,5.491206638036318,16.909800000000004,2.8725968745494503,4.4719753979645285,-33.7028,34.21570404273465,35.3647885213527,-4.275683333333333,2.0362998167501263,1.89529088618598,2.613,1.613,16.130000000000003,10,27.5207499969718,5.556617960216184,6.452,-0.1286961113273857
36160744_7,GAS_COST=4/SEED=14/36160744_7,4.0,14,0.01,inventory,50,15,100,1005,1000,PPO_narrow,22.151793964635466,18.37494567808742,18.59460786886723,-0.24080260706737702,58.48165338228842,-4.444314848359818,-11.371115884118137,0.8983552032574873,0.8259948385436169,0.945,6.790678141305401e-197,1.8870722455314634e-156,9.582302474773936,1.9808,0.0210623159178788,0.10407381995487626,-31.9778,34.16215863618517,35.09259405002714,-1.0497882936507936,1.494992456435236,1.5772229474935888,3.109,2.109,21.09,10,37.443592447750895,6.6194208183582814,8.436,-0.23637766475714705
36160744_8,GAS_COST=4/SEED=14/36160744_8,4.0,14,0.02,inventory,0,15,100,1005,1000,PPO,5.681649694180399,17.958289700321306,7.071520992666706,-25.57959603411655,34.23928541821916,-36.0903368561583,-50.37512977086435,-0.34166898415898783,0.7963003315828172,0.699,1.6735699715398333e-22,5.492587268415854e-26,5.681649694180399,4.797,0.6492102882363793,2.699035197992053,13.621599999999999,71.50883069970465,107.49620306522459,-0.8044166666666667,0.2343141293851417,0.828907375706116,1.087,0.087,0.8699999999999999,10,14.89917393125732,8.580691314812473,0.348,-0.2888329222644489
36160744_8,GAS_COST=4/SEED=14/36160744_8,4.0,14,0.02,inventory,0,15,100,1005,1000,PPO_narrow,6.550649992063719,18.096214660063005,7.583437820801407,-24.17248754740106,34.98780584342913,-35.62458461709311,-50.708465953253054,-0.30626297161443,0.901867664411701,0.725,1.429580909375028e-28,6.201598065163773e-33,6.550649992063719,2.0,0.0,0.0,8.280899999999999,69.77945040135319,113.10723135675279,-0.054,0.063,0.40507283295723495,1.027,0.027,0.27,10,15.245639514298439,8.357818825060571,0.108,-0.22917069717414848
36160744_9,GAS_COST=4/SEED=14/36160744_9,4.0,14,0.02,inventory,50,15,100,1005,1000,PPO,1.4994348882061834,4.457903310628254,0.0,-5.782599666134365,9.280261735512948,-9.802529648354648,-14.745647994230046,-0.05797062546375791,2.8903572473112478,0.485,4.408399603062176e-25,5.883336150869561e-32,0.24732021282649513,15.349922239502332,0.0,9.43655803358245,-6.313374805598756,0.13763608087091758,46.48617421806012,-0.24883359253499224,0.0,2.893035189084123,0.643,0.0,0.0,10,2.9819475013261916,1.4874993831623529,0.0,0.004986770042344581
36160744_9,GAS_COST=4/SEED=14/36160744_9,4.0,14,0.02,inventory,50,15,100,1005,1000,PPO_narrow,2.294814773704971,5.30716425484426,0.0,-4.376304037446533,13.087889335768995,-8.41606156350201,-13.600402531383986,0.9972399762950072,3.4988867006582103,0.487,4.155049548855741e-39,9.30153851254157e-44,1.03217088296805,2.0,0.0,0.0,-5.870065789473684,0.0,46.238276166942136,0.5328947368421053,0.0,0.4989167628854423,0.608,0.0,0.0,10,4.045848315114778,1.7510335414098073,0.0,0.0
36160744_12,GAS_COST=4/SEED=16/36160744_12,4.0,16,0.01,inventory,0,15,100,1005,1000,PPO,26.862243536750558,18.94242807162894,26.586254301395456,-4.025679715931454,57.676325467791216,-10.764853392236246,-19.792620402985527,0.11260576186777313,-0.09760219238129997,0.926,2.3608020034520114e-241,1.9238634071666616e-152,26.862243536750558,4.039,2.401305477372632,2.509051414379546,2.0602000000000005,28.312002207994748,12.402409078884634,0.516057738095238,2.8765912838210315,1.6277891977651027,4.329,3.329,33.290000000000006,10,50.14437069472828,9.719738949905729,13.316,-0.24638820807199313
36160744_12,GAS_COST=4/SEED=16/36160744_12,4.0,16,0.01,inventory,0,15,100,1005,1000,PPO_narrow,33.42550614544576,20.56222832386055,32.962542602061944,0.9818236747734661,67.7843984103766,-6.499260494326327,-18.25568518734542,0.17028456387623703,0.007324405098585451,0.951,1.127889607379251e-282,5.4929718000932156e-160,33.42550614544576,1.9966000000000002,0.006274772708486758,0.033592261013513224,1.1134000000000002,27.114281850242232,10.745729637395499,-0.0785220238095238,1.2705354302725578,0.7195468917823873,6.254,5.254,52.54,10,66.97701386858304,12.28859638602149,21.016,-0.2469113371158022
36160744_13,GAS_COST=4/SEED=16/36160744_13,4.0,16,0.01,inventory,50,15,100,1005,1000,PPO,15.148427215905961,13.1453757983652,13.18606419769634,-1.178037615232563,40.82584894736649,-5.9257994379523575,-12.738229156324474,0.6325072966017138,-0.01450454302272508,0.927,1.6526631262279372e-185,2.0346434820641738e-148,5.171086197283799,18.609199999999998,3.1039010868178707,4.401462865911742,-33.484399999999994,34.24297911156408,35.58245799041994,-4.822542460317461,1.8893961332652973,1.7705894170304974,2.491,1.491,14.910000000000002,10,26.685366541445045,5.499682409531305,5.964,-0.07325691600777298
36160744_13,GAS_COST=4/SEED=16/36160744_13,4.0,16,0.01,inventory,50,15,100,1005,1000,PPO_narrow,21.85813888127125,17.82257429786166,17.67249727661971,0.42762944132252323,56.17893236301234,-3.609799230055314,-9.597128778237765,0.8727710415441229,0.635438866806866,0.953,2.417146278663549e-201,3.35173377188902e-158,9.053108189715328,2.0,0.0,0.0,-31.6522,34.182787303092496,34.94123059023537,-1.2134916666666669,1.8111753766201686,2.0058634169664713,2.979,1.979,19.79,10,36.55848973762548,6.67036462643485,7.916,-0.11398622991938803
36160744_14,GAS_COST=4/SEED=16/36160744_14,4.0,16,0.02,inventory,0,15,100,1005,1000,PPO,4.644130894857891,18.07292523158759,6.992323738588539,-27.742537544953137,30.94871495752443,-37.46812492977815,-51.741609069546556,-0.500201110019555,0.3700041468346993,0.654,1.344493361945372e-15,9.352232672896174e-19,4.644130894857891,16.5513,0.6504035173653737,1.7526375295536722,27.32975,70.80925792009444,88.38695979858964,1.8884166666666664,0.6647547833341771,1.3255818402791197,1.314,0.314,3.1399999999999997,10,15.561622160852862,9.613529152959021,1.256,-0.04796211303594987
36160744_14,GAS_COST=4/SEED=16/36160744_14,4.0,16,0.02,inventory,0,15,100,1005,1000,PPO_narrow,6.477607686199505,17.950551852566374,7.581377161501109,-23.96664213352248,34.81409255433276,-35.36628440504408,-50.708465953253054,-0.29864590423878545,0.9643093515796797,0.73,2.0575071009793284e-28,4.557474664873838e-33,6.477607686199505,2.0,0.0,0.0,4.883099999999998,69.80510260968057,116.80472500883685,0.0,0.0,0.0,1.0,0.0,0.0,10,14.950367918276621,8.221281446766705,0.0,-0.2514787853104095
36160744_15,GAS_COST=4/SEED=16/36160744_15,4.0,16,0.02,inventory,50,15,100,1005,1000,PPO,1.5825061050271434,4.253317575692951,0.36668980106537674,-5.401661297417962,9.024078488361601,-8.969494949227427,-13.401752199110343,0.04919451638001001,2.5655337883625133,0.536,5.3850736708700896e-30,1.8308258291120792e-38,0.4123697720546454,18.13224368499257,0.0,6.228347970597537,-8.226597325408617,0.0,46.067351589583154,-1.5609212481426449,0.0,2.272322724194729,0.673,0.0,0.0,10,3.1163011968336467,1.5337950918065035,0.0,0.0
36160744_15,GAS_COST=4/SEED=16/36160744_15,4.0,16,0.02,inventory,50,15,100,1005,1000,PPO_narrow,2.2800972662482697,5.453479379708936,0.0,-3.854667503045397,13.308741186478215,-8.323393720919098,-14.093273660703687,1.2046693810998435,4.148736151843692,0.468,7.327946405565213e-37,6.205575450788362e-42,1.0149509032177724,2.0,0.0,0.0,-8.66580310880829,2.638169257340242,45.84533363833536,0.9145077720207254,0.11658031088082901,0.7646306238127258,0.626,0.047,0.47000000000000003,10,4.2029818242996555,1.7810542863613255,0.188,0.04616972830993987
36160744_16,GAS_COST=4/SEED=16/36160744_16,4.0,16,0.03,inventory,0,15,100,1005,1000,PPO,-1.5833303585807321,21.071286641082647,4.283031593130943,-40.707868857045106,24.802326568446084,-57.560370072695996,-79.65694197641163,-1.1652182793254573,1.626453370514346,0.625,0.017737032212827412,0.0900071056994415,-1.5833303585807321,15.993400000000001,0.015399999999999994,0.10980182147851644,7.699300000000001,97.0811079970049,162.5475672057567,1.023,0.023,0.3629338782753685,1.004,0.004,0.04,10,10.851005615277256,12.160184682726545,0.016,-0.25815129113144303
36160744_16,GAS_COST=4/SEED=16/36160744_16,4.0,16,0.03,inventory,0,15,100,1005,1000,PPO_narrow,0.0807198599003815,21.617593009412303,4.591528776128712,-39.48090507159393,30.516724477229925,-56.168761744772,-77.51757365376551,-0.9913157042085415,1.4015292660106047,0.639,0.9060754930567781,0.0005280941266444003,0.0807198599003815,2.0,0.0,0.0,7.123399999999999,97.22104150381399,163.31607383365545,-0.006,0.006,0.1896417675513493,1.001,0.001,0.01,10,12.687925717241546,12.32187928055292,0.004,-0.2813265767882416
36160744_17,GAS_COST=4/SEED=16/36160744_17,4.0,16,0.03,inventory,50,15,100,1005,1000,PPO,0.07529640227763468,2.050092089800128,0.0,0.0,1.8500032642586912,-4.101467817318196,-14.855486941297794,-3.8566110089769365,47.134541967032476,0.094,0.24597207523630019,0.00013533961769123938,-0.07822355111439927,23.479338842975206,0.0,2.1011573888666084,-12.921487603305785,0.0,51.06672058695413,-2.3181818181818183,0.0,1.284040626529594,0.121,0.0,0.0,10,0.4754090742552091,0.40011267197757444,0.0,0.0
36160744_17,GAS_COST=4/SEED=16/36160744_17,4.0,16,0.03,inventory,50,15,100,1005,1000,PPO_narrow,0.0,0.0,0.0,0.0,0.0,0.0,0.0,,,0.0,,,0.0,,,,,,,,,,0.0,0.0,0.0,10,0.0,0.0,0.0,0.0
36160744_18,GAS_COST=4/SEED=18/36160744_18,4.0,18,0.01,inventory,0,15,100,1005,1000,PPO,24.46148934325017,17.791215357501827,24.12501343497911,-4.753423949558566,53.50531706504733,-11.465377229022874,-22.109128062754415,0.10260192320050651,0.2004943785339841,0.906,1.758930506873905e-232,1.8064376148183364e-149,24.46148934325017,8.8005,4.805566638359352,3.213578962776549,2.0618499999999997,28.471464138426153,12.652326152826603,0.009964285714285722,3.6457197416048706,2.3520948336396303,4.077,3.077,30.77,10,46.13916284355053,9.111925381888458,12.308,-0.25774811841189676
36160744_18,GAS_COST=4/SEED=18/36160744_18,4.0,18,0.01,inventory,0,15,100,1005,1000,PPO_narrow,33.08525751647906,19.447891026744962,31.877540429121723,2.30383982624283,66.51314647825426,-5.26313824179497,-17.241473023043294,0.11387098967873918,-0.09557085893338879,0.966,3.581847818999509e-297,6.042876212513186e-161,33.08525751647906,1.9995999999999998,0.0007582575694955848,0.00999199679743744,0.5735,28.28535103050598,11.093634785317208,0.037534523809523816,1.2050032137303341,0.7357405928447405,5.624,4.624,46.239999999999995,10,63.281218933762126,11.568255382506687,18.496,-0.13170603477638038
36160744_19,GAS_COST=4/SEED=18/36160744_19,4.0,18,0.01,inventory,50,15,100,1005,1000,PPO,15.114362554295091,13.494480583738737,13.485541178412575,-1.8663990193249276,40.541388851425744,-6.084826674244377,-12.124846937609709,0.7270432819535134,0.2686243787500331,0.915,1.518195249915272e-178,3.1021166691259907e-146,5.08409713720533,17.0875,3.1310547587266075,4.655073979003986,-33.73015,34.148634322088974,35.62445344812324,-4.80659880952381,1.9391393310535365,1.8821278621097048,2.544,1.544,15.440000000000001,10,26.958127973233548,5.599911928811018,6.176,-0.06785349012744041
36160744_19,GAS_COST=4/SEED=18/36160744_19,4.0,18,0.01,inventory,50,15,100,1005,1000,PPO_narrow,21.9140646498758,17.738923589409577,18.576182110585478,-0.38083253834979586,54.4237312943214,-4.4350797524664385,-10.17066380925229,0.8283920523968011,0.6527507417728811,0.947,3.052322277543871e-203,1.2353393532908277e-156,9.225508872483587,2.0,0.0,0.0,-31.8418,34.14853349349964,35.14781519184372,-0.9744920634920635,1.4642462506761351,1.5616721364223685,3.016,2.016,20.16,10,36.78111909996619,6.586118333753004,8.064,-0.21693611633739943
36160744_20,GAS_COST=4/SEED=18/36160744_20,4.0,18,0.02,inventory,0,15,100,1005,1000,PPO,5.31129294366564,17.74076944905385,6.234554585009221,-24.817316940748377,33.387713737166074,-35.81846256641224,-51.8552326427196,-0.29820520698407055,1.1189672102055184,0.704,2.0833891268717202e-20,2.655729051331167e-25,5.31129294366564,3.0202,0.8583075287733812,2.7614727882055985,-7.864,70.0892035257866,99.81681961974144,1.721,0.378,1.2283765709260333,1.14,0.14,1.4000000000000001,10,14.82528752259531,8.666161241311968,0.56,-0.2878333376177027
36160744_20,GAS_COST=4/SEED=18/36160744_20,4.0,18,0.02,inventory,0,15,100,1005,1000,PPO_narrow,6.4242353163096375,18.062284510166883,7.587674192391546,-24.346671717097045,34.79119752552325,-35.62337975728487,-50.708465953253054,-0.31152263632803545,0.902864876368326,0.723,1.0798820018365654e-27,6.426189638112493e-32,6.4242353163096375,2.0,0.0,0.0,7.876699999999998,70.18937738401385,113.60023506626207,0.097,0.115,0.7896777823897543,1.024,0.024,0.24,10,15.083288911064992,8.363009211064645,0.096,-0.20004438369070857
36160744_21,GAS_COST=4/SEED=18/36160744_21,4.0,18,0.02,inventory,50,15,100,1005,1000,PPO,1.7630536694652752,4.710854616283294,0.5863138181657632,-5.519345011692184,9.18804236775662,-9.592356919768916,-14.652014826951506,0.18891097093919748,3.7060683186427985,0.537,2.6171987935652305e-30,3.0015776146043076e-36,0.4045369104539261,17.95086705202312,0.0,10.290177810117166,-5.048410404624278,0.4963872832369942,46.08145948076961,-0.14884393063583815,0.0,1.5137467751713878,0.699,0.007,0.07,10,3.417079326136149,1.6355093696228815,0.028,0.00948371295200756
36160744_21,GAS_COST=4/SEED=18/36160744_21,4.0,18,0.02,inventory,50,15,100,1005,1000,PPO_narrow,2.575880175161159,6.234510734945397,0.6547096094281528,-6.092061568935884,14.045307649517929,-10.257733946852127,-16.377306212419533,1.0820504577657368,4.911235685613761,0.541,4.247248181622544e-36,3.185392845406364e-43,0.8574870606467733,2.0,0.0,0.0,-9.04264705882353,4.745588235294117,48.92977806232493,1.8029411764705883,0.0,0.8874899482836401,0.682,0.002,0.02,10,4.6501495009621046,2.0112687747646465,0.008,-0.05500055103629881
36160744_22,GAS_COST=4/SEED=18/36160744_22,4.0,18,0.03,inventory,0,15,100,1005,1000,PPO,-0.040765487466170154,13.83055486705936,1.0243699989453603,-26.31125890889635,18.165261901907048,-39.12999698108205,-62.655411654649455,-1.4463109648783676,5.424340553751017,0.551,0.925794057316726,0.0001777766660171042,-0.040765487466170154,12.963356973995271,0.0,3.6730865889689635,1.9899602236481673,53.38510279455057,113.35794653344074,-3.1317966903073287,0.0,3.5528855966220028,0.846,0.0,0.0,10,6.586242504898606,6.607475351865722,0.0,-0.01953264049905363
36160744_22,GAS_COST=4/SEED=18/36160744_22,4.0,18,0.03,inventory,0,15,100,1005,1000,PPO_narrow,1.2913204833363217,12.90264782155704,2.1422555105081074,-23.890209481587167,18.61299295810573,-32.169302259587546,-44.28754180588011,-0.6835273003844823,2.359569292440839,0.545,0.0016071009609291938,3.805220289344857e-08,1.2913204833363217,2.0,0.0,0.0,12.1004816955684,41.260318508526666,90.28241725393899,-0.6624277456647398,0.0,0.701302587991674,0.865,0.0,0.0,10,7.330695633331503,6.001401666126605,0.0,-0.03797348386857603
36160744_23,GAS_COST=4/SEED=18/36160744_23,4.0,18,0.03,inventory,50,15,100,1005,1000,PPO,0.008809055459045225,0.2877322633812043,0.0,0.0,0.0,-0.10791217190991119,-0.539560859549556,2.402331276292896,254.78058838284835,0.004,0.3334475822632284,0.5001842570707944,-0.00796003391845614,4.0,0.0,0.0,-7.4,0.0,40.922365523024204,10.0,0.0,0.0,0.005,0.0,0.0,10,0.01504536253728108,0.006236307078235856,0.0,0.0
36160744_23,GAS_COST=4/SEED=18/36160744_23,4.0,18,0.03,inventory,50,15,100,1005,1000,PPO_narrow,0.0,0.0,0.0,0.0,0.0,0.0,0.0,,,0.0,,,0.0,,,,,,,,,,0.0,0.0,0.0,10,0.0,0.0,0.0,0.0
36073407_0,GAS_COST=4/SEED=2/36073407_0,4.0,2,0.01,inventory,0,15,100,1005,1000,PPO,25.794233508466633,17.500813150306506,25.68456412450007,-2.3961595752681766,54.40209706134795,-9.55195631421018,-20.473768469263042,0.10131606116774758,0.14525345960618985,0.936,1.1080503011302557e-252,3.178739488524181e-154,25.794233508466633,6.4397,2.9447927454319798,2.2114325470156215,0.04894999999999999,28.470433266568296,11.738792373898603,-0.46083988095238093,2.604554871556806,1.647968774006864,4.322,3.322,33.22,10,48.93405940089478,9.600658077098364,13.288,-0.2511678153297877
36073407_0,GAS_COST=4/SEED=2/36073407_0,4.0,2,0.01,inventory,0,15,100,1005,1000,PPO_narrow,33.28686088456957,19.95218806580699,32.659014243674505,3.4944539195382682,67.91066671334627,-4.735725896106041,-16.466156764190238,0.27664270210755393,0.3281149800093317,0.964,6.613044172497977e-291,3.379995606904824e-161,33.28686088456957,1.9999,0.00030000000000000046,0.003160696125855824,0.7186500000000001,27.500341869484384,10.596343929747656,-0.06899345238095238,1.314382818098265,0.7232178647131758,5.747,4.747,47.47,10,64.26296601727122,11.741958818491636,18.988,-0.24614631421001315
36073407_1,GAS_COST=4/SEED=2/36073407_1,4.0,2,0.01,inventory,50,15,100,1005,1000,PPO,16.32728317698517,15.165390003753423,13.610304753633159,-2.725886682619119,45.097946037891774,-6.570121458482308,-11.514863708604263,0.798988040934445,0.4331245828942598,0.919,3.694608422651343e-169,1.7096070385796822e-143,6.006024143262753,10.0444,3.586754433638234,5.016294313534643,-33.78940000000001,34.19975677111758,35.32366844822321,-4.447105357142857,1.5909329158453773,1.5714606183861353,2.628,1.628,16.279999999999998,10,28.666810322753683,5.769982339544007,6.512,-0.057544806224507555
36073407_1,GAS_COST=4/SEED=2/36073407_1,4.0,2,0.01,inventory,50,15,100,1005,1000,PPO_narrow,21.630838956032175,18.10771293449954,17.68801882903955,-0.16726704501339204,56.809247167893815,-4.677214261202014,-11.582670538119737,0.9082974976505388,0.7927395454351562,0.947,1.4997598075599248e-194,3.286469039443734e-156,9.028260279760897,1.9988,0.0016481555180522206,0.022328457179124586,-31.9461,34.08549424415099,35.17787017131651,-1.234489285714286,1.7302036443389628,1.7474806939521663,3.014,2.014,20.139999999999997,10,36.472557195240086,6.616439014973833,8.056,-0.1692792242340782
36073407_2,GAS_COST=4/SEED=2/36073407_2,4.0,2,0.02,inventory,0,15,100,1005,1000,PPO,5.401098804517445,18.090405316584633,7.993435919756621,-25.413033028647906,32.83336627949577,-36.32846193360882,-50.481411700035174,-0.4068661863356521,0.5162027684767803,0.663,2.616432945301895e-20,3.915191011088567e-23,5.401098804517445,8.986799999999999,0.9166936844683496,2.4651502509989123,28.3113,70.54994060159146,93.44116083027865,-0.8171666666666666,0.1804574013243215,0.4068712258742862,1.271,0.271,2.71,10,16.17014537294683,9.447958648118036,1.084,-0.23708792031134923
36073407_2,GAS_COST=4/SEED=2/36073407_2,4.0,2,0.02,inventory,0,15,100,1005,1000,PPO_narrow,6.612275969176343,18.236838640398567,7.598012007090404,-24.265322835023095,34.81409255433276,-35.891365287267824,-50.88159509462345,-0.3313852669674582,0.832773492323585,0.721,1.182797410286339e-28,1.463290687413919e-32,6.612275969176343,2.0,0.0,0.0,11.2616,70.57499867572628,111.0683894068875,0.0275,0.0405,0.3217044451045089,1.051,0.051,0.51,10,15.5767671356451,8.552015823164092,0.204,-0.20847534330466522
36073407_3,GAS_COST=4/SEED=2/36073407_3,4.0,2,0.02,inventory,50,15,100,1005,1000,PPO,1.2203937101043056,3.650538068198709,0.0,-4.126200885412902,7.823838917343237,-8.566410300158047,-13.691297229292559,-0.5240730761556194,3.4290819178855525,0.458,8.214989963128671e-25,2.8377304035511167e-33,0.29225271050956386,25.117039586919105,0.0,4.080523680595336,-10.28829604130809,0.0,46.21245669616741,0.4173838209982788,0.0,0.8436605995556169,0.581,0.0,0.0,10,2.515183975606541,1.2947902655022352,0.0,0.0
36073407_3,GAS_COST=4/SEED=2/36073407_3,4.0,2,0.02,inventory,50,15,100,1005,1000,PPO_narrow,1.3271317767233268,4.4471524392613375,0.0,-2.6402247601478166,10.600993087436198,-7.4033554569660325,-12.68105491129844,1.4645555406857615,5.8470696535240645,0.287,2.71883287859758e-20,7.147821249733772e-22,0.4884252986046162,2.0,0.0,0.0,-11.104508196721312,0.0,46.357963710114504,-1.653688524590164,0.0,4.863816166988814,0.488,0.0,0.0,10,2.37212138612179,1.0449896093984639,0.0,0.0
36073407_4,GAS_COST=4/SEED=2/36073407_4,4.0,2,0.03,inventory,0,15,100,1005,1000,PPO,-0.4027802729841479,15.746970625267396,3.1238150634520707,-32.04173524002133,19.827027891686974,-43.60041774687861,-59.57746806990866,-1.10417660811911,1.965078430415308,0.622,0.41902324851449163,0.003766341414170007,-0.4027802729841479,18.376156217882837,0.0,5.267395379553104,4.5977874842982756,64.72470883200471,120.60800200052013,-4.157245632065776,0.0,3.4635736848513257,0.973,0.0,0.0,10,8.199717257927311,8.369395747126411,0.0,-0.2331017837850478
36073407_4,GAS_COST=4/SEED=2/36073407_4,4.0,2,0.03,inventory,0,15,100,1005,1000,PPO_narrow,0.0964713179157136,21.608472923836356,4.591528776128712,-39.48090507159393,30.516724477229925,-56.168761744772,-77.51757365376551,-0.9939289254221594,1.4110702917728162,0.639,0.8878117262763568,0.0004431826460404742,0.0964713179157136,2.0,0.0,0.0,7.0762,97.20257029467435,163.30558237108735,0.0,0.0,0.0,1.0,0.0,0.0,10,12.693907298638926,12.311328055715348,0.0,-0.28610792500786386
36073407_5,GAS_COST=4/SEED=2/36073407_5,4.0,2,0.03,inventory,50,15,100,1005,1000,PPO,0.05853146609081557,0.7337214938723232,0.0,0.0,0.0,-0.43301910654482983,-2.1650955327241492,3.8451023170484153,71.82576500828392,0.027,0.011843682413493364,0.0031865045199444574,0.006027479558608374,14.243243243243244,0.0,3.619805918385497,-22.66216216216216,0.0,51.17577737484453,-7.878378378378378,0.0,1.8099029591927485,0.037,0.0,0.0,10,0.11736728654245149,0.05883582045163591,0.0,0.0
36073407_5,GAS_COST=4/SEED=2/36073407_5,4.0,2,0.03,inventory,50,15,100,1005,1000,PPO_narrow,0.0,0.0,0.0,0.0,0.0,0.0,0.0,,,0.0,,,0.0,,,,,,,,,,0.0,0.0,0.0,10,0.0,0.0,0.0,0.0
36160744_24,GAS_COST=4/SEED=20/36160744_24,4.0,20,0.01,inventory,0,15,100,1005,1000,PPO,25.60651366884917,18.111032841844597,24.921467549018757,-4.470646529991432,54.528681844507,-10.601016632651918,-20.80958000446851,0.14480060199699699,0.1858058965611784,0.921,1.736243851078041e-240,5.319016074516566e-152,25.60651366884917,6.2568,3.0769712101296505,2.6901140793654084,1.4683,28.641921090307665,12.128735305463632,0.34961805555555553,3.1264388767008477,2.308282204841687,4.178,3.178,31.78,10,47.82210684828291,9.249206079031673,12.712,-0.25438710040206014
36160744_24,GAS_COST=4/SEED=20/36160744_24,4.0,20,0.01,inventory,0,15,100,1005,1000,PPO_narrow,33.24528548937984,19.986706412769546,32.711019958997326,2.123585374334562,67.216976822582,-5.572630242734997,-18.024512258733306,0.16978071440447695,0.028149953309685394,0.964,5.897003320632781e-290,1.3245959895424062e-160,33.24528548937984,1.9981,0.003589897948556637,0.023374986631012215,1.32655,27.66013315528361,10.825231295334987,0.1499734126984127,1.1817179997606668,0.683523074623159,5.534,4.534,45.339999999999996,10,63.18550233993187,11.58638830795645,18.136,-0.21782854259559448
36160744_25,GAS_COST=4/SEED=20/36160744_25,4.0,20,0.01,inventory,50,15,100,1005,1000,PPO,16.90761577793637,14.682729079610347,14.000845564700342,-1.9710421249566024,44.29770608324564,-5.705684147341683,-9.749372587324638,0.7192868347927895,0.13443670267257524,0.918,2.5120378672674492e-185,3.8985140114823707e-149,6.3603942823349895,13.9787,2.3676251587788175,3.5209595723325195,-33.01525,34.35972479729011,35.19090209041962,-3.4884392857142856,2.0416806930814255,1.8444476728659882,2.603,1.603,16.03,10,29.198743116292746,5.833143264416716,6.412,-0.04598407393965516
36160744_25,GAS_COST=4/SEED=20/36160744_25,4.0,20,0.01,inventory,50,15,100,1005,1000,PPO_narrow,21.455566202295426,17.781623407838662,18.14548667205736,-0.001462137578266637,55.41937876704717,-4.580416354443421,-12.531004431601446,0.7327878807068319,0.23351582647265579,0.903,4.012341942858182e-197,4.675568333814975e-150,8.311890037175038,2.0,0.0,0.0,-31.3195,34.079266475983125,35.52913212773428,-1.129470634920635,1.0038421244586269,1.1043113480164455,2.893,1.893,18.93,10,35.89162569858559,6.671353842683693,7.572,-0.1927056536064769
36160744_26,GAS_COST=4/SEED=20/36160744_26,4.0,20,0.02,inventory,0,15,100,1005,1000,PPO,5.22115097116158,17.839791875688068,7.105588194888128,-25.62358184511073,32.620508442128795,-36.70439277072192,-51.11121655859845,-0.4361733109722756,0.651812903292412,0.679,1.3198099447385767e-19,3.1650176658021377e-23,5.22115097116158,9.4453,0.5000636798778575,1.931900077643769,19.165449999999996,71.91062977921683,103.66501246224543,-0.12325,0.17325,0.6253974236435582,1.136,0.136,1.36,10,14.83645102112511,8.893214368377357,0.544,-0.17808568158617444
36160744_26,GAS_COST=4/SEED=20/36160744_26,4.0,20,0.02,inventory,0,15,100,1005,1000,PPO_narrow,6.477607686199505,17.950551852566374,7.581377161501109,-23.96664213352248,34.81409255433276,-35.36628440504408,-50.708465953253054,-0.29864590423878545,0.9643093515796797,0.73,2.0575071009793284e-28,4.557474664873838e-33,6.477607686199505,2.0,0.0,0.0,4.883099999999998,69.80510260968057,116.80472500883685,0.0,0.0,0.0,1.0,0.0,0.0,10,14.950367918276621,8.221281446766705,0.0,-0.2514787853104095
36160744_27,GAS_COST=4/SEED=20/36160744_27,4.0,20,0.02,inventory,50,15,100,1005,1000,PPO,1.3646014737600254,3.854784798929239,0.11638264134199972,-4.539241099763399,8.270698735860638,-8.370936284526872,-13.732868139763696,-0.15076667589699594,3.056328166125409,0.519,1.834019501463066e-27,6.17608311462457e-39,0.3792396549723014,18.192901234567902,0.06018518518518518,4.319312671387469,-12.637345679012345,0.9398148148148148,46.330821128845734,-3.821759259259259,0.016203703703703703,0.9572563952470761,0.654,0.006,0.06,10,2.7593275037252916,1.368072397200375,0.024,-0.002653632764891114
36160744_27,GAS_COST=4/SEED=20/36160744_27,4.0,20,0.02,inventory,50,15,100,1005,1000,PPO_narrow,2.9114040033988102,6.326415878176574,1.1723156032514908,-5.373321048938374,14.333388251730176,-9.781507869838105,-15.967599833600195,1.0597713384489746,4.077577047894032,0.555,1.2829725093687263e-43,4.628473949530498e-50,1.1534336215845233,2.0,0.0,0.0,-11.49785100286533,7.364613180515759,49.812467035599056,1.0,0.0,0.0,0.714,0.016,0.16,10,5.2533327541799775,2.2425079958293592,0.064,-0.03542075495180797
36160744_28,GAS_COST=4/SEED=20/36160744_28,4.0,20,0.03,inventory,0,15,100,1005,1000,PPO,-0.5716109478143508,13.852163303461621,2.747640202904904,-28.083988505685323,16.497539333277253,-37.87442430737525,-54.05105414356575,-1.1377854256067566,2.1287767953772887,0.587,0.1924438210907833,0.03575550515420844,-0.5716109478143508,7.880387931034483,0.0,8.914930996765802,21.95003207101806,47.97131894010877,98.24521629341253,7.227909482758621,0.0,6.399130054728055,0.928,0.0,0.0,10,5.785707946550132,6.468862398844386,0.0,0.11154350447990298
36160744_28,GAS_COST=4/SEED=20/36160744_28,4.0,20,0.03,inventory,0,15,100,1005,1000,PPO_narrow,-0.46713026618843606,21.54692859938526,6.027048161931077,-40.118915360960415,28.03926846850437,-56.58750133318832,-77.35510022347786,-0.9843073545562355,1.4084516302955548,0.569,0.49335874241251115,0.019870203065928294,-0.46713026618843606,2.0,0.0,0.0,6.0762,97.20257029467435,163.30558237108735,-1.0,0.0,0.0,1.0,0.0,0.0,10,12.10608109675316,12.311510382966143,0.0,-0.2617009799754546
36160744_29,GAS_COST=4/SEED=20/36160744_29,4.0,20,0.03,inventory,50,15,100,1005,1000,PPO,0.0,0.0,0.0,0.0,0.0,0.0,0.0,,,0.0,,,0.0,,,,,,,,,,0.0,0.0,0.0,10,0.0,0.0,0.0,0.0
36160744_29,GAS_COST=4/SEED=20/36160744_29,4.0,20,0.03,inventory,50,15,100,1005,1000,PPO_narrow,0.0,0.0,0.0,0.0,0.0,0.0,0.0,,,0.0,,,0.0,,,,,,,,,,0.0,0.0,0.0,10,0.0,0.0,0.0,0.0
36073407_10,GAS_COST=4/SEED=4/36073407_10,4.0,4,0.03,inventory,0,15,100,1005,1000,PPO,-2.033219113493866,20.66554979639617,3.2745732196005974,-40.8806110669114,23.479294233395223,-57.07399865865671,-78.56047986652135,-1.1930543853119877,1.6108370802159673,0.623,0.0019257627928300216,0.24824904488994892,-2.033219113493866,27.0,0.0,0.0,5.5762,97.20257029467435,163.30558237108735,-1.5,0.0,0.0,1.0,0.0,0.0,10,10.24349692781059,11.969512348420231,0.0,-0.3072036928842242
36073407_10,GAS_COST=4/SEED=4/36073407_10,4.0,4,0.03,inventory,0,15,100,1005,1000,PPO_narrow,-0.46713026618843606,21.54692859938526,6.027048161931077,-40.118915360960415,28.03926846850437,-56.58750133318832,-77.35510022347786,-0.9843073545562355,1.4084516302955548,0.569,0.49335874241251115,0.019870203065928294,-0.46713026618843606,2.0,0.0,0.0,6.0762,97.20257029467435,163.30558237108735,-1.0,0.0,0.0,1.0,0.0,0.0,10,12.10608109675316,12.311510382966143,0.0,-0.2617009799754546
36073407_11,GAS_COST=4/SEED=4/36073407_11,4.0,4,0.03,inventory,50,15,100,1005,1000,PPO,0.005650588608496719,1.1308784472103808,0.0,0.0,0.0,-1.2533213906797096,-6.266606953398548,-10.971841826108843,231.37081340847294,0.021,0.8745450568316661,0.1385446108913246,-0.0650910533050986,12.0,0.0,0.0,-10.235294117647058,0.4117647058823529,51.3488981630624,-9.0,0.0,0.0,0.034,0.0,0.0,10,0.11217646186605609,0.10652587325755937,0.0,0.0
36073407_11,GAS_COST=4/SEED=4/36073407_11,4.0,4,0.03,inventory,50,15,100,1005,1000,PPO_narrow,0.0,0.0,0.0,0.0,0.0,0.0,0.0,,,0.0,,,0.0,,,,,,,,,,0.0,0.0,0.0,10,0.0,0.0,0.0,0.0
36073407_6,GAS_COST=4/SEED=4/36073407_6,4.0,4,0.01,inventory,0,15,100,1005,1000,PPO,27.070516449726234,18.225040726466595,26.75005688522799,-2.2856646922436483,57.054337434076196,-9.290470207497442,-18.35635132200366,0.18585130688878743,0.21211287287423497,0.939,5.455926834618005e-255,1.8322113127478795e-155,27.070516449726234,5.761,3.977197086797311,3.182527140496998,0.5284,28.249071460350958,13.090216325179657,-0.06765654761904762,2.4354516404954056,1.4768511606473511,4.141,3.141,31.410000000000004,10,49.31103297740356,9.354424210184769,12.564,-0.32209231749256106
36073407_6,GAS_COST=4/SEED=4/36073407_6,4.0,4,0.01,inventory,0,15,100,1005,1000,PPO_narrow,32.549476444381504,19.964426318138653,31.11422944453659,2.939272647867085,67.58715474261409,-4.797992614564732,-16.378007117124376,0.28060653981418127,0.042534037048894024,0.966,1.3303593885416364e-283,5.496180630622812e-161,32.549476444381504,2.0,0.0,0.0,0.6078,27.46506269334656,11.125112096513904,0.006309126984126986,1.66043796999463,1.0060445495485453,5.746,4.746,47.46,10,63.33230527671843,11.689382779598974,18.984,-0.10944605273793948
36073407_7,GAS_COST=4/SEED=4/36073407_7,4.0,4,0.01,inventory,50,15,100,1005,1000,PPO,17.35319133427424,15.244326381089236,15.086161330009872,-2.18617893423194,45.60238715640821,-6.0125108595636725,-11.284305217505743,0.8309578284516705,0.6718706320076779,0.918,1.730423261025672e-182,8.99666349360753e-149,6.36497577452715,9.603200000000001,3.060762247795684,4.352873735820969,-32.841699999999996,34.337686616923065,35.12465531660062,-3.4669803571428575,2.2809595481963587,2.1546986270035764,2.577,1.577,15.77,10,29.536634060238875,5.867436368630989,6.308,-0.008006357333646491
36073407_7,GAS_COST=4/SEED=4/36073407_7,4.0,4,0.01,inventory,50,15,100,1005,1000,PPO_narrow,21.423296825296987,17.650323992879,18.438014267689994,-1.0441065880254599,54.716994405180664,-5.925718575845881,-14.185037845336968,0.7360169293826253,0.4438564421116351,0.907,1.2012010373772738e-198,1.505874504583892e-150,8.13561158272512,1.9997,0.0004582575694955844,0.009482088377567465,-27.68705,33.758655130275145,29.157539930479388,-1.4423896825396825,1.5523304862637823,1.5166853507938116,3.061,2.061,20.61,10,36.70061507086242,6.857352023682519,8.244,-0.17596622188291425
36073407_8,GAS_COST=4/SEED=4/36073407_8,4.0,4,0.02,inventory,0,15,100,1005,1000,PPO,6.478211165847009,18.028462063556418,7.580157008819356,-23.96664213352248,34.8969710777606,-35.36628440504408,-50.708465953253054,-0.2860319175865392,0.9243379640543781,0.727,3.357246971684357e-28,1.3704279971881675e-32,6.478211165847009,2.2041000000000004,0.1543667771220627,1.6645819865659968,7.3367499999999986,69.95986248457794,113.78571963096907,-0.0005,0.0145,0.11884759147748851,1.017,0.017,0.17,10,15.123183578195938,8.426868082115865,0.068,-0.1501043302330625
36073407_8,GAS_COST=4/SEED=4/36073407_8,4.0,4,0.02,inventory,0,15,100,1005,1000,PPO_narrow,6.0328183141186384,18.036297655432765,7.745712212813544,-25.093323719680544,34.07041430377963,-36.663278656398994,-51.969380647238594,-0.36683387474498247,0.9733509813670591,0.723,7.786071748610609e-25,4.006668296917052e-30,6.0328183141186384,1.9986,0.0012481555180522204,0.029292319812537902,5.747899999999998,69.76651608161029,115.9198980356263,0.982625,0.026981502987320178,0.4667319727370304,1.008,0.008,0.08,10,14.601249957341814,8.323605532578354,0.032,-0.21282611064482404
36073407_9,GAS_COST=4/SEED=4/36073407_9,4.0,4,0.02,inventory,50,15,100,1005,1000,PPO,1.5487208413074491,4.1912697150477785,0.011903740319155531,-4.7074985485521035,8.848789934391327,-9.114795499389025,-14.75215184794023,-0.1545626975609705,2.999051547911429,0.504,1.2439741093479237e-29,2.7154452702622603e-38,0.35407789308030396,20.972886762360446,0.0,6.782393365816851,-9.91866028708134,2.6044657097288675,46.74428811705661,-0.35566188197767146,0.0,3.719787898533748,0.627,0.0,0.0,10,3.0737520752872296,1.5669822996762486,0.0,0.04195106569646836
36073407_9,GAS_COST=4/SEED=4/36073407_9,4.0,4,0.02,inventory,50,15,100,1005,1000,PPO_narrow,2.027249415097498,5.227070985448797,0.0,-3.8360978355209907,13.216645045847697,-8.009147652974352,-13.550220197757449,1.300496607445425,4.439431964905985,0.429,2.7779813452140024e-32,2.682467269761055e-37,0.9544412276327997,2.0,0.0,0.0,-14.567944250871081,3.770034843205575,48.10419603591458,0.6907665505226481,0.023519163763066203,1.3065508111651811,0.582,0.008,0.08,10,3.9421463864633113,1.81189608715707,0.032,-0.07100088420874355
36073407_12,GAS_COST=4/SEED=6/36073407_12,4.0,6,0.01,inventory,0,15,100,1005,1000,PPO,25.12199600970996,17.124913970698426,24.794875289774268,-2.541571486780043,53.49724461611059,-9.67116576618021,-20.478524389130722,0.12474894338627016,0.4115574950140224,0.934,2.7400716611989813e-251,5.128524573033346e-154,25.12199600970996,9.347299999999999,5.07779894384122,4.081214612097726,0.26944999999999997,28.1061193498489,11.952567473036913,0.3272734126984127,2.9920972244776185,1.7543614213850394,4.695,3.695,36.95,10,49.83393412517939,9.697657751411564,14.78,-0.2342803640578666
36073407_12,GAS_COST=4/SEED=6/36073407_12,4.0,6,0.01,inventory,0,15,100,1005,1000,PPO_narrow,32.872920323936775,19.883818213595596,32.289081831037834,1.4976325091145726,66.75743102293958,-6.354914186385738,-18.294021242508894,0.21331845553136836,0.29024765938091646,0.961,5.163693496502991e-288,3.578638293040686e-160,32.872920323936775,2.0,0.0,0.0,1.6317,27.777815565127252,10.950265983527524,0.18634801587301586,1.2578510224008963,0.7715532676701268,5.626,4.626,46.260000000000005,10,63.183165637208965,11.588252039194474,18.504,-0.21799327407770547
36073407_13,GAS_COST=4/SEED=6/36073407_13,4.0,6,0.01,inventory,50,15,100,1005,1000,PPO,13.899315032497197,13.890406565362422,11.343884290928202,-2.508720665906304,39.505298830721514,-6.434684799064926,-12.922190546742844,0.8759335375255987,0.6605163364248545,0.819,1.1178500522933397e-152,2.178532967096192e-130,4.517172756431237,12.741400000000002,2.7198795808654697,4.468206132219058,-35.6049,33.70612452874991,36.49203530895475,-7.599465476190477,1.5418936621539991,1.775727230139883,2.506,1.506,15.059999999999999,10,25.315636781706957,5.349674670011098,6.024,-0.04264707919865742
36073407_13,GAS_COST=4/SEED=6/36073407_13,4.0,6,0.01,inventory,50,15,100,1005,1000,PPO_narrow,22.15241445131291,18.090886301521383,18.79722896914319,-0.12474074634972676,56.05905229785815,-4.682737080868963,-11.1818945707804,0.8930950696153866,0.9372360408529019,0.948,6.198296836748167e-201,2.2159191131427888e-156,9.316059020233245,1.998,0.002938053466608855,0.026758176320519304,-31.6575,34.187166800733415,35.179333048680725,-1.0157424603174603,1.4544349150319886,1.394154841300957,2.984,1.984,19.84,10,36.931150203983286,6.689817073352846,7.936,-0.15291867931753353
36073407_14,GAS_COST=4/SEED=6/36073407_14,4.0,6,0.02,inventory,0,15,100,1005,1000,PPO,5.093141639004696,17.68394479958101,6.498859854747366,-24.83355329125575,32.837455783242966,-36.770101936442586,-51.67074234730393,-0.4453712921573543,0.7372128435845973,0.685,4.656798077110694e-19,2.6083513714659075e-23,5.093141639004696,10.5365,0.5522766697409084,1.7434901060803298,19.202150000000003,71.20260781205478,101.18005061709299,1.1490833333333332,0.18543149871593595,0.7397000095759542,1.134,0.134,1.34,10,14.691993910284804,8.90370655686926,0.536,-0.15914571441084588
36073407_14,GAS_COST=4/SEED=6/36073407_14,4.0,6,0.02,inventory,0,15,100,1005,1000,PPO_narrow,6.599634115669207,18.46088171635558,7.587674192391546,-24.70615237997305,37.41727660528061,-35.81836356930529,-50.51366634140194,-0.2961772287161352,0.6964955481700308,0.711,6.045216115047738e-28,4.228694472416665e-31,6.599634115669207,2.0,0.0,0.0,16.1015,70.19170716530961,106.68995738939068,0.05008333333333333,0.07829825296500913,0.23117752618087928,1.14,0.14,1.4000000000000001,10,16.21252396479274,8.863886315495803,0.56,-0.18900353362772995
36073407_15,GAS_COST=4/SEED=6/36073407_15,4.0,6,0.02,inventory,50,15,100,1005,1000,PPO,1.5177141481111076,4.12064197711598,0.19533459909035855,-4.795340301617648,8.918704485778653,-8.935491013561244,-13.573421237717287,-0.23783817804142832,2.1608190241622696,0.514,1.8359540899139966e-29,1.1177855156820579e-35,0.34908637068092047,20.826021180030256,0.0,3.6658856712216488,-7.700453857791225,0.037821482602118005,46.24407701966458,-0.04236006051437216,0.0,1.5015442974869502,0.661,0.0,0.0,10,3.00520937433571,1.4874952262246028,0.0,0.0
36073407_15,GAS_COST=4/SEED=6/36073407_15,4.0,6,0.02,inventory,50,15,100,1005,1000,PPO_narrow,2.354646144279143,5.466517513256973,0.3302793843451468,-4.612653466430669,12.999128458184963,-8.766753980316114,-14.025791549457256,0.9023255642898914,3.1423817774242258,0.52,7.619748866546619e-39,8.907345191446742e-43,0.8973021281782935,2.0,0.0,0.0,-5.887878787878788,1.2712121212121212,46.84273662253667,0.41818181818181815,0.045454545454545456,0.6485202482549748,0.672,0.012,0.12,10,4.222171545039135,1.8154717581595456,0.048,-0.004053642600445791
36073407_16,GAS_COST=4/SEED=6/36073407_16,4.0,6,0.03,inventory,0,15,100,1005,1000,PPO,-1.9019422899562932,20.889120040152946,3.775929450250942,-40.5831793799223,23.95802692417501,-57.382896928884094,-78.9151526921036,-1.1824643252437679,1.5542190117148165,0.622,0.004089945562153249,0.19772956978049894,-1.9019422899562932,24.0,0.0,0.0,8.0762,97.20257029467435,163.30558237108735,1.0,0.0,0.0,1.0,0.0,0.0,10,10.416155513308462,12.021166642477628,0.0,-0.29693116078712944
36073407_16,GAS_COST=4/SEED=6/36073407_16,4.0,6,0.03,inventory,0,15,100,1005,1000,PPO_narrow,-0.353482509815684,21.616876234190542,3.1086649714121677,-40.969948709999066,27.85931980430569,-56.960551847870775,-78.40145415116386,-1.0092831811116711,1.4818734206239732,0.631,0.605380906453055,0.0027613981993987657,-0.353482509815684,2.0,0.0,0.0,8.211599999999999,97.30411958230899,163.33576872638767,0.98375,0.024219927652312366,0.3119269746270752,1.009,0.009,0.09,10,12.247086886426743,12.272315736024721,0.036,-0.29225366021770854
36153140_0,GAS_COST=4/SEED=6/36153140_0,4.0,6,0.03,inventory,50,15,100,1005,1000,PPO,0.0,0.0,0.0,0.0,0.0,0.0,0.0,,,0.0,,,0.0,,,,,,,,,,0.0,0.0,0.0,10,0.0,0.0,0.0,0.0
36153140_0,GAS_COST=4/SEED=6/36153140_0,4.0,6,0.03,inventory,50,15,100,1005,1000,PPO_narrow,0.0,0.0,0.0,0.0,0.0,0.0,0.0,,,0.0,,,0.0,,,,,,,,,,0.0,0.0,0.0,10,0.0,0.0,0.0,0.0
36073407_21,GAS_COST=4/SEED=8/36073407_21,4.0,8,0.02,inventory,50,15,100,1005,1000,PPO,1.5781231788375238,4.457145354963508,0.33279567098941243,-5.401047038896831,8.837043800257327,-9.60850133039441,-14.478575361385037,-0.04238489378741347,2.7523636251983215,0.528,1.797263341174579e-27,9.112217786317513e-36,0.22964779843793684,20.758450704225353,0.002112676056338028,9.228120243770418,-10.679929577464788,3.275,48.21215149112816,-1.4637323943661973,0.027112676056338027,1.57723845364448,0.714,0.004,0.04,10,3.244188577541242,1.635568749585063,0.016,-0.014496649118655378
36073407_21,GAS_COST=4/SEED=8/36073407_21,4.0,8,0.02,inventory,50,15,100,1005,1000,PPO_narrow,2.249411197053668,5.631256140761769,0.0,-5.051872584275361,13.280934557921778,-9.288937642044052,-14.855665278036156,0.992813205311792,3.535764173668329,0.489,5.192467770951116e-34,6.017165698013474e-39,0.882637946452607,2.0,0.0,0.0,-6.482456140350878,1.6626794258373205,45.984201000504235,0.4314194577352472,0.023125996810207338,0.6677236875675304,0.65,0.023,0.22999999999999998,10,4.103612668195105,1.7611999699512622,0.092,-0.0010015011901750128
36073407_22,GAS_COST=4/SEED=8/36073407_22,4.0,8,0.03,inventory,0,15,100,1005,1000,PPO,-0.49050751850862034,16.396000024020545,3.575749467150956,-33.84498822444633,21.01675040533804,-44.36388855600698,-58.67098160339481,-1.015576493111752,1.4871003477270257,0.616,0.34460012720067046,0.006773341700248501,-0.49050751850862034,10.122574055158324,0.0,6.68702730143323,8.816296998881269,65.36863560633287,123.9929911624879,3.7752808988764044,0.0,5.482217682921249,0.979,0.0,0.0,10,8.351897614925539,8.378982971787023,0.0,-0.4634221616471361
36073407_22,GAS_COST=4/SEED=8/36073407_22,4.0,8,0.03,inventory,0,15,100,1005,1000,PPO_narrow,0.0964713179157136,21.608472923836356,4.591528776128712,-39.48090507159393,30.516724477229925,-56.168761744772,-77.51757365376551,-0.9939289254221594,1.4110702917728162,0.639,0.8878117262763568,0.0004431826460404742,0.0964713179157136,2.0,0.0,0.0,7.0762,97.20257029467435,163.30558237108735,0.0,0.0,0.0,1.0,0.0,0.0,10,12.693907298638926,12.311328055715348,0.0,-0.28610792500786386
36073407_23,GAS_COST=4/SEED=8/36073407_23,4.0,8,0.03,inventory,50,15,100,1005,1000,PPO,-0.0010665831596347744,0.10580861463824878,0.0,0.0,0.0,-0.060499284558932234,-0.30249642279466116,-21.04134611435055,694.1789301985959,0.004,0.7500905162914798,0.5001842570707944,-0.0031096722750937004,18.0,0.0,0.0,-55.8,0.0,56.29706919547411,-6.0,0.0,0.0,0.005,0.0,0.0,10,0.006839883147228142,0.007906466306862916,0.0,0.0
36073407_23,GAS_COST=4/SEED=8/36073407_23,4.0,8,0.03,inventory,50,15,100,1005,1000,PPO_narrow,0.010826674889138757,0.9377991835663566,0.0,0.0,0.0,-0.8131815324567969,-4.065907662283985,-4.589104736867983,276.38432954997415,0.015,0.7152669702482854,0.3506564539028397,-0.0440736979570144,2.0,0.0,0.0,-9.4,0.0,49.25383233820491,11.35,0.0,0.47696960070847283,0.02,0.0,0.0,10,0.08114144539533433,0.07031477050619557,0.0,0.0
36152922_0,GAS_COST=4/SEED=8/36152922_0,4.0,8,0.01,inventory,0,15,100,1005,1000,PPO,25.865308919305367,17.638191766304296,26.250567900112173,-3.7246470978614465,53.62617654018608,-10.815312280236698,-21.078886346437173,0.05365256676554553,0.26765317648170317,0.93,3.534970878359787e-251,5.692956655553575e-153,25.865308919305367,8.206700000000001,4.54006558242394,3.1170539151577086,0.4709499999999999,28.533608484133175,12.49537328764131,0.1707628968253968,3.03205136400747,1.9213339957720414,4.291,3.291,32.91,10,48.65234092125464,9.401308656718152,13.164,-0.22172334523111348
36152922_0,GAS_COST=4/SEED=8/36152922_0,4.0,8,0.01,inventory,0,15,100,1005,1000,PPO_narrow,33.12592561584407,19.88199090046683,31.973461235677746,2.3137304309876243,67.47587270334797,-5.203586107388009,-16.844316717179858,0.24915783368428362,0.16714568887276515,0.964,1.7473592836904058e-290,5.989396241795737e-161,33.12592561584407,2.0,0.0,0.0,0.6608999999999999,27.726481847190115,10.753650598285217,0.2659162698412698,1.392289959469463,0.8980050126929761,5.645,4.645,46.449999999999996,10,63.50900481436799,11.5624491690315,18.58,-0.24063002949241694
36152922_1,GAS_COST=4/SEED=8/36152922_1,4.0,8,0.01,inventory,50,15,100,1005,1000,PPO,15.637589813078051,13.814570346953802,13.727779750776733,-2.0054934507768563,41.181567643339825,-6.89517847390126,-12.483801657569984,0.6554639002996402,0.15862945048521793,0.915,4.082484293825924e-181,1.0913269383877833e-145,5.546677360868416,17.9475,2.7412249790421135,4.1924830053322815,-33.24425,34.26953573590632,34.900586233435966,-4.774533333333332,1.1271256695123324,1.2754467906511477,2.463,1.463,14.63,10,27.081637907447895,5.465360073968015,5.852,-0.12668802040182547
36152922_1,GAS_COST=4/SEED=8/36152922_1,4.0,8,0.01,inventory,50,15,100,1005,1000,PPO_narrow,23.72822116530648,18.14504276475459,21.464192188508946,-1.6969976061449183,55.81824337577886,-5.477884705341353,-12.658947393056394,0.6812964786329787,0.6196090443223152,0.931,1.6899046862033993e-218,2.698001755051346e-156,9.280353337395875,1.9877,0.011734364502713302,0.087514056013877,-22.69035,33.5413064488891,24.836845600387743,-0.6578702380952381,1.6483718587749037,1.5057144905174968,3.476,2.476,24.759999999999998,10,41.42758163884032,7.512252904096186,9.904,-0.2831075694376566
36152975_0,GAS_COST=4/SEED=8/36152975_0,4.0,8,0.02,inventory,0,15,100,1005,1000,PPO,4.153841086132098,17.66880688043927,7.443783387574115,-26.13250176050136,29.74904734506893,-37.573568502760764,-51.786297129546696,-0.5829976297957947,0.3505045286355699,0.64,2.317172170092675e-13,7.996340849606418e-17,4.153841086132098,24.7246,1.9873102702908316,5.38499348560423,30.4085,71.37505524045545,88.75325632195137,1.59275,0.940339334126779,1.4469273742620563,1.384,0.384,3.84,10,15.354232717356028,9.465341965670493,1.536,-0.1990496655534354
36152975_0,GAS_COST=4/SEED=8/36152975_0,4.0,8,0.02,inventory,0,15,100,1005,1000,PPO_narrow,6.819952795656835,19.22310237975481,7.987819957461625,-25.336568699074057,37.78027966448178,-35.93494072717001,-50.94473254355622,-0.277336793589314,0.32261612853057775,0.687,1.4336205203337229e-27,1.1579406540007475e-28,6.819952795656835,2.0,0.0,0.0,20.8328,71.37483119816068,98.61533473126784,-0.0645,0.14725567576825294,0.7594448081767805,1.316,0.316,3.16,10,17.917169218856046,9.303168765816173,1.264,-0.5300476573830372
36074271_24,GAS_COST=6/SEED=10/36074271_24,6.0,10,0.01,inventory,0,15,100,1005,1000,PPO,18.316048679954932,17.966433852596637,17.077528697766184,-9.416340583857163,49.88702915726822,-16.88811671097077,-28.486717182449514,0.3321651754295754,0.5165797411883482,0.861,9.17206731943118e-157,2.8948247754124443e-125,18.316048679954932,8.119299999999999,3.2462833758508287,4.55399138229312,0.7345500000000001,33.655229736047524,22.952481430065465,0.04669166666666668,1.8039290835501924,1.9032192280267022,2.086,1.086,10.860000000000001,10,31.23776881392793,6.3867149408780906,6.516,-0.019005193094905847
36074271_24,GAS_COST=6/SEED=10/36074271_24,6.0,10,0.01,inventory,0,15,100,1005,1000,PPO_narrow,21.834149626593383,18.69267055061214,21.462641052354,-7.359014699207767,54.372851485228,-14.578216314586808,-25.036481206067936,0.16393380329927326,-0.08866985782440162,0.878,7.094538348590652e-189,4.876893831510913e-137,21.834149626593383,2.0,0.0,0.0,-0.4164,32.114461136854864,18.172482797900788,-0.022533333333333332,0.5530237370253338,0.4996259979002071,2.767,1.767,17.669999999999998,10,40.177808192260756,7.578118865837119,10.602,-0.1635396998302536
36074271_25,GAS_COST=6/SEED=10/36074271_25,6.0,10,0.01,inventory,50,15,100,1005,1000,PPO,11.595016251964644,14.64944474030423,9.00675100114961,-7.4958967383498125,38.67051143319712,-13.410969268099686,-22.56717789609279,0.7006496780830743,0.6581336638061908,0.75,1.2333990013191492e-107,1.499290011885043e-97,1.8267464349467086,10.7054,2.2719017357525333,3.2587775069801865,-35.2736,34.10959528442576,36.44744679727237,-7.749204761904761,0.9391505404029117,1.1335046737828336,2.29,1.29,12.9,10,24.542275575786842,5.1745869442280545,7.74,-0.032672379594145755
36074271_25,GAS_COST=6/SEED=10/36074271_25,6.0,10,0.01,inventory,50,15,100,1005,1000,PPO_narrow,13.604358178516284,13.690539334715844,11.208998452709636,-4.034850400824746,38.8254734263711,-10.043577784860368,-18.710978765175003,0.6971213548500433,0.6585024563983266,0.899,3.5856796339691925e-151,3.783979694260298e-132,4.328877109583172,2.0,0.0,0.0,-21.227162758356112,27.268386595361743,33.625089607212644,0.3229175658178679,0.729746535753298,1.0338371513084836,1.886,0.893,8.93,10,23.74225892808539,4.754958274998059,5.358,-0.024942474571047618
36074271_26,GAS_COST=6/SEED=10/36074271_26,6.0,10,0.02,inventory,0,15,100,1005,1000,PPO,4.688476420932359,17.125727153227068,6.083254921384992,-24.585782904795696,30.93727208931664,-36.114603842315404,-52.803190492687825,-0.41697107179318554,1.290272946478229,0.659,1.979384813156042e-17,3.33525765667989e-22,4.688476420932359,8.011700000000001,0.012608172370956731,0.17986970284069526,0.04634999999999991,69.60468534462863,115.28111729237143,-3.9780833333333336,0.020040861569471827,0.37564602686571835,1.007,0.007,0.07,10,13.067619808405862,8.112883823030687,0.042,-0.22425956444281503
36074271_26,GAS_COST=6/SEED=10/36074271_26,6.0,10,0.02,inventory,0,15,100,1005,1000,PPO_narrow,5.933460097663669,17.90971820218152,6.091930211397823,-25.397960565051893,34.14708951215819,-35.25641718532165,-49.87788663145676,-0.19293710335889838,1.1485678988838357,0.67,2.036722850221481e-24,6.130584596811779e-28,5.933460097663669,2.0,0.0,0.0,3.8830999999999976,69.80510260968057,116.80472500883685,-1.0,0.0,0.0,1.0,0.0,0.0,10,14.384037507110762,8.240094571283741,0.0,-0.21048283816335053
36074271_27,GAS_COST=6/SEED=10/36074271_27,6.0,10,0.02,inventory,50,15,100,1005,1000,PPO,1.683528144476801,4.534351639083126,0.610318867842409,-5.782914724591774,9.330741972994645,-10.046150689731498,-15.94772712807586,-0.1974502194895747,3.34341044543706,0.558,6.960038499691353e-30,4.815090639730435e-41,0.19932650873706576,22.26384839650146,0.0,3.370521202749296,-13.491982507288629,7.830903790087463,50.72233632426758,-1.7762390670553936,0.0,2.595382392266875,0.686,0.0,0.0,10,3.3646421744842274,1.6649935387721049,0.0,-0.016120491235321194
36074271_27,GAS_COST=6/SEED=10/36074271_27,6.0,10,0.02,inventory,50,15,100,1005,1000,PPO_narrow,1.9826261772060554,5.086753632151063,0.0,-3.0947381245993255,12.487457292622581,-7.954431940995208,-13.988916170748144,1.2058548576916646,4.632640364667998,0.461,1.4443335147695965e-32,2.9828597814431734e-39,0.8622474334160675,2.0,0.0,0.0,-14.166931637519873,1.8235294117647058,47.9046146214735,-0.5707472178060413,0.0,2.769956279122005,0.629,0.0,0.0,10,3.5564619835594926,1.5687843718170342,0.0,-0.0050514345364029494
36074271_28,GAS_COST=6/SEED=10/36074271_28,6.0,10,0.03,inventory,0,15,100,1005,1000,PPO,-1.986460272075848,20.91638134504721,4.047821456983115,-40.574916976521614,23.53246045620372,-57.55726917007941,-79.09306170072657,-1.1905795199507814,1.5445212036180775,0.62,0.0027509685991681516,0.2421588730877008,-1.986460272075848,26.0,0.0,0.0,9.076199999999998,97.20257029467435,163.30558237108735,2.0,0.0,0.0,1.0,0.0,0.0,10,10.302221860114784,11.986188607464884,0.0,-0.30249352472574703
36074271_28,GAS_COST=6/SEED=10/36074271_28,6.0,10,0.03,inventory,0,15,100,1005,1000,PPO_narrow,-1.3177439667406994,21.31733669064314,4.383849632656506,-40.48688358239932,27.1839117759774,-56.60048544774467,-76.97352221503735,-0.9544253444421421,1.4394098886781874,0.543,0.051003249665201734,0.1687782973588382,-1.3177439667406994,2.0,0.0,0.0,5.0762,97.20257029467433,163.30558237108735,-2.0,0.0,0.0,1.0,0.0,0.0,10,11.202783989848283,12.210107951352903,0.0,-0.31042000523608043
36074271_29,GAS_COST=6/SEED=10/36074271_29,6.0,10,0.03,inventory,50,15,100,1005,1000,PPO,0.0,0.0,0.0,0.0,0.0,0.0,0.0,,,0.0,,,0.0,,,,,,,,,,0.0,0.0,0.0,10,0.0,0.0,0.0,0.0
36074271_29,GAS_COST=6/SEED=10/36074271_29,6.0,10,0.03,inventory,50,15,100,1005,1000,PPO_narrow,0.0,0.0,0.0,0.0,0.0,0.0,0.0,,,0.0,,,0.0,,,,,,,,,,0.0,0.0,0.0,10,0.0,0.0,0.0,0.0
36160813_0,GAS_COST=6/SEED=12/36160813_0,6.0,12,0.01,inventory,0,15,100,1005,1000,PPO,15.674035879574054,16.274264195598604,15.432592791768116,-9.904144938192923,44.34128947470512,-16.576348927180472,-29.38626081093829,0.10779191615506993,0.12699544739734714,0.836,1.5663572674953802e-144,9.746992064498584e-116,15.674035879574054,14.7994,2.9496493772791226,3.822538376524165,3.1111999999999997,34.240810473110045,23.687414476046133,-0.020099999999999986,2.2691539037402766,2.5429996266439185,2.064,1.064,10.64,10,28.18189866123461,6.0674743684257875,6.384,-0.05638841323476646
36160813_0,GAS_COST=6/SEED=12/36160813_0,6.0,12,0.01,inventory,0,15,100,1005,1000,PPO_narrow,21.447261832439374,18.743628236536193,20.485311988625426,-8.068673783601179,54.5560620804384,-14.697468596880634,-25.02403131535158,0.19842710452140763,-0.056076061189013426,0.879,9.274487318078831e-184,1.4416408211738744e-135,21.447261832439374,2.0,0.0,0.0,2.7565999999999997,32.45823810859553,19.11447714273137,-0.11555,0.4670875250415263,0.45495314502338224,2.529,1.529,15.289999999999997,10,38.04864592543908,7.292625443236957,9.174,-0.13475864976274463
36160813_1,GAS_COST=6/SEED=12/36160813_1,6.0,12,0.01,inventory,50,15,100,1005,1000,PPO,11.527723643336609,12.715537418545855,9.99796344159438,-6.392454441462563,33.7539103897715,-13.258261891839544,-23.738406318965893,0.40895519425149257,0.5859236199245812,0.87,2.7711788398736018e-132,1.321081350594609e-116,2.146262799054971,17.363968574311663,1.9613138559608192,3.8302360365170394,-29.155257636185993,31.574824685285755,35.933426828209164,-5.040026908846284,1.420431155005225,2.6132115294285017,2.075,1.084,10.84,10,22.925670162780442,4.72580567694638,6.504,-0.1681408424974559
36160813_1,GAS_COST=6/SEED=12/36160813_1,6.0,12,0.01,inventory,50,15,100,1005,1000,PPO_narrow,14.140307382954031,14.673053926908265,11.662960881096922,-4.615317050510873,41.77321067573727,-11.028955709484059,-22.099852245820294,0.7545725389181029,1.0154918225077445,0.88,1.1756385986901488e-144,1.5026303330251246e-128,4.65328667752698,2.0,0.0,0.0,-23.485209675596245,27.856262896072742,34.46436083984351,0.07193842949183743,1.2196255900461566,1.7770842913765164,2.008,1.025,10.249999999999998,10,25.423882163839114,4.916628068227346,6.15,-0.21694671265773605
36160813_2,GAS_COST=6/SEED=12/36160813_2,6.0,12,0.02,inventory,0,15,100,1005,1000,PPO,5.052329239872711,17.574280931778024,6.067765746415716,-25.135484232489365,33.3476096114548,-35.53520770266629,-49.812492117208,-0.22824806686939697,1.090481669933932,0.642,5.362193557288889e-19,3.092086012630064e-23,5.052329239872711,2.0,0.0,0.0,2.883099999999998,69.80510260968059,116.80472500883685,-2.0,0.0,0.0,1.0,0.0,0.0,10,13.450661514554527,8.193811621284054,0.0,-0.2045206533977625
36160813_2,GAS_COST=6/SEED=12/36160813_2,6.0,12,0.02,inventory,0,15,100,1005,1000,PPO_narrow,6.477607686199505,17.950551852566374,7.581377161501109,-23.96664213352248,34.81409255433276,-35.36628440504408,-50.708465953253054,-0.29864590423878545,0.9643093515796797,0.73,2.0575071009793284e-28,4.557474664873838e-33,6.477607686199505,2.0,0.0,0.0,4.883099999999998,69.80510260968057,116.80472500883685,0.0,0.0,0.0,1.0,0.0,0.0,10,14.950367918276621,8.221281446766705,0.0,-0.2514787853104095
36160813_3,GAS_COST=6/SEED=12/36160813_3,6.0,12,0.02,inventory,50,15,100,1005,1000,PPO,1.4114837669127838,3.922635844361022,0.32850754906405655,-4.459482449829949,8.197412358567236,-8.69007392868703,-13.770712814437308,-0.2677851235254235,2.9407503989977615,0.534,2.861954560506073e-28,1.5675032943655568e-39,0.3129018475196766,22.566176470588236,0.0,3.773168051562072,-12.771323529411765,2.054411764705882,47.261470609055564,-2.0977941176470587,0.0,3.483838039723463,0.68,0.0,0.0,10,2.9844051112399574,1.6159461599847809,0.0,0.043024815657607095
36160813_3,GAS_COST=6/SEED=12/36160813_3,6.0,12,0.02,inventory,50,15,100,1005,1000,PPO_narrow,2.2148772903809686,5.384048177107782,0.0,-3.854667503045397,13.795307323397816,-7.521525191983333,-12.258695556408544,1.5537319169234107,5.00730028813018,0.444,7.996665701756752e-36,6.766053213651022e-40,1.0363424552971776,2.0,0.0,0.0,-10.025134649910234,3.0754039497307,47.51997875437971,0.9712746858168761,0.0,0.4785157988928598,0.557,0.0,0.0,10,3.9386289828110392,1.7074052819129646,0.0,-0.01634641051710662
36160813_4,GAS_COST=6/SEED=12/36160813_4,6.0,12,0.03,inventory,0,15,100,1005,1000,PPO,-1.8944239464551147,20.566292397328663,2.9540604005425166,-40.56292827761218,23.88584558664923,-56.430368405614466,-77.91329011937101,-1.1363802411981705,1.6130831513088637,0.625,0.0036779352788861457,0.18884709377823516,-1.8944239464551147,20.0,0.0,0.0,2.0762000000000005,97.20257029467435,163.30558237108735,-5.0,0.0,0.0,1.0,0.0,0.0,10,10.405330644937992,11.974869267219352,0.0,-0.32488532417375715
36160813_4,GAS_COST=6/SEED=12/36160813_4,6.0,12,0.03,inventory,0,15,100,1005,1000,PPO_narrow,0.624698917392113,15.425621230751009,3.397955401506067,-29.176476223403508,21.70675549408789,-39.528107129433536,-52.77821186238939,-0.8018140084027613,1.687087104740164,0.627,0.20084139022448216,4.46425237072439e-06,0.624698917392113,2.0,0.0,0.0,4.9260672105099355,59.99118109845056,116.42542686400121,1.4231166150670795,0.0,1.742601103111088,0.969,0.0,0.0,10,9.166083985750532,8.040621343898948,0.0,-0.5007637244594703
36160813_5,GAS_COST=6/SEED=12/36160813_5,6.0,12,0.03,inventory,50,15,100,1005,1000,PPO,0.0,0.0,0.0,0.0,0.0,0.0,0.0,,,0.0,,,0.0,,,,,,,,,,0.0,0.0,0.0,10,0.0,0.0,0.0,0.0
36160813_5,GAS_COST=6/SEED=12/36160813_5,6.0,12,0.03,inventory,50,15,100,1005,1000,PPO_narrow,-0.0788453760064101,0.5614893744929713,0.0,0.0,0.0,-1.6029738827405096,-4.707221192403461,-7.258525949892338,53.96042107887394,0.004,1.0075057127780152e-05,8.412543893299905e-06,-0.09979927328661414,2.0,0.0,0.0,-70.4857142857143,1.0375845183179366,42.35126193816546,3.6,0.0,10.287856919689348,0.04,0.0,0.0,10,0.08971436568327679,0.1685597416896869,0.0,0.0
36160813_10,GAS_COST=6/SEED=14/36160813_10,6.0,14,0.03,inventory,0,15,100,1005,1000,PPO,0.0964713179157136,21.608472923836356,4.591528776128712,-39.48090507159393,30.516724477229925,-56.168761744772,-77.51757365376551,-0.9939289254221594,1.4110702917728162,0.639,0.8878117262763568,0.0004431826460404742,0.0964713179157136,2.0,0.0,0.0,7.0762,97.20257029467435,163.30558237108735,0.0,0.0,0.0,1.0,0.0,0.0,10,12.693907298638926,12.311328055715348,0.0,-0.28610792500786386
36160813_10,GAS_COST=6/SEED=14/36160813_10,6.0,14,0.03,inventory,0,15,100,1005,1000,PPO_narrow,0.0964713179157136,21.608472923836356,4.591528776128712,-39.48090507159393,30.516724477229925,-56.168761744772,-77.51757365376551,-0.9939289254221594,1.4110702917728162,0.639,0.8878117262763568,0.0004431826460404742,0.0964713179157136,2.0,0.0,0.0,7.0762,97.20257029467435,163.30558237108735,0.0,0.0,0.0,1.0,0.0,0.0,10,12.693907298638926,12.311328055715348,0.0,-0.28610792500786386
36160813_11,GAS_COST=6/SEED=14/36160813_11,6.0,14,0.03,inventory,50,15,100,1005,1000,PPO,0.0,0.0,0.0,0.0,0.0,0.0,0.0,,,0.0,,,0.0,,,,,,,,,,0.0,0.0,0.0,10,0.0,0.0,0.0,0.0
36160813_11,GAS_COST=6/SEED=14/36160813_11,6.0,14,0.03,inventory,50,15,100,1005,1000,PPO_narrow,0.0,0.0,0.0,0.0,0.0,0.0,0.0,,,0.0,,,0.0,,,,,,,,,,0.0,0.0,0.0,10,0.0,0.0,0.0,0.0
36160813_6,GAS_COST=6/SEED=14/36160813_6,6.0,14,0.01,inventory,0,15,100,1005,1000,PPO,18.705690721639243,17.52350850372264,17.924433456494114,-8.108639998400735,49.3038850088557,-16.286874439449697,-29.56600296713424,0.2356246774792901,0.5148696672049007,0.865,3.547019785234636e-167,7.619754162744298e-129,18.705690721639243,10.4215,5.564676448564619,7.06179210611584,-0.5636500000000001,33.943664814487335,23.84945431613688,-0.18985833333333335,1.734166605565283,1.9883682923547303,2.148,1.148,11.48,10,32.103547998634305,6.344176102171497,6.888,-0.1656811748235701
36160813_6,GAS_COST=6/SEED=14/36160813_6,6.0,14,0.01,inventory,0,15,100,1005,1000,PPO_narrow,22.592655671120315,18.487671033198062,22.108691236679306,-6.385471266122726,55.08876137275391,-13.770892588260597,-24.603075800106694,0.16094626806224696,0.01886217337013596,0.893,2.0762424071667237e-200,2.960083429300857e-141,22.592655671120315,1.9995,0.0007898979485566354,0.013028814220795382,2.8309499999999996,31.742283818270497,18.02446461333873,0.011058333333333333,0.5979127627737404,0.5949084938388984,2.834,1.834,18.34,10,41.52842471054601,7.772794683825627,11.004,-0.1589743556000644
36160813_7,GAS_COST=6/SEED=14/36160813_7,6.0,14,0.01,inventory,50,15,100,1005,1000,PPO,10.290071841572034,12.092955846935086,8.742668333046709,-7.843272467518641,32.37804790000685,-13.78184561895224,-24.828938641425587,0.3907863685713182,0.8714744903085867,0.859,2.7070165173637206e-120,3.313035030672638e-109,2.043354126728942,21.034431469010205,2.7728067095813302,5.772802428127889,-26.598672804126664,29.38867678874264,34.43164136525445,-2.062602091990257,1.7986929683258857,2.866785553319579,1.992,0.995,9.95,10,20.608915449804428,4.165610447035179,5.97,-0.18323316119721275
36160813_7,GAS_COST=6/SEED=14/36160813_7,6.0,14,0.01,inventory,50,15,100,1005,1000,PPO_narrow,11.989840432033466,12.702964144084875,9.748997811689435,-4.6846173276526875,36.09509337772921,-10.397454913514105,-20.945546669914176,0.6675646142635319,0.921328907114515,0.884,2.3546876744678667e-140,6.247675341981987e-127,4.148175752135932,2.0,0.0,0.0,-19.365903663371064,25.196767118270838,31.94929856722044,0.368538950183885,0.969989555664044,1.618211322503696,1.867,0.87,8.7,10,21.660726290559147,4.281623328533913,5.22,-0.16926252999176722
36160813_8,GAS_COST=6/SEED=14/36160813_8,6.0,14,0.02,inventory,0,15,100,1005,1000,PPO,5.997869051107679,17.656540683581884,7.387024580723448,-24.33844318051257,34.13898508402226,-35.612706503461496,-50.605164519484205,-0.3531271638340691,1.0188422302100495,0.725,1.5870034858849e-25,8.808047029080706e-31,5.997869051107679,4.0,0.0,0.0,4.883099999999998,69.80510260968057,116.80472500883685,0.0,0.0,0.0,1.0,0.0,0.0,10,14.447501238029526,8.243305914514211,0.0,-0.20632627240763746
36160813_8,GAS_COST=6/SEED=14/36160813_8,6.0,14,0.02,inventory,0,15,100,1005,1000,PPO_narrow,6.477607686199505,17.950551852566374,7.581377161501109,-23.96664213352248,34.81409255433276,-35.36628440504408,-50.708465953253054,-0.29864590423878545,0.9643093515796797,0.73,2.0575071009793284e-28,4.557474664873838e-33,6.477607686199505,2.0,0.0,0.0,4.883099999999998,69.80510260968057,116.80472500883685,0.0,0.0,0.0,1.0,0.0,0.0,10,14.950367918276621,8.221281446766705,0.0,-0.2514787853104095
36160813_9,GAS_COST=6/SEED=14/36160813_9,6.0,14,0.02,inventory,50,15,100,1005,1000,PPO,1.3694133429565176,4.355471752450859,0.0,-5.839713039149415,8.387326292218798,-10.172899884092788,-14.47778288914734,-0.30088975609673557,3.1507255607853155,0.493,2.95807359295494e-22,1.1879687583226454e-28,0.016819018924259674,22.5,0.0,7.271572517080858,-3.8696319018404908,0.3328220858895706,46.843467614457325,2.4892638036809815,0.0,2.7261021991749077,0.652,0.0,0.0,10,2.8888127665654153,1.5235682965531965,0.0,0.0041688729442990536
36160813_9,GAS_COST=6/SEED=14/36160813_9,6.0,14,0.02,inventory,50,15,100,1005,1000,PPO_narrow,2.166014823570119,5.334537761025317,0.0,-4.5274877233556134,12.958474886462682,-8.752385731027502,-14.128729194749132,0.9670655914236174,3.463798474492987,0.481,5.239770501606794e-35,7.995910800513198e-40,0.8955544687758987,2.0,0.0,0.0,-4.488294314381271,0.0,46.0031156800774,0.0,0.0,0.0,0.598,0.0,0.0,10,3.6953991107496873,1.5293842871795684,0.0,0.0
36178713_0,GAS_COST=6/SEED=16/36178713_0,6.0,16,0.01,inventory,0,15,100,1005,1000,PPO,18.666394656916548,18.87446247246155,17.85626094690781,-10.712620590876787,51.39233244291505,-16.808270796118475,-28.27650791718861,0.29773214154526007,0.20096238059373794,0.833,3.814154844012447e-150,1.2383237527083447e-120,18.666394656916548,7.854,4.644651759180795,4.43478116709269,2.2226999999999997,32.37875747283633,20.262534015023885,0.5878833333333333,1.4859968364659755,1.6053031014422168,2.457,1.457,14.570000000000002,10,34.45391559740844,6.917050092643514,8.742,-0.1284708478483774
36178713_0,GAS_COST=6/SEED=16/36178713_0,6.0,16,0.01,inventory,0,15,100,1005,1000,PPO_narrow,22.137962088355255,18.72198361984564,21.424591754658593,-6.34013526740354,54.843122240563346,-14.634094672276944,-27.130163848320628,0.22687335253056046,0.17000979945354056,0.893,5.827495637748213e-192,1.8991943850201167e-139,22.137962088355255,2.0,0.0,0.0,5.492100000000001,32.73591944645003,19.814066911918914,-0.32431666666666664,0.7577880529018118,1.0135337410104641,2.587,1.587,15.87,10,39.14334597263479,7.471706436054083,9.522,-0.011677448225461703
36178713_1,GAS_COST=6/SEED=16/36178713_1,6.0,16,0.01,inventory,50,15,100,1005,1000,PPO,11.031017110076093,14.286514569884023,8.0914961710493,-7.228894271772958,38.42161879347757,-13.757417061759789,-22.317178719291938,0.7774903205351924,0.8947746987083942,0.741,1.498208338118955e-103,2.9676928056783116e-96,1.1116955102047859,13.029,2.731520591080994,3.666035869982726,-35.1158,34.335167700773304,37.40539714212375,-7.999724404761905,1.4764966649069182,1.7754111040875067,2.244,1.244,12.440000000000001,10,23.51318454739297,5.000888065137057,7.464,-0.01727937217982383
36178713_1,GAS_COST=6/SEED=16/36178713_1,6.0,16,0.01,inventory,50,15,100,1005,1000,PPO_narrow,13.414390609763366,14.13344137017829,11.17302854797299,-4.560487438019368,38.92441867085287,-10.55463563538483,-20.331289080420696,0.8051585575645612,1.2144604097125793,0.891,1.7013360320214302e-141,4.408189156875884e-128,3.853689566057767,2.0,0.0,0.0,-22.288165500942164,27.52736720064481,33.8237884860448,0.4440691769665613,1.0293443157687183,1.5402228657997996,1.972,0.978,9.78,10,24.402383411504175,5.006118881803281,5.868,-0.1138739199375276
36178713_2,GAS_COST=6/SEED=16/36178713_2,6.0,16,0.02,inventory,0,15,100,1005,1000,PPO,5.377130259033077,17.41361922585313,6.601235485654456,-25.128289295334735,32.22922725622211,-36.296936598822334,-51.84111348530085,-0.46233023102821935,1.0029787960833714,0.714,1.4823323237097147e-21,3.481305858340251e-27,5.377130259033077,8.0126,0.025200000000000007,0.22969814975310535,5.542399999999998,69.82966791516799,115.9604575803321,0.99775,0.00225,0.04101752674162595,1.003,0.003,0.03,10,13.793335302315826,8.216588925571402,0.018,-0.18161611771134836
36178713_2,GAS_COST=6/SEED=16/36178713_2,6.0,16,0.02,inventory,0,15,100,1005,1000,PPO_narrow,6.477607686199505,17.950551852566374,7.581377161501109,-23.96664213352248,34.81409255433276,-35.36628440504408,-50.708465953253054,-0.29864590423878545,0.9643093515796797,0.73,2.0575071009793284e-28,4.557474664873838e-33,6.477607686199505,2.0,0.0,0.0,4.883099999999998,69.80510260968057,116.80472500883685,0.0,0.0,0.0,1.0,0.0,0.0,10,14.950367918276621,8.221281446766705,0.0,-0.2514787853104095
36178713_3,GAS_COST=6/SEED=16/36178713_3,6.0,16,0.02,inventory,50,15,100,1005,1000,PPO,1.5383537510652994,4.396897033344286,0.4088553785413751,-6.06229711269612,9.007191832788514,-9.743816649441131,-14.139380400853554,-0.3357371699199097,1.8840474067050774,0.539,6.743597344415433e-27,3.269979025440432e-33,0.19698494378953735,20.535211267605632,0.0,6.8209102401850865,-5.746478873239437,0.0,47.18918123500169,-0.21549295774647886,0.0,1.6909159021011588,0.71,0.0,0.0,10,3.197450698379456,1.659096947314157,0.0,0.0
36178713_3,GAS_COST=6/SEED=16/36178713_3,6.0,16,0.02,inventory,50,15,100,1005,1000,PPO_narrow,2.1481682290687365,5.477822149630151,0.0,-5.233854056679803,12.54205919154811,-9.175282410809505,-14.334843638842575,0.9733055961555885,3.668760857543754,0.488,6.383272186102506e-33,6.702893788916839e-37,0.8198506298480811,2.0,0.0,0.0,-5.42948717948718,0.08173076923076923,46.1853220217185,1.0064102564102564,0.0,0.5546631557126023,0.626,0.002,0.02,10,3.9617926107458588,1.8056020893302949,0.012,0.003977707653172384
36178713_4,GAS_COST=6/SEED=16/36178713_4,6.0,16,0.03,inventory,0,15,100,1005,1000,PPO,-1.5588025060658024,20.97684008362053,4.173081499480304,-40.73584883289239,25.112147717643676,-57.128008418030014,-78.6726382173178,-1.1434491717040993,1.5527676945512745,0.627,0.01903145673584618,0.08782849953355829,-1.5588025060658024,16.0,0.0,0.0,7.0762,97.20257029467435,163.30558237108735,0.0,0.0,0.0,1.0,0.0,0.0,10,10.859707647512666,12.149011908166802,0.0,-0.2694982454116655
36178713_4,GAS_COST=6/SEED=16/36178713_4,6.0,16,0.03,inventory,0,15,100,1005,1000,PPO_narrow,0.0964713179157136,21.608472923836356,4.591528776128712,-39.48090507159393,30.516724477229925,-56.168761744772,-77.51757365376551,-0.9939289254221594,1.4110702917728162,0.639,0.8878117262763568,0.0004431826460404742,0.0964713179157136,2.0,0.0,0.0,7.0762,97.20257029467435,163.30558237108735,0.0,0.0,0.0,1.0,0.0,0.0,10,12.693907298638926,12.311328055715348,0.0,-0.28610792500786386
36178713_5,GAS_COST=6/SEED=16/36178713_5,6.0,16,0.03,inventory,50,15,100,1005,1000,PPO,0.06704235883092372,2.25394109087667,0.0,0.0,0.8988190257782364,-4.241543774016957,-15.11887920605734,-1.8898136405517882,42.09632042068463,0.062,0.3473764115664833,0.029183596775510627,-0.1278127682810342,6.913043478260869,0.0,1.7794245156244457,-7.413043478260869,0.0,53.869034457152985,3.717391304347826,0.0,6.294107124847401,0.092,0.0,0.0,10,0.3517742181774528,0.28473185934652906,0.0,0.0
36178713_5,GAS_COST=6/SEED=16/36178713_5,6.0,16,0.03,inventory,50,15,100,1005,1000,PPO_narrow,0.0,0.0,0.0,0.0,0.0,0.0,0.0,,,0.0,,,0.0,,,,,,,,,,0.0,0.0,0.0,10,0.0,0.0,0.0,0.0
36178713_10,GAS_COST=6/SEED=18/36178713_10,6.0,18,0.03,inventory,0,15,100,1005,1000,PPO,-1.7346465962489552,20.90852918227875,3.8941904255125337,-40.7287251885809,24.423802905355988,-57.199679219392195,-78.72536356900612,-1.1625225295391743,1.5595542166277534,0.624,0.008868637185173823,0.1352179244132018,-1.7346465962489552,20.0,0.0,0.0,7.0762,97.20257029467435,163.30558237108735,0.0,0.0,0.0,1.0,0.0,0.0,10,10.635149165392379,12.089488325534967,0.0,-0.28030743610636877
36178713_10,GAS_COST=6/SEED=18/36178713_10,6.0,18,0.03,inventory,0,15,100,1005,1000,PPO_narrow,0.5134231994199807,13.51818295708993,1.6633664441250176,-26.497751489258047,19.261092982234636,-36.604796847247115,-49.35314971382687,-0.9635846817998882,2.6216744201536812,0.539,0.23025366012675252,1.5090893704051227e-05,0.5134231994199807,2.0,0.0,0.0,10.409502320783911,49.72928337467984,102.41711354691155,0.5403128760529483,0.0,1.6492712603800368,0.831,0.0,0.0,10,6.5816482499246485,5.98110679061346,0.0,-0.08711825989120893
36178713_11,GAS_COST=6/SEED=18/36178713_11,6.0,18,0.03,inventory,50,15,100,1005,1000,PPO,0.0,0.0,0.0,0.0,0.0,0.0,0.0,,,0.0,,,0.0,,,,,,,,,,0.0,0.0,0.0,10,0.0,0.0,0.0,0.0
36178713_11,GAS_COST=6/SEED=18/36178713_11,6.0,18,0.03,inventory,50,15,100,1005,1000,PPO_narrow,0.004502530650311542,0.19879480860474202,0.0,0.0,0.0,-0.031660099646908295,-0.15830049823454145,28.11385793599242,876.6335666196072,0.011,0.47423869011246184,0.12424711777943027,0.0021054544788795338,2.0,0.0,0.0,-175.5090773809524,56.032931584580126,71.03867180683449,-8.75,0.0,2.537222891273055,0.024,0.0,0.0,10,0.009022109295664724,0.004519578645353181,0.0,0.0
36178713_6,GAS_COST=6/SEED=18/36178713_6,6.0,18,0.01,inventory,0,15,100,1005,1000,PPO,18.064654869792676,17.95569373317375,17.222524806281797,-9.184115366254456,48.538639142171505,-16.254231371203055,-26.974062492381062,0.30159411877113934,0.36597888477266594,0.844,7.412203642734264e-154,4.968088389302994e-122,18.064654869792676,6.5841,3.3960213329141236,5.074760801259504,4.78445,34.687001864670364,23.66130407854774,-1.1486500000000002,2.094025196542716,2.387749459858709,2.12,1.12,11.200000000000001,10,31.106517612957948,6.437007440361949,6.72,0.11514469719667576
36178713_6,GAS_COST=6/SEED=18/36178713_6,6.0,18,0.01,inventory,0,15,100,1005,1000,PPO_narrow,23.21827901551357,18.964237220627293,22.640927826158475,-6.341192367801766,55.49651915600383,-13.543098034504885,-25.97326701475738,0.2519478801817182,0.46898715807366465,0.892,6.795113003817145e-201,1.979804012830421e-142,23.21827901551357,2.0,0.0,0.0,-1.4571999999999998,31.070260949235227,16.526730716024872,-0.1454214285714286,0.6675669218827472,0.7893083063311259,3.05,2.05,20.499999999999996,10,43.71885741068928,8.086796609163068,12.3,-0.1137817860126416
36178713_7,GAS_COST=6/SEED=18/36178713_7,6.0,18,0.01,inventory,50,15,100,1005,1000,PPO,12.129522654421036,13.057518833979195,10.388330578054024,-6.320112776172277,36.297960927736035,-11.645258955814208,-20.7205215430752,0.5341979144210569,0.6486450183731556,0.87,4.052110998055718e-137,4.4420698028679776e-119,2.738046612580304,17.46219296135963,1.843450438551152,4.676305662237123,-28.53558181016514,31.37715811305406,35.336957352831085,-4.006011303511303,1.7689290638746975,3.0942492867268725,1.984,0.994,9.940000000000001,10,22.774234416986946,4.511342919532244,5.964,-0.1693688430336664
36178713_7,GAS_COST=6/SEED=18/36178713_7,6.0,18,0.01,inventory,50,15,100,1005,1000,PPO_narrow,9.648372336754388,10.403428119395917,8.327602062084623,-3.726342676222248,29.869708481816406,-8.00603375624186,-14.206487922184976,0.8024799357108975,0.8967213918895038,0.865,8.594542280588137e-137,5.05779277258002e-124,4.270185395572611,2.0,0.0,0.0,-9.031206349206348,16.953234304900533,31.053456806855678,0.7077606837606837,0.40910028792634257,1.0448787875248857,1.268,0.293,2.9299999999999997,10,14.229929839925102,2.742285562084994,1.758,-0.08127194108572063
36178713_8,GAS_COST=6/SEED=18/36178713_8,6.0,18,0.02,inventory,0,15,100,1005,1000,PPO,5.302823040581268,17.989938774331808,6.250062487322509,-25.338261544625034,33.387713737166074,-37.4208672297347,-53.034691218398905,-0.3714922051007954,1.118046698078511,0.713,7.442124074939659e-20,4.1893294818866935e-26,5.302823040581268,2.0,0.0,0.0,6.883099999999998,69.80510260968056,116.80472500883685,2.0,0.0,0.0,1.0,0.0,0.0,10,13.703333495013787,8.256296431293075,0.0,-0.14421402313944387
36178713_8,GAS_COST=6/SEED=18/36178713_8,6.0,18,0.02,inventory,0,15,100,1005,1000,PPO_narrow,6.477607686199505,17.950551852566374,7.581377161501109,-23.96664213352248,34.81409255433276,-35.36628440504408,-50.708465953253054,-0.29864590423878545,0.9643093515796797,0.73,2.0575071009793284e-28,4.557474664873838e-33,6.477607686199505,2.0,0.0,0.0,4.883099999999998,69.80510260968057,116.80472500883685,0.0,0.0,0.0,1.0,0.0,0.0,10,14.950367918276621,8.221281446766705,0.0,-0.2514787853104095
36178713_9,GAS_COST=6/SEED=18/36178713_9,6.0,18,0.02,inventory,50,15,100,1005,1000,PPO,1.4539891842850796,4.826738889826942,0.0,-6.893872494520286,9.73622778450889,-10.366452976901833,-15.59442456072004,-0.053149680008690296,2.6660854234949847,0.469,1.2442945509970973e-20,5.5897914290174445e-24,-0.1371983767747645,13.0374251497006,0.0,5.5972705563982865,-1.8877245508982037,0.18787425149700598,47.07387777816725,2.7327844311377247,0.0,5.040116316759385,0.668,0.0,0.0,10,2.8732435571012456,1.4376247821870916,0.0,0.018370409370925687
36178713_9,GAS_COST=6/SEED=18/36178713_9,6.0,18,0.02,inventory,50,15,100,1005,1000,PPO_narrow,2.639454110567786,6.163183375877455,0.2605051397307534,-5.092148994176489,14.650332481646076,-9.206217647489497,-14.82580191448967,1.3410971792790038,4.976617859447802,0.519,1.8789130433561148e-38,7.130288051826946e-45,0.9972480043046643,2.0,0.0,0.0,-10.867441860465116,6.842635658914729,49.1667691436967,2.012403100775194,0.0,0.5339639322282148,0.645,0.0,0.0,10,4.691572960381357,2.021893375672783,0.0,-0.03022547414078784
36074271_0,GAS_COST=6/SEED=2/36074271_0,6.0,2,0.01,inventory,0,15,100,1005,1000,PPO,18.10246565168527,17.61948229141944,16.891648288344925,-9.015850830999119,48.2584590742496,-15.861041804530998,-26.419460808155712,0.3708199815514565,0.7676397368161725,0.853,1.7224353455889698e-158,6.389621777850154e-126,18.10246565168527,8.6335,3.634440880862555,5.845982188648884,2.14075,34.20751206230746,23.768888845242643,-0.20793333333333333,1.2185884399063984,1.770142369038905,2.074,1.074,10.74,10,30.954970203625212,6.356490317289445,6.444,-0.05201423465049952
36074271_0,GAS_COST=6/SEED=2/36074271_0,6.0,2,0.01,inventory,0,15,100,1005,1000,PPO_narrow,22.344443269175798,19.17436905397,21.210079268972606,-7.923025764086532,55.51750662025134,-15.467886702022357,-26.485928732554793,0.1925625930215515,0.09878947046365427,0.881,2.7336687255221027e-188,3.21040139459296e-137,22.344443269175798,2.0,0.0,0.0,2.3947000000000003,31.530286617338955,17.51397675886319,0.09375,0.5868532710254651,0.5967026001749578,2.807,1.807,18.07,10,41.038822986538996,7.730159485478062,10.842,-0.12222023188514185
36074271_1,GAS_COST=6/SEED=2/36074271_1,6.0,2,0.01,inventory,50,15,100,1005,1000,PPO,11.195371289937816,12.070091555714319,9.909857882161361,-6.33167890127039,32.517599869265716,-11.994559398098993,-22.008091725883173,0.3798524717153729,0.6286774654711418,0.86,8.1458143173835e-137,1.6484158890217093e-117,2.190943831369456,20.059547222222225,2.3530778914673385,5.418415546635056,-28.662394642857144,31.44706725258002,34.51461848704439,-3.427329761904762,1.6072343728742717,2.470333901513026,2.091,1.091,10.91,10,22.463546047318857,4.595289575089711,6.546,-0.12688518229133386
36074271_1,GAS_COST=6/SEED=2/36074271_1,6.0,2,0.01,inventory,50,15,100,1005,1000,PPO_narrow,11.419093469539217,12.447409260300333,8.953773317854541,-4.874128425027561,35.11877869671807,-10.255266928560705,-17.638343758382746,0.7876343895223424,0.9858103116764867,0.882,1.2782548458073197e-134,4.175787819672726e-124,4.00615005052517,2.0,0.0,0.0,-16.440146501702394,23.094207542633434,31.97103103147195,0.07589795233299765,1.1056329673966172,1.8222088691165088,1.793,0.8,8.0,10,20.356619352066232,3.8553140747647343,4.8,-0.2822118077622794
36074271_2,GAS_COST=6/SEED=2/36074271_2,6.0,2,0.02,inventory,0,15,100,1005,1000,PPO,5.353383074552563,17.1957935454051,7.117615882146708,-24.51917654352197,32.32583729524285,-35.662901475398385,-50.481411700035174,-0.4182553678084879,1.0430909478197368,0.714,7.198240643859289e-22,1.0377654392872705e-27,5.353383074552563,8.0,0.0,0.0,3.8830999999999976,69.80510260968057,116.80472500883685,-1.0,0.0,0.0,1.0,0.0,0.0,10,13.746056919865515,8.17704105406042,0.0,-0.21563279125253057
36074271_2,GAS_COST=6/SEED=2/36074271_2,6.0,2,0.02,inventory,0,15,100,1005,1000,PPO_narrow,6.477607686199505,17.950551852566374,7.581377161501109,-23.96664213352248,34.81409255433276,-35.36628440504408,-50.708465953253054,-0.29864590423878545,0.9643093515796797,0.73,2.0575071009793284e-28,4.557474664873838e-33,6.477607686199505,2.0,0.0,0.0,4.883099999999998,69.80510260968057,116.80472500883685,0.0,0.0,0.0,1.0,0.0,0.0,10,14.950367918276621,8.221281446766705,0.0,-0.2514787853104095
36074271_3,GAS_COST=6/SEED=2/36074271_3,6.0,2,0.02,inventory,50,15,100,1005,1000,PPO,1.2635723801416625,3.7784695683313387,0.0,-4.687586415733085,7.963213238724378,-8.669612294715225,-13.770116117481802,-0.3385703726975743,3.139211035538885,0.466,7.948895611788443e-25,1.9341465176530964e-33,0.23112809492480862,26.191419141914192,0.0,3.300113854306055,-15.351485148514852,4.755856937211086,48.935042413886045,0.26567656765676567,0.0,1.8124642127375166,0.606,0.0,0.0,10,2.707902237070051,1.4155624869257057,0.0,-0.028767370002682587
36074271_3,GAS_COST=6/SEED=2/36074271_3,6.0,2,0.02,inventory,50,15,100,1005,1000,PPO_narrow,2.3575566978539126,5.632397472504821,0.07490418795754294,-4.620571736664498,13.280934557921778,-9.17337384687765,-15.113177845907888,0.9055436138521838,3.3064348659130767,0.503,6.191419753728461e-37,1.6431815794359847e-41,0.8582272870730598,2.0,0.0,0.0,-4.268312101910828,2.0087579617834397,46.675095642129705,0.012738853503184714,0.0,0.11214533032903828,0.628,0.0,0.0,10,3.9930899115096197,1.6349286644476908,0.0,-0.0006045492080164995
36074271_4,GAS_COST=6/SEED=2/36074271_4,6.0,2,0.03,inventory,0,15,100,1005,1000,PPO,0.018589440782639032,12.804257867824733,1.3664636692613499,-24.673304185043655,15.960544567366439,-36.02309972764687,-51.02220543290756,-1.2664139283230083,2.771771635561853,0.548,0.963409066223949,0.00038396983131188604,0.018589440782639032,21.07544910179641,0.0,3.4958053061386782,6.012717422298261,53.72029402296852,104.43307279744486,-0.4658682634730539,0.0,2.16484631682248,0.835,0.0,0.0,10,6.352785844080881,6.1533848465699394,0.0,-0.18081155672830101
36074271_4,GAS_COST=6/SEED=2/36074271_4,6.0,2,0.03,inventory,0,15,100,1005,1000,PPO_narrow,0.0964713179157136,21.608472923836356,4.591528776128712,-39.48090507159393,30.516724477229925,-56.168761744772,-77.51757365376551,-0.9939289254221594,1.4110702917728162,0.639,0.8878117262763568,0.0004431826460404742,0.0964713179157136,2.0,0.0,0.0,7.0762,97.20257029467435,163.30558237108735,0.0,0.0,0.0,1.0,0.0,0.0,10,12.693907298638926,12.311328055715348,0.0,-0.28610792500786386
36074271_5,GAS_COST=6/SEED=2/36074271_5,6.0,2,0.03,inventory,50,15,100,1005,1000,PPO,0.0,0.0,0.0,0.0,0.0,0.0,0.0,,,0.0,,,0.0,,,,,,,,,,0.0,0.0,0.0,10,0.0,0.0,0.0,0.0
36074271_5,GAS_COST=6/SEED=2/36074271_5,6.0,2,0.03,inventory,50,15,100,1005,1000,PPO_narrow,0.0,0.0,0.0,0.0,0.0,0.0,0.0,,,0.0,,,0.0,,,,,,,,,,0.0,0.0,0.0,10,0.0,0.0,0.0,0.0
36178713_12,GAS_COST=6/SEED=20/36178713_12,6.0,20,0.01,inventory,0,15,100,1005,1000,PPO,17.946108158656013,17.338813194015824,17.082152535108435,-8.898196146888056,47.56206553417622,-15.251728229627554,-24.00997784227196,0.23284665585492975,0.015798839431058198,0.845,3.83555944894045e-160,2.2738143028553477e-124,17.946108158656013,9.4123,1.8466269825177868,2.639382259165959,3.1855499999999997,33.35605055331877,21.283500738776503,-0.9787083333333333,2.091620006326737,2.272120903702456,2.26,1.26,12.6,10,32.30141470247797,6.599091606678035,7.56,-0.19621493714391608
36178713_12,GAS_COST=6/SEED=20/36178713_12,6.0,20,0.01,inventory,0,15,100,1005,1000,PPO_narrow,22.541511790340355,18.829758853458447,22.2701866391007,-7.290743729307929,54.602639562737025,-15.839352605045525,-29.4198434387557,0.06328247167607833,0.0826035394872835,0.887,4.263528333891437e-195,4.6588375493846466e-138,22.541511790340355,2.0,0.0,0.0,1.103,31.24798491221159,17.78301973794102,-0.022900000000000007,0.5751256908966407,0.48249989176740293,2.875,1.875,18.75,10,41.87009132606784,8.06160425980115,11.25,-0.016975275926338525
36178713_13,GAS_COST=6/SEED=20/36178713_13,6.0,20,0.01,inventory,50,15,100,1005,1000,PPO,10.12597397156502,11.998454923115062,8.431273588785018,-7.011758397319568,30.927395686206193,-13.072212935238353,-23.660436216526286,0.4642000340548509,1.0460334096406907,0.855,8.454351500332735e-119,7.128271431724618e-109,1.9182520105583654,18.889092481035252,2.973104484089572,6.5780170958347925,-27.051173543379868,29.45888841391202,33.80076613154523,-2.355138410786002,1.97181704515974,2.6831880153329033,2.057,1.061,10.61,10,21.059486297632915,4.427863316266754,6.366,-0.13964900980114073
36178713_13,GAS_COST=6/SEED=20/36178713_13,6.0,20,0.01,inventory,50,15,100,1005,1000,PPO_narrow,11.39461138010818,11.859671672427437,9.184411305009803,-4.423382161532646,33.08787508928655,-9.640923704146296,-19.71123012970337,0.6771657105216982,1.1975927803679038,0.878,5.021513909391351e-144,3.972540707272787e-127,4.007603099906584,1.997955565204805,0.003098205104905852,0.025776623537078026,-13.323558442289446,21.71620805828758,32.06119784165908,0.21102668017561635,0.8239368020324224,1.7061359930098747,1.57,0.583,5.83,10,18.679887212696737,3.5619472654837407,3.498,-0.22532856710481478
36178713_14,GAS_COST=6/SEED=20/36178713_14,6.0,20,0.02,inventory,0,15,100,1005,1000,PPO,5.119049328041791,17.005247886904137,6.971038421013759,-24.65091717436264,31.09347518808539,-35.55415985884654,-50.41979754157977,-0.43494739782119946,1.0652961812593675,0.712,1.3188496104734589e-20,1.5050698200238465e-26,5.119049328041791,10.0,0.0,0.0,2.883099999999998,69.80510260968059,116.80472500883685,-2.0,0.0,0.0,1.0,0.0,0.0,10,13.472982090361354,8.134766836534995,0.0,-0.2191659257845723
36178713_14,GAS_COST=6/SEED=20/36178713_14,6.0,20,0.02,inventory,0,15,100,1005,1000,PPO_narrow,6.477607686199505,17.950551852566374,7.581377161501109,-23.96664213352248,34.81409255433276,-35.36628440504408,-50.708465953253054,-0.29864590423878545,0.9643093515796797,0.73,2.0575071009793284e-28,4.557474664873838e-33,6.477607686199505,2.0,0.0,0.0,4.883099999999998,69.80510260968057,116.80472500883685,0.0,0.0,0.0,1.0,0.0,0.0,10,14.950367918276621,8.221281446766705,0.0,-0.2514787853104095
36178713_15,GAS_COST=6/SEED=20/36178713_15,6.0,20,0.02,inventory,50,15,100,1005,1000,PPO,1.7504478890479376,4.746362978755568,0.6947156635761189,-6.874052608653324,9.744624801921445,-10.165527589116138,-14.507297397827575,-0.2263593368806643,1.612884033352552,0.553,1.5707070282234548e-29,5.13796349480732e-35,0.27074145471036454,16.463215258855588,0.006811989100817439,3.4919149146424395,-4.703678474114441,0.42438692098092645,46.939108115355296,0.3460490463215259,0.0170299727520436,1.7747773173569728,0.737,0.003,0.03,10,3.575503246274535,1.8186081914884102,0.018,0.011552834261813244
36178713_15,GAS_COST=6/SEED=20/36178713_15,6.0,20,0.02,inventory,50,15,100,1005,1000,PPO_narrow,2.002437046297606,5.2690918705394925,0.0,-4.418773150314501,12.632438326254938,-8.554084353725438,-13.691993435924143,1.178105259033486,4.207843996012407,0.421,3.836630015152028e-31,2.2915118015689294e-34,0.8218142297457048,2.0,0.0,0.0,-4.181732580037664,0.23258003766478344,45.996913283934255,0.6836158192090396,0.0,0.465064759938004,0.531,0.0,0.0,10,3.466339937802892,1.4764631827485368,0.0,0.012560291243251023
36178713_16,GAS_COST=6/SEED=20/36178713_16,6.0,20,0.03,inventory,0,15,100,1005,1000,PPO,-1.3733147243311319,21.08211656691114,4.494837192023056,-40.44699767406149,25.5744527291878,-57.21615287399751,-78.71229547121,-1.1355655599277878,1.554811241132657,0.627,0.039761095953087744,0.056654005313497346,-1.3733147243311319,12.0,0.0,0.0,8.0762,97.20257029467435,163.30558237108735,1.0,0.0,0.0,1.0,0.0,0.0,10,11.091433080164428,12.195978239294533,0.0,-0.2687695652010286
36178713_16,GAS_COST=6/SEED=20/36178713_16,6.0,20,0.03,inventory,0,15,100,1005,1000,PPO_narrow,0.0964713179157136,21.608472923836356,4.591528776128712,-39.48090507159393,30.516724477229925,-56.168761744772,-77.51757365376551,-0.9939289254221594,1.4110702917728162,0.639,0.8878117262763568,0.0004431826460404742,0.0964713179157136,2.0,0.0,0.0,7.0762,97.20257029467435,163.30558237108735,0.0,0.0,0.0,1.0,0.0,0.0,10,12.693907298638926,12.311328055715348,0.0,-0.28610792500786386
36178713_17,GAS_COST=6/SEED=20/36178713_17,6.0,20,0.03,inventory,50,15,100,1005,1000,PPO,0.0,0.0,0.0,0.0,0.0,0.0,0.0,,,0.0,,,0.0,,,,,,,,,,0.0,0.0,0.0,10,0.0,0.0,0.0,0.0
36178713_17,GAS_COST=6/SEED=20/36178713_17,6.0,20,0.03,inventory,50,15,100,1005,1000,PPO_narrow,0.0,0.0,0.0,0.0,0.0,0.0,0.0,,,0.0,,,0.0,,,,,,,,,,0.0,0.0,0.0,10,0.0,0.0,0.0,0.0
36074271_10,GAS_COST=6/SEED=4/36074271_10,6.0,4,0.03,inventory,0,15,100,1005,1000,PPO,-2.0914491091163185,20.758780496626816,3.6558834989437514,-40.70648506260047,23.344859422361797,-57.37101216963498,-78.83007565350515,-1.2017206303240626,1.5833006286301083,0.623,0.0014954064616446005,0.28634880384617756,-2.0914491091163185,29.0,0.0,0.0,7.5762,97.20257029467433,163.30558237108735,0.5,0.0,0.0,1.0,0.0,0.0,10,10.165730254595662,11.945526417522593,0.0,-0.3116529461893872
36074271_10,GAS_COST=6/SEED=4/36074271_10,6.0,4,0.03,inventory,0,15,100,1005,1000,PPO_narrow,-0.46713026618843606,21.54692859938526,6.027048161931077,-40.118915360960415,28.03926846850437,-56.58750133318832,-77.35510022347786,-0.9843073545562355,1.4084516302955548,0.569,0.49335874241251115,0.019870203065928294,-0.46713026618843606,2.0,0.0,0.0,6.0762,97.20257029467435,163.30558237108735,-1.0,0.0,0.0,1.0,0.0,0.0,10,12.10608109675316,12.311510382966143,0.0,-0.2617009799754546
36074271_11,GAS_COST=6/SEED=4/36074271_11,6.0,4,0.03,inventory,50,15,100,1005,1000,PPO,-0.0975629102664858,2.2404918885612664,0.0,0.0,0.0,-2.4749482642261613,-12.374741321130807,-13.568245868665734,295.83281155930104,0.001,0.16902639317815019,0.09096894797535773,-0.21440219651861497,12.391836734693879,3.8526912480983944,1.5033268673636626,49.5204081632653,45.52287307777307,62.480447772355554,8.247619047619049,2.3754414879743786,1.0239756232926178,0.023,0.016,0.16,10,0.045381446638364756,0.0891477812337975,0.096,0.042203424328946935
36074271_11,GAS_COST=6/SEED=4/36074271_11,6.0,4,0.03,inventory,50,15,100,1005,1000,PPO_narrow,0.0,0.0,0.0,0.0,0.0,0.0,0.0,,,0.0,,,0.0,,,,,,,,,,0.0,0.0,0.0,10,0.0,0.0,0.0,0.0
36074271_6,GAS_COST=6/SEED=4/36074271_6,6.0,4,0.01,inventory,0,15,100,1005,1000,PPO,17.07122521985042,17.67610953318326,16.32337852309996,-9.14470334097901,47.52178735412643,-17.33001832594164,-27.65121289461812,0.31799083791997745,0.4878895395051446,0.831,4.1425429850037115e-145,7.689192001992195e-118,17.07122521985042,10.460700000000001,5.064002954168125,5.333680296943191,7.3885499999999995,34.49135855522472,27.686554072283894,0.12029166666666669,1.5646356992323016,1.7305485196374717,1.989,0.989,9.89,10,29.32390589552317,6.381341433353204,5.934,0.06266075768045602
36074271_6,GAS_COST=6/SEED=4/36074271_6,6.0,4,0.01,inventory,0,15,100,1005,1000,PPO_narrow,22.118170329447267,18.529395996639757,21.00660082499951,-6.529279601266984,55.70917598893281,-14.686466674106907,-26.219047870899647,0.2069172516139495,0.1683928679834139,0.889,2.318092609089592e-194,5.864153251918698e-140,22.118170329447267,2.0,0.0,0.0,0.7189000000000001,32.075309844449556,18.51995606879239,0.09106666666666666,0.605011422310267,0.6051842474266274,2.716,1.716,17.16,10,40.215988149986885,7.7705185563143,10.296,-0.03129926422531788
36074271_7,GAS_COST=6/SEED=4/36074271_7,6.0,4,0.01,inventory,50,15,100,1005,1000,PPO,10.28267130498107,11.314041307033278,8.516474961683627,-4.4411242852903,30.670458228425474,-9.731844702437852,-19.058788283731484,0.7108790157028122,1.3056057362949662,0.852,9.015238004779439e-133,9.600380139143202e-121,2.364617596884889,18.47604121159167,1.5605705844907964,5.100646945310141,-27.269366980567288,29.471507038215044,35.133287232359365,-3.119249065579341,1.5699959311874407,3.3643024692294103,1.896,0.915,9.15,10,20.0189749182411,4.144079128627815,5.49,-0.10222448463221534
36074271_7,GAS_COST=6/SEED=4/36074271_7,6.0,4,0.01,inventory,50,15,100,1005,1000,PPO_narrow,12.246946475855253,13.147629702157126,10.02961257273904,-4.7398644616917744,38.029282272088246,-11.141253675680876,-20.663163227157533,0.7047188292933543,0.9639909585296067,0.873,1.1276577346556405e-137,1.4731947923809848e-123,4.148712707826182,2.0,0.0,0.0,-18.248793731778427,24.266184392203776,33.34432269011061,0.4001360544217687,0.5723783117802084,1.1170727171550188,1.797,0.817,8.169999999999998,10,21.54381051198997,4.2028355739991206,4.902,-0.19202846213559918
36074271_8,GAS_COST=6/SEED=4/36074271_8,6.0,4,0.02,inventory,0,15,100,1005,1000,PPO,5.890237292462783,17.737796718560162,6.941361722657064,-24.702765882636385,34.004132104456914,-36.17040853830261,-51.76340794973597,-0.39636950051187064,1.03400785446905,0.725,1.6130697481739216e-24,4.194684337161547e-30,5.890237292462783,4.0,0.0,0.0,5.883099999999998,69.80510260968057,116.80472500883685,1.0,0.0,0.0,1.0,0.0,0.0,10,14.32687398424659,8.238788285315652,0.0,-0.1978484064681562
36074271_8,GAS_COST=6/SEED=4/36074271_8,6.0,4,0.02,inventory,0,15,100,1005,1000,PPO_narrow,6.477607686199505,17.950551852566374,7.581377161501109,-23.96664213352248,34.81409255433276,-35.36628440504408,-50.708465953253054,-0.29864590423878545,0.9643093515796797,0.73,2.0575071009793284e-28,4.557474664873838e-33,6.477607686199505,2.0,0.0,0.0,4.883099999999998,69.80510260968057,116.80472500883685,0.0,0.0,0.0,1.0,0.0,0.0,10,14.950367918276621,8.221281446766705,0.0,-0.2514787853104095
36074271_9,GAS_COST=6/SEED=4/36074271_9,6.0,4,0.02,inventory,50,15,100,1005,1000,PPO,1.1747022098765032,3.64427534247655,0.0,-3.7652883104415196,8.083245151333353,-8.002204688630748,-13.61593062803504,-0.0519182954350037,4.083258075499591,0.444,2.930122805757829e-23,1.3600316111472962e-33,0.29104900115552074,16.603478260869565,0.0,5.990077744066616,-13.563478260869566,0.6060869565217392,46.150357915489536,-1.5104347826086957,0.0,3.8485315983031763,0.575,0.0,0.0,10,2.4248912051076665,1.2731752153119842,0.0,0.02298622008082089
36074271_9,GAS_COST=6/SEED=4/36074271_9,6.0,4,0.02,inventory,50,15,100,1005,1000,PPO_narrow,2.129084480636382,5.18432059347969,0.0,-3.3947158963531363,13.21178559182996,-7.479684477893036,-12.788564763090585,1.358235378466231,4.321784535160675,0.435,1.0240735353468757e-35,4.632688396932443e-41,1.128362544440035,2.0,0.0,0.0,-11.653778558875219,0.08611599297012303,46.23711133529929,0.5992970123022847,0.0,0.5508257402683866,0.569,0.0,0.0,10,3.764555662037179,1.6487370971099164,0.0,0.013265915709119475
36074271_12,GAS_COST=6/SEED=6/36074271_12,6.0,6,0.01,inventory,0,15,100,1005,1000,PPO,17.74479470277746,17.773561523452244,16.84359900888677,-8.769810985051805,48.26096545156245,-15.250490335252799,-25.962778079371994,0.4370451353037483,0.6974819801609051,0.849,3.460219445968805e-152,9.467380975194737e-124,17.74479470277746,6.517799999999999,3.3500894113929136,4.172582313148538,-3.4368000000000003,34.173613742350405,23.59561814744424,-0.07959999999999999,2.089301424220397,2.4390885037015138,2.053,1.053,10.53,10,30.34939674198102,6.177990899410106,6.318,-0.1086111397934554
36074271_12,GAS_COST=6/SEED=6/36074271_12,6.0,6,0.01,inventory,0,15,100,1005,1000,PPO_narrow,21.57605441220585,18.79870044737358,21.410076016795927,-9.059341625820025,54.11914987979473,-16.277249621337724,-27.63092036118477,0.06875294956298324,-0.05566632797809712,0.871,1.6393611303100668e-184,1.4677915974672174e-133,21.57605441220585,2.0,0.0,0.0,3.6583,32.06517069658566,19.363509782836374,-0.09781666666666666,0.641020367618275,0.6438378503163665,2.646,1.646,16.46,10,39.10063025574418,7.460184644430901,9.876,-0.18839119910742907
36074271_13,GAS_COST=6/SEED=6/36074271_13,6.0,6,0.01,inventory,50,15,100,1005,1000,PPO,12.800210505279898,13.742232953830285,11.437025030950224,-6.93610211493048,37.63194910713494,-12.892073751873449,-21.485956546516537,0.5077392253130864,0.535472714012311,0.87,1.1527249602805352e-137,2.1271458722998122e-118,2.392078828489969,19.5435,2.056926918540856,2.772309100731735,-32.59625,34.49757815580243,35.504809933831496,-5.126160714285715,1.1380202431428066,1.4219849864017098,2.308,1.308,13.080000000000002,10,26.078264895069676,5.3740013312708905,7.848,-0.0560530585188862
36074271_13,GAS_COST=6/SEED=6/36074271_13,6.0,6,0.01,inventory,50,15,100,1005,1000,PPO_narrow,10.876518635474348,11.24353261652728,8.829809179441213,-4.097133970063839,31.66662168241373,-8.504834680929157,-14.292630727258745,0.8265351959034377,1.1974955738099258,0.875,1.8825121063197855e-145,1.1048191773476067e-127,4.497257408816036,2.0,0.0,0.0,-11.534025753158407,19.5321133909967,30.33037725443041,0.2682993197278911,0.6962683601799707,1.5631893124338692,1.51,0.53,5.3,10,17.3551605655983,3.1691578951242465,3.18,-0.12948403499970515
36074271_14,GAS_COST=6/SEED=6/36074271_14,6.0,6,0.02,inventory,0,15,100,1005,1000,PPO,4.319519163422553,16.226325363609583,6.174803946229815,-24.612838262565248,28.629856813845652,-35.73576736697616,-50.747915015052115,-0.6495002300728057,1.0298802083834078,0.704,1.3593445263533326e-16,3.0351717613768384e-23,4.319519163422553,23.0,0.0,0.0,1.3830999999999996,69.80510260968057,116.80472500883687,-3.5,0.0,0.0,1.0,0.0,0.0,10,12.506594688870045,7.956556481092698,0.0,-0.23051904435479417
36074271_14,GAS_COST=6/SEED=6/36074271_14,6.0,6,0.02,inventory,0,15,100,1005,1000,PPO_narrow,6.477607686199505,17.950551852566374,7.581377161501109,-23.96664213352248,34.81409255433276,-35.36628440504408,-50.708465953253054,-0.29864590423878545,0.9643093515796797,0.73,2.0575071009793284e-28,4.557474664873838e-33,6.477607686199505,2.0,0.0,0.0,4.883099999999998,69.80510260968057,116.80472500883685,0.0,0.0,0.0,1.0,0.0,0.0,10,14.950367918276621,8.221281446766705,0.0,-0.2514787853104095
36074271_15,GAS_COST=6/SEED=6/36074271_15,6.0,6,0.02,inventory,50,15,100,1005,1000,PPO,1.3939151698660899,3.9568563623654884,0.0,-3.966168400651298,8.847782278027262,-8.323683981207086,-13.403196656121873,0.10536215388555287,2.969467604265641,0.484,3.1626166963553786e-27,2.6416599893139527e-36,0.3550352555739303,15.249211356466876,0.0,4.107895107857319,-12.305205047318612,1.981302302645119,47.32990600773134,-3.2066246056782335,0.0,3.045898151083891,0.634,0.0,0.0,10,2.743156128656364,1.3671475275676743,0.0,0.017906568777400107
36074271_15,GAS_COST=6/SEED=6/36074271_15,6.0,6,0.02,inventory,50,15,100,1005,1000,PPO_narrow,2.193751129626873,5.782856356726364,0.07655555642867284,-6.007906343571927,13.571528911320446,-10.083950350756654,-15.624661397081969,0.9300174905917525,3.722616650277142,0.508,4.814708157296941e-31,1.761933170789788e-36,0.7206366009348504,2.0,0.0,0.0,-8.746165644171779,3.0161042944785277,46.900180196622166,1.6487730061349692,0.04141104294478527,1.181769118350654,0.685,0.033,0.33,10,4.383386561643455,1.974936869556329,0.198,-0.01669856246025261
36074271_16,GAS_COST=6/SEED=6/36074271_16,6.0,6,0.03,inventory,0,15,100,1005,1000,PPO,-1.8944239464551147,20.566292397328663,2.9540604005425166,-40.56292827761218,23.88584558664923,-56.430368405614466,-77.91329011937101,-1.1363802411981705,1.6130831513088637,0.625,0.0036779352788861457,0.18884709377823516,-1.8944239464551147,20.0,0.0,0.0,2.0762000000000005,97.20257029467435,163.30558237108735,-5.0,0.0,0.0,1.0,0.0,0.0,10,10.405330644937992,11.974869267219352,0.0,-0.32488532417375715
36074271_16,GAS_COST=6/SEED=6/36074271_16,6.0,6,0.03,inventory,0,15,100,1005,1000,PPO_narrow,0.0964713179157136,21.608472923836356,4.591528776128712,-39.48090507159393,30.516724477229925,-56.168761744772,-77.51757365376551,-0.9939289254221594,1.4110702917728162,0.639,0.8878117262763568,0.0004431826460404742,0.0964713179157136,2.0,0.0,0.0,7.0762,97.20257029467435,163.30558237108735,0.0,0.0,0.0,1.0,0.0,0.0,10,12.693907298638926,12.311328055715348,0.0,-0.28610792500786386
36074271_17,GAS_COST=6/SEED=6/36074271_17,6.0,6,0.03,inventory,50,15,100,1005,1000,PPO,0.0,0.0,0.0,0.0,0.0,0.0,0.0,,,0.0,,,0.0,,,,,,,,,,0.0,0.0,0.0,10,0.0,0.0,0.0,0.0
36074271_17,GAS_COST=6/SEED=6/36074271_17,6.0,6,0.03,inventory,50,15,100,1005,1000,PPO_narrow,0.0,0.0,0.0,0.0,0.0,0.0,0.0,,,0.0,,,0.0,,,,,,,,,,0.0,0.0,0.0,10,0.0,0.0,0.0,0.0
36074271_18,GAS_COST=6/SEED=8/36074271_18,6.0,8,0.01,inventory,0,15,100,1005,1000,PPO,17.24780505117045,16.91392466906751,16.27654214641592,-9.616502051725098,45.979972845122376,-15.754027370852715,-25.904334845803497,0.25499682053940853,0.3540679160390128,0.853,7.971528376265565e-157,1.272134732351631e-123,17.24780505117045,12.1149,3.5968435537209515,6.140248202638066,3.01295,34.95779839734053,24.219721195701243,0.5729249999999999,1.1168372323296918,1.5334626983245394,2.021,1.021,10.209999999999999,10,29.617052980030326,6.298759814716682,6.126,0.05551188585680477
36074271_18,GAS_COST=6/SEED=8/36074271_18,6.0,8,0.01,inventory,0,15,100,1005,1000,PPO_narrow,21.890196996283137,18.46612755924245,20.728515867721796,-7.201331077430138,53.74511531107422,-15.717377510086498,-27.95787699456964,0.10198305028142632,0.028889733553734587,0.894,1.3509524158924781e-192,5.769666091007137e-138,21.890196996283137,2.0,0.0,0.0,1.5706000000000002,31.6839716642094,16.964514600777708,-0.23190238095238094,0.6282202773307586,0.5448862027223974,2.9,1.9,19.0,10,41.33360858138899,7.9876848520308075,11.4,-0.05572673307504205
36074271_19,GAS_COST=6/SEED=8/36074271_19,6.0,8,0.01,inventory,50,15,100,1005,1000,PPO,10.447621906622055,12.3078986321824,8.379682876810875,-5.249774405887484,33.9104369034155,-10.948210371345974,-18.506996981903548,0.8606699593483762,1.4347064794263247,0.84,7.481983458020049e-120,9.682084584476352e-113,2.672026543058055,14.384123271623274,2.0346835037478104,4.68726196668107,-26.87230864105864,28.72451162859115,34.534662691979435,-2.579331254331254,2.5305460184732085,3.6976163411542964,1.811,0.849,8.489999999999998,10,19.710601024621184,4.0048566363034315,5.094,-0.16412248169569904
36074271_19,GAS_COST=6/SEED=8/36074271_19,6.0,8,0.01,inventory,50,15,100,1005,1000,PPO_narrow,14.698464330248912,15.206727255743221,11.898064228995736,-5.6525224771034575,43.97476984260734,-11.657997937185218,-19.726314105357197,0.6954391263192942,0.7655960463347213,0.88,2.781737981485016e-145,1.1861869818920337e-126,4.164153738905636,2.0,0.0,0.0,-25.264355625466738,29.861345221919528,34.41622784978124,-0.056275322941989614,0.9116112638908335,1.3873358753576035,2.147,1.148,11.48,10,27.06595545344621,5.322527111334126,6.888,-0.1569640118631728
36074271_20,GAS_COST=6/SEED=8/36074271_20,6.0,8,0.02,inventory,0,15,100,1005,1000,PPO,5.27923825220905,17.123351704779775,6.839525308011503,-24.663120590503922,31.72491121800939,-35.42548575349658,-49.98990561542746,-0.3940366413228307,1.0396094948926269,0.714,1.7002714542755947e-21,4.1162220514337665e-27,5.27923825220905,8.0,0.0,0.0,2.883099999999998,69.80510260968059,116.80472500883685,-2.0,0.0,0.0,1.0,0.0,0.0,10,13.653190075036266,8.145510168313846,0.0,-0.22844165451336948
36074271_20,GAS_COST=6/SEED=8/36074271_20,6.0,8,0.02,inventory,0,15,100,1005,1000,PPO_narrow,6.477607686199505,17.950551852566374,7.581377161501109,-23.96664213352248,34.81409255433276,-35.36628440504408,-50.708465953253054,-0.29864590423878545,0.9643093515796797,0.73,2.0575071009793284e-28,4.557474664873838e-33,6.477607686199505,2.0,0.0,0.0,4.883099999999998,69.80510260968057,116.80472500883685,0.0,0.0,0.0,1.0,0.0,0.0,10,14.950367918276621,8.221281446766705,0.0,-0.2514787853104095
36074271_21,GAS_COST=6/SEED=8/36074271_21,6.0,8,0.02,inventory,50,15,100,1005,1000,PPO,1.6853723331193342,4.570912531185777,0.5151778243197782,-6.222062588517752,9.530812833917599,-9.854939516293024,-15.088068210264499,-0.2778710289367359,2.0983340029841244,0.541,1.612771338389869e-29,3.713733833340141e-36,0.20180884895017806,17.99153737658674,0.0,3.9435275253384865,-7.344851904090268,2.7651622002820875,48.27401707497457,1.7545839210155147,0.0,4.297110519688277,0.709,0.0,0.0,10,3.4861868921949672,1.7819738394599813,0.0,-0.018840719615651827
36074271_21,GAS_COST=6/SEED=8/36074271_21,6.0,8,0.02,inventory,50,15,100,1005,1000,PPO_narrow,2.9635514023997365,6.35523886815858,0.7923094916174023,-4.620640983789309,14.548584470580803,-9.112809275406587,-14.846724466318596,1.2584583896939847,4.192040679495665,0.531,1.233452677242241e-44,3.988805573066306e-49,1.2713068138029866,2.0,0.0,0.0,-9.692073170731707,6.7439024390243905,49.78127921554557,1.0182926829268293,0.0,0.4681640448318193,0.656,0.0,0.0,10,5.040331306312246,2.0742515170174882,0.0,-0.0025283868950209828
36074271_22,GAS_COST=6/SEED=8/36074271_22,6.0,8,0.03,inventory,0,15,100,1005,1000,PPO,-1.746982190323657,20.68745712750515,2.9172964975213063,-40.66724276245224,24.84958080293282,-56.26563859869979,-77.77347260869314,-1.0936958390873217,1.5612656380131122,0.63,0.0077288972686209165,0.14670520335954304,-1.746982190323657,16.0,0.0,0.0,2.0762000000000005,97.20257029467435,163.30558237108735,-5.0,0.0,0.0,1.0,0.0,0.0,10,10.587358193143581,11.99789726391315,0.0,-0.3364431195540908
36074271_22,GAS_COST=6/SEED=8/36074271_22,6.0,8,0.03,inventory,0,15,100,1005,1000,PPO_narrow,-0.46713026618843606,21.54692859938526,6.027048161931077,-40.118915360960415,28.03926846850437,-56.58750133318832,-77.35510022347786,-0.9843073545562355,1.4084516302955548,0.569,0.49335874241251115,0.019870203065928294,-0.46713026618843606,2.0,0.0,0.0,6.0762,97.20257029467435,163.30558237108735,-1.0,0.0,0.0,1.0,0.0,0.0,10,12.10608109675316,12.311510382966143,0.0,-0.2617009799754546
36074271_23,GAS_COST=6/SEED=8/36074271_23,6.0,8,0.03,inventory,50,15,100,1005,1000,PPO,0.0052348044240941366,0.2617806342360213,0.0,0.0,0.0,-0.10791217190990893,-0.5395608595495446,-0.2853430221302227,309.096927157213,0.003,0.5275042820641885,0.7150006546880893,-0.006841051037281141,8.0,0.0,0.0,-4.5,0.0,43.072613108563544,6.0,0.0,0.0,0.004,0.0,0.0,10,0.012033438984971744,0.006798634560877607,0.0,0.0
36074271_23,GAS_COST=6/SEED=8/36074271_23,6.0,8,0.03,inventory,50,15,100,1005,1000,PPO_narrow,0.0,0.0,0.0,0.0,0.0,0.0,0.0,,,0.0,,,0.0,,,,,,,,,,0.0,0.0,0.0,10,0.0,0.0,0.0,0.0
